id,主题,标题或描述,来源线索,来源链接,适合用在哪里,可借鉴的视觉特点,风格关键词,权利分级,使用边界,preview_image,formats,cc0_assertion
Q01,科幻地点与文明资产,Spaceships Pack,Quaternius / 官方单项 pack page,https://quaternius.com/packs/spaceships.html,科幻基地、星际文明、机械世界和科技派系场景,"A simple set of low poly spaceships! In FBX, OBJ and Blend formats, free to use in personal and commercial projects.","Quaternius CC0 3D Spaceships Pack FBX, OBJ, Blend",A-可实际使用,单项页面的 CC0 声明与下载包 license 为最终依据。部分标准包可能只提供一部分免费文件，完整包／源文件可能需购买；但页面标明的 CC0 文件可用于个人、教育与商业项目。保留具体下载版本与 license 文件。,https://quaternius.com/assets/images/fullres/spaceships.jpg,"FBX, OBJ, Blend",True
Q02,科幻地点与文明资产,Ultimate Spaceships Pack,Quaternius / 官方单项 pack page,https://quaternius.com/packs/ultimatespaceships.html,科幻基地、星际文明、机械世界和科技派系场景,"This pack includes 10 different spaceships In FBX, OBJ, glTF and Blend formats, with 5 color variations each, free to use in personal and commercial projects.","Quaternius CC0 3D Ultimate Spaceships Pack FBX, glTF, OBJ, Blend",A-可实际使用,单项页面的 CC0 声明与下载包 license 为最终依据。部分标准包可能只提供一部分免费文件，完整包／源文件可能需购买；但页面标明的 CC0 文件可用于个人、教育与商业项目。保留具体下载版本与 license 文件。,https://quaternius.com/assets/images/fullres/ultimatespaceships.jpg,"FBX, glTF, OBJ, Blend",True
Q03,城市、村庄与现代地点资产,3D Card Kit - Fantasy,Quaternius / 官方单项 pack page,https://quaternius.com/packs/3dcardkitfantasy.html,大型文明、小型社区、室内外地点和现代生活场景,"The <b>3D Card Kit - Fantasy</b> is a pack containing 50 fully modeled 3d fantasy scenes. Ideal for a board game whether digital or tabletop. Everything from spells and abilities, heroes, elements, enemies, and objects.","Quaternius CC0 3D 3D Card Kit - Fantasy FBX, glTF, OBJ, Blend",A-可实际使用,单项页面的 CC0 声明与下载包 license 为最终依据。部分标准包可能只提供一部分免费文件，完整包／源文件可能需购买；但页面标明的 CC0 文件可用于个人、教育与商业项目。保留具体下载版本与 license 文件。,https://quaternius.com/assets/images/fullres/3dcardkitfantasy.jpg,"FBX, glTF, OBJ, Blend",True
Q04,奇幻地点、建筑与道具资产,Fantasy Props MegaKit,Quaternius / 官方单项 pack page,https://quaternius.com/packs/fantasypropsmegakit.html,奇幻村庄、遗迹、地下城、叙事道具与地点身份化,"The <b>Fantasy Props MEGAKIT</b> is a pack of over 200 medieval props, ranging from weapons and tools to vegetables, potions, market stalls, chests, furniture, and more. Each model was carefully crafted using as few textures as possible for optimization (all 200 models use just 4 texture sets), and meshes with low poly counts. In the Source and Pro versions, models also include custom simple collisions and worn texture variants, effectively doubling the number of models.","Quaternius CC0 3D Fantasy Props MegaKit FBX, glTF, OBJ, Blend",A-可实际使用,单项页面的 CC0 声明与下载包 license 为最终依据。部分标准包可能只提供一部分免费文件，完整包／源文件可能需购买；但页面标明的 CC0 文件可用于个人、教育与商业项目。保留具体下载版本与 license 文件。,https://quaternius.com/assets/images/fullres/fantasypropsmegakit.jpg,"FBX, glTF, OBJ, Blend",True
Q05,生物与生态资产,Farm Animal Pack,Quaternius / 官方单项 pack page,https://quaternius.com/packs/farmanimal.html,世界生物群落、物种图鉴、生态状态与事件原型,"This pack includes 7 farm animals, each with their own animations. All in FBX, OBJ and Blend formats, free to use in personal and commercial projects.","Quaternius CC0 3D Farm Animal Pack FBX, OBJ, Blend",A-可实际使用,单项页面的 CC0 声明与下载包 license 为最终依据。部分标准包可能只提供一部分免费文件，完整包／源文件可能需购买；但页面标明的 CC0 文件可用于个人、教育与商业项目。保留具体下载版本与 license 文件。,https://quaternius.com/assets/images/fullres/farmanimal.jpg,"FBX, OBJ, Blend",True
Q06,城市、村庄与现代地点资产,Farm Buildings Pack,Quaternius / 官方单项 pack page,https://quaternius.com/packs/farmbuildings.html,大型文明、小型社区、室内外地点和现代生活场景,"This pack includes a set of farm buildings. All in FBX, OBJ and Blend formats, free to use in personal and commercial projects.","Quaternius CC0 3D Farm Buildings Pack FBX, OBJ, Blend",A-可实际使用,单项页面的 CC0 声明与下载包 license 为最终依据。部分标准包可能只提供一部分免费文件，完整包／源文件可能需购买；但页面标明的 CC0 文件可用于个人、教育与商业项目。保留具体下载版本与 license 文件。,https://quaternius.com/assets/images/fullres/farmbuildings.jpg,"FBX, OBJ, Blend",True
Q07,科幻地点与文明资产,Cyberpunk Game Kit,Quaternius / 官方单项 pack page,https://quaternius.com/packs/cyberpunkgamekit.html,科幻基地、星际文明、机械世界和科技派系场景,"A huge pack with everything you need to make a game, animated character, enemies, platforms with modular parts, turrets, and a lot more. In FBX, OBJ, glTF and Blend formats, free to use in personal and commercial projects.","Quaternius CC0 3D Cyberpunk Game Kit FBX, glTF, OBJ, Blend",A-可实际使用,单项页面的 CC0 声明与下载包 license 为最终依据。部分标准包可能只提供一部分免费文件，完整包／源文件可能需购买；但页面标明的 CC0 文件可用于个人、教育与商业项目。保留具体下载版本与 license 文件。,https://quaternius.com/assets/images/fullres/cyberpunkgamekit.jpg,"FBX, glTF, OBJ, Blend",True
Q08,奇幻地点、建筑与道具资产,Modular Dungeon Pack,Quaternius / 官方单项 pack page,https://quaternius.com/packs/medievaldungeon.html,奇幻村庄、遗迹、地下城、叙事道具与地点身份化,"This pack includes an array of dungeon assets such as barrels, torches, potions and modular wall pieces! All in FBX, OBJ and Blend formats, free to use in personal and commercial projects.","Quaternius CC0 3D Modular Dungeon Pack FBX, OBJ, Blend",A-可实际使用,单项页面的 CC0 声明与下载包 license 为最终依据。部分标准包可能只提供一部分免费文件，完整包／源文件可能需购买；但页面标明的 CC0 文件可用于个人、教育与商业项目。保留具体下载版本与 license 文件。,https://quaternius.com/assets/images/fullres/modulardungeon.jpg,"FBX, OBJ, Blend",True
Q09,角色与角色动画资产,Modular Character Outfits - Fantasy,Quaternius / 官方单项 pack page,https://quaternius.com/packs/modularcharacteroutfitsfantasy.html,居民生成、职业差异、情绪与移动／行为动画验证,"The <b>Modular Character Outfits - Fantasy</b> kit includes 12 <b>game-ready</b> character outfits, made from 62 separate modular parts, compatible with the Universal Base Characters. Designed with optimized, animation-friendly topology and rigged with a <b>Humanoid</b> rig allowing easy retargeting in any engine. Mix and match to create hundreds of unique combinations. Each outfit comes with 3 different color textures.","Quaternius CC0 3D Modular Character Outfits - Fantasy FBX, glTF, OBJ, Blend",A-可实际使用,单项页面的 CC0 声明与下载包 license 为最终依据。部分标准包可能只提供一部分免费文件，完整包／源文件可能需购买；但页面标明的 CC0 文件可用于个人、教育与商业项目。保留具体下载版本与 license 文件。,https://quaternius.com/assets/images/fullres/modularcharacteroutfitsfantasy.jpg,"FBX, glTF, OBJ, Blend",True
Q10,奇幻地点、建筑与道具资产,Modular Dungeons Pack,Quaternius / 官方单项 pack page,https://quaternius.com/packs/modulardungeon.html,奇幻村庄、遗迹、地下城、叙事道具与地点身份化,"This pack includes a set of modular dungeon assets. All in FBX, OBJ and Blend formats, free to use in personal and commercial projects.","Quaternius CC0 3D Modular Dungeons Pack FBX, OBJ, Blend",A-可实际使用,单项页面的 CC0 声明与下载包 license 为最终依据。部分标准包可能只提供一部分免费文件，完整包／源文件可能需购买；但页面标明的 CC0 文件可用于个人、教育与商业项目。保留具体下载版本与 license 文件。,https://quaternius.com/assets/images/fullres/updatedmodulardungeon.jpg,"FBX, OBJ, Blend",True
Q11,自然生态与世界环境资产,Texture Fantasy Nature Pack,Quaternius / 官方单项 pack page,https://quaternius.com/packs/texturedfantasynature.html,生态区、季节变化、农业、森林与开放世界地形,"A set of fantasy themed nature assets, including trees, flowers, bushes and mushrooms, all textured using gradients! In FBX, OBJ and Blend formats, free to use in personal and commercial projects.","Quaternius CC0 3D Texture Fantasy Nature Pack FBX, OBJ, Blend",A-可实际使用,单项页面的 CC0 声明与下载包 license 为最终依据。部分标准包可能只提供一部分免费文件，完整包／源文件可能需购买；但页面标明的 CC0 文件可用于个人、教育与商业项目。保留具体下载版本与 license 文件。,https://quaternius.com/assets/images/fullres/texturedfantasynature.jpg,"FBX, OBJ, Blend",True
Q12,角色与角色动画资产,Universal Animation Library,Quaternius / 官方单项 pack page,https://quaternius.com/packs/universalanimationlibrary.html,居民生成、职业差异、情绪与移动／行为动画验证,"The <b>Universal Animation Library</b> is a kit of 120+ animations, created using a universal humanoid rig, which is compatible with Unreal Engine, Godot and Unity, ready for retargeting. The animations cover a wide range of actions, all the locomotion movements in different directions, combat and gun, emotes and much more.","Quaternius CC0 3D Universal Animation Library FBX, GLB, glTF, OBJ, Blend",A-可实际使用,单项页面的 CC0 声明与下载包 license 为最终依据。部分标准包可能只提供一部分免费文件，完整包／源文件可能需购买；但页面标明的 CC0 文件可用于个人、教育与商业项目。保留具体下载版本与 license 文件。,https://quaternius.com/assets/images/fullres/universalanimationlibrary.jpg,"FBX, GLB, glTF, OBJ, Blend",True
Q13,角色与角色动画资产,Universal Animation Library 2,Quaternius / 官方单项 pack page,https://quaternius.com/packs/universalanimationlibrary2.html,居民生成、职业差异、情绪与移动／行为动画验证,"The <b>Universal Animation Library 2</b> is a kit of 130+ animations, created using a universal humanoid rig, which is compatible with Unreal Engine, Godot and Unity, ready for retargeting.  This kit complements the first library, covering everything from melee and armed combos, parkour movement, farming, fishing, zombie locomotion and a lot more!","Quaternius CC0 3D Universal Animation Library 2 FBX, GLB, glTF, OBJ, Blend",A-可实际使用,单项页面的 CC0 声明与下载包 license 为最终依据。部分标准包可能只提供一部分免费文件，完整包／源文件可能需购买；但页面标明的 CC0 文件可用于个人、教育与商业项目。保留具体下载版本与 license 文件。,https://quaternius.com/assets/images/fullres/universalanimationlibrary2.jpg,"FBX, GLB, glTF, OBJ, Blend",True
Q14,生物与生态资产,Animated Alien Pack,Quaternius / 官方单项 pack page,https://quaternius.com/packs/animatedalien.html,世界生物群落、物种图鉴、生态状态与事件原型,"This pack contains a cute animated alien in FBX, OBJ and Blend formats, free to use in personal and commercial projects.","Quaternius CC0 3D Animated Alien Pack FBX, OBJ, Blend",A-可实际使用,单项页面的 CC0 声明与下载包 license 为最终依据。部分标准包可能只提供一部分免费文件，完整包／源文件可能需购买；但页面标明的 CC0 文件可用于个人、教育与商业项目。保留具体下载版本与 license 文件。,https://quaternius.com/assets/images/fullres/animatedalien.jpg,"FBX, OBJ, Blend",True
Q15,生物与生态资产,Animated Dinosaur Pack,Quaternius / 官方单项 pack page,https://quaternius.com/packs/animateddinosaurs.html,世界生物群落、物种图鉴、生态状态与事件原型,"This pack includes 6 different animated dinosaurs, each with their own animations. All in FBX, OBJ and Blend formats, free to use in personal and commercial projects.","Quaternius CC0 3D Animated Dinosaur Pack FBX, OBJ, Blend",A-可实际使用,单项页面的 CC0 声明与下载包 license 为最终依据。部分标准包可能只提供一部分免费文件，完整包／源文件可能需购买；但页面标明的 CC0 文件可用于个人、教育与商业项目。保留具体下载版本与 license 文件。,https://quaternius.com/assets/images/fullres/animateddinosaurs.jpg,"FBX, OBJ, Blend",True
Q16,生物与生态资产,Animated Fish Pack,Quaternius / 官方单项 pack page,https://quaternius.com/packs/animatedfish.html,世界生物群落、物种图鉴、生态状态与事件原型,"This pack includes 7 different aquatic species, each with their own animations. All in FBX, OBJ and Blend formats, free to use in personal and commercial projects.","Quaternius CC0 3D Animated Fish Pack FBX, OBJ, Blend",A-可实际使用,单项页面的 CC0 声明与下载包 license 为最终依据。部分标准包可能只提供一部分免费文件，完整包／源文件可能需购买；但页面标明的 CC0 文件可用于个人、教育与商业项目。保留具体下载版本与 license 文件。,https://quaternius.com/assets/images/fullres/animatedfish.jpg,"FBX, OBJ, Blend",True
Q17,科幻地点与文明资产,Animated Mech Pack,Quaternius / 官方单项 pack page,https://quaternius.com/packs/animatedmech.html,科幻基地、星际文明、机械世界和科技派系场景,"This pack includes 4 different mechs, each with their own set of animations. All in FBX, OBJ and Blend formats, free to use in personal and commercial projects.","Quaternius CC0 3D Animated Mech Pack FBX, glTF, OBJ, Blend",A-可实际使用,单项页面的 CC0 声明与下载包 license 为最终依据。部分标准包可能只提供一部分免费文件，完整包／源文件可能需购买；但页面标明的 CC0 文件可用于个人、教育与商业项目。保留具体下载版本与 license 文件。,https://quaternius.com/assets/images/fullres/animatedmech.jpg,"FBX, glTF, OBJ, Blend",True
Q18,生物与生态资产,Animated Monster Pack,Quaternius / 官方单项 pack page,https://quaternius.com/packs/animatedmonster.html,世界生物群落、物种图鉴、生态状态与事件原型,"This pack includes 4 animated monsters, each with their own animations. All in FBX, OBJ and Blend formats, free to use in personal and commercial projects.","Quaternius CC0 3D Animated Monster Pack FBX, OBJ, Blend",A-可实际使用,单项页面的 CC0 声明与下载包 license 为最终依据。部分标准包可能只提供一部分免费文件，完整包／源文件可能需购买；但页面标明的 CC0 文件可用于个人、教育与商业项目。保留具体下载版本与 license 文件。,https://quaternius.com/assets/images/fullres/animatedmonster.jpg,"FBX, OBJ, Blend",True
Q19,科幻地点与文明资产,Animated Robot Pack,Quaternius / 官方单项 pack page,https://quaternius.com/packs/animatedrobot.html,科幻基地、星际文明、机械世界和科技派系场景,"This pack contains a cute animated robot in FBX, OBJ and Blend formats, free to use in personal and commercial projects.","Quaternius CC0 3D Animated Robot Pack FBX, OBJ, Blend",A-可实际使用,单项页面的 CC0 声明与下载包 license 为最终依据。部分标准包可能只提供一部分免费文件，完整包／源文件可能需购买；但页面标明的 CC0 文件可用于个人、教育与商业项目。保留具体下载版本与 license 文件。,https://quaternius.com/assets/images/fullres/animatedrobot.jpg,"FBX, OBJ, Blend",True
Q20,城市、村庄与现代地点资产,Buildings Pack,Quaternius / 官方单项 pack page,https://quaternius.com/packs/buildings.html,大型文明、小型社区、室内外地点和现代生活场景,"This pack includes a set of 9 different buildings. All in FBX, OBJ and Blend formats, free to use in personal and commercial projects.","Quaternius CC0 3D Buildings Pack FBX, OBJ, Blend",A-可实际使用,单项页面的 CC0 声明与下载包 license 为最终依据。部分标准包可能只提供一部分免费文件，完整包／源文件可能需购买；但页面标明的 CC0 文件可用于个人、教育与商业项目。保留具体下载版本与 license 文件。,https://quaternius.com/assets/images/fullres/buildings.jpg,"FBX, OBJ, Blend",True
Q21,城市、村庄与现代地点资产,Cars Pack,Quaternius / 官方单项 pack page,https://quaternius.com/packs/cars.html,大型文明、小型社区、室内外地点和现代生活场景,"This pack contains 8 different car models! All in .FBX, .OBJ and .Blend formats, free to use in both personal and commercial projects.","Quaternius CC0 3D Cars Pack FBX, OBJ, Blend",A-可实际使用,单项页面的 CC0 声明与下载包 license 为最终依据。部分标准包可能只提供一部分免费文件，完整包／源文件可能需购买；但页面标明的 CC0 文件可用于个人、教育与商业项目。保留具体下载版本与 license 文件。,https://quaternius.com/assets/images/fullres/cars.jpg,"FBX, OBJ, Blend",True
Q22,生物与生态资产,Animated Cute Fish Pack,Quaternius / 官方单项 pack page,https://quaternius.com/packs/cutefish.html,世界生物群落、物种图鉴、生态状态与事件原型,"This pack includes more than 50 animated cute fish models, along with fishing rods, lures and more. All in FBX, OBJ and Blend formats, free to use in personal and commercial projects.","Quaternius CC0 3D Animated Cute Fish Pack FBX, OBJ, Blend",A-可实际使用,单项页面的 CC0 声明与下载包 license 为最终依据。部分标准包可能只提供一部分免费文件，完整包／源文件可能需购买；但页面标明的 CC0 文件可用于个人、教育与商业项目。保留具体下载版本与 license 文件。,https://quaternius.com/assets/images/fullres/cutefish.jpg,"FBX, OBJ, Blend",True
Q23,生物与生态资产,Cute Animated Monsters Pack,Quaternius / 官方单项 pack page,https://quaternius.com/packs/cutemonsters.html,世界生物群落、物种图鉴、生态状态与事件原型,"This pack includes 21 cute animated monsters, each with their own animations and textures. All in FBX, OBJ and Blend formats, free to use in personal and commercial projects.","Quaternius CC0 3D Cute Animated Monsters Pack FBX, glTF, OBJ, Blend",A-可实际使用,单项页面的 CC0 声明与下载包 license 为最终依据。部分标准包可能只提供一部分免费文件，完整包／源文件可能需购买；但页面标明的 CC0 文件可用于个人、教育与商业项目。保留具体下载版本与 license 文件。,https://quaternius.com/assets/images/fullres/cutemonsters.jpg,"FBX, glTF, OBJ, Blend",True
Q24,城市、村庄与现代地点资产,Furniture Pack,Quaternius / 官方单项 pack page,https://quaternius.com/packs/furniture.html,大型文明、小型社区、室内外地点和现代生活场景,"This pack includes all the furniture essentials to decorate your homes! Beds, chairs, tables, you got it all! All in FBX, OBJ and Blend formats, free to use in personal and commercial projects.","Quaternius CC0 3D Furniture Pack FBX, OBJ, Blend",A-可实际使用,单项页面的 CC0 声明与下载包 license 为最终依据。部分标准包可能只提供一部分免费文件，完整包／源文件可能需购买；但页面标明的 CC0 文件可用于个人、教育与商业项目。保留具体下载版本与 license 文件。,https://quaternius.com/assets/images/fullres/furniture.jpg,"FBX, OBJ, Blend",True
Q25,城市、村庄与现代地点资产,Modular Medieval Building Pack,Quaternius / 官方单项 pack page,https://quaternius.com/packs/modularmedievalbuildings.html,大型文明、小型社区、室内外地点和现代生活场景,"This pack includes an array of medieval building pieces. All in FBX, OBJ and Blend formats, free to use in personal and commercial projects.","Quaternius CC0 3D Modular Medieval Building Pack FBX, OBJ, Blend",A-可实际使用,单项页面的 CC0 声明与下载包 license 为最终依据。部分标准包可能只提供一部分免费文件，完整包／源文件可能需购买；但页面标明的 CC0 文件可用于个人、教育与商业项目。保留具体下载版本与 license 文件。,https://quaternius.com/assets/images/fullres/medievalbuildings.jpg,"FBX, OBJ, Blend",True
Q26,城市、村庄与现代地点资产,Modular Streets Pack,Quaternius / 官方单项 pack page,https://quaternius.com/packs/modularstreets.html,大型文明、小型社区、室内外地点和现代生活场景,"This pack contains a set of modular street assets, such as different roads you can combine to make a city! All in FBX, OBJ and Blend formats, free to use in personal and commercial projects.","Quaternius CC0 3D Modular Streets Pack FBX, OBJ, Blend",A-可实际使用,单项页面的 CC0 声明与下载包 license 为最终依据。部分标准包可能只提供一部分免费文件，完整包／源文件可能需购买；但页面标明的 CC0 文件可用于个人、教育与商业项目。保留具体下载版本与 license 文件。,https://quaternius.com/assets/images/fullres/modularstreets.jpg,"FBX, OBJ, Blend",True
Q27,城市、村庄与现代地点资产,Modular Train Pack,Quaternius / 官方单项 pack page,https://quaternius.com/packs/modulartrain.html,大型文明、小型社区、室内外地点和现代生活场景,"This pack contains a variety of trains! All in .FBX, .OBJ and .Blend formats, free to use in both personal and commercial projects.","Quaternius CC0 3D Modular Train Pack FBX, OBJ, Blend",A-可实际使用,单项页面的 CC0 声明与下载包 license 为最终依据。部分标准包可能只提供一部分免费文件，完整包／源文件可能需购买；但页面标明的 CC0 文件可用于个人、教育与商业项目。保留具体下载版本与 license 文件。,https://quaternius.com/assets/images/fullres/modulartrain.jpg,"FBX, OBJ, Blend",True
Q28,城市、村庄与现代地点资产,Public Transport Pack,Quaternius / 官方单项 pack page,https://quaternius.com/packs/publictransport.html,大型文明、小型社区、室内外地点和现代生活场景,"This pack contains 12 different public transport vehicles such as an ambulance, school bus, train, and more! All in .FBX, .OBJ and .Blend formats, free to use in both personal and commercial projects.","Quaternius CC0 3D Public Transport Pack FBX, OBJ, Blend",A-可实际使用,单项页面的 CC0 声明与下载包 license 为最终依据。部分标准包可能只提供一部分免费文件，完整包／源文件可能需购买；但页面标明的 CC0 文件可用于个人、教育与商业项目。保留具体下载版本与 license 文件。,https://quaternius.com/assets/images/fullres/publictransport.jpg,"FBX, OBJ, Blend",True
Q29,城市、村庄与现代地点资产,Simple Buildings Pack,Quaternius / 官方单项 pack page,https://quaternius.com/packs/simplebuildings.html,大型文明、小型社区、室内外地点和现代生活场景,"A simple set of atlas textured buildings, including a hospital, houses and shop! All in FBX, OBJ and Blend formats, free to use in personal and commercial projects.","Quaternius CC0 3D Simple Buildings Pack FBX, OBJ, Blend",A-可实际使用,单项页面的 CC0 声明与下载包 license 为最终依据。部分标准包可能只提供一部分免费文件，完整包／源文件可能需购买；但页面标明的 CC0 文件可用于个人、教育与商业项目。保留具体下载版本与 license 文件。,https://quaternius.com/assets/images/fullres/simplebuildings.jpg,"FBX, OBJ, Blend",True
Q30,生物与生态资产,Ultimate Animated Animal Pack,Quaternius / 官方单项 pack page,https://quaternius.com/packs/ultimateanimatedanimals.html,世界生物群落、物种图鉴、生态状态与事件原型,"This pack includes 12 different animals, each with more than 12 unique animations (Attack, Death, Kicks, Gallops, Walk, Jump and many more!). All in FBX, OBJ, glTF and Blend formats, free to use in personal and commercial projects.","Quaternius CC0 3D Ultimate Animated Animal Pack FBX, glTF, OBJ, Blend",A-可实际使用,单项页面的 CC0 声明与下载包 license 为最终依据。部分标准包可能只提供一部分免费文件，完整包／源文件可能需购买；但页面标明的 CC0 文件可用于个人、教育与商业项目。保留具体下载版本与 license 文件。,https://quaternius.com/assets/images/fullres/ultimateanimatedanimal.jpg,"FBX, glTF, OBJ, Blend",True
