id,主题,标题或描述,来源线索,来源链接,适合用在哪里,可借鉴的视觉特点,风格关键词,权利分级,使用边界,main_image,release_date,credits
N01,天气、时间与动态世界,Multivariate ENSO Index Correlation with Ocean Net Primary Production Data over the North Atlantic,NASA Scientific Visualization Studio / 官方具体可视化页,https://svs.gsfc.nasa.gov/3459/,天气、昼夜、云层、气流与时间推进的动态背景或系统视图,"The SeaWiFS instrument aboard the Seastar satellite has been collecting ocean data since 1997. A check up of the Earth's planetary health reveals that the lowest rung in the ocean food chain is shrinking. For the past 20 years (early 1980s to present), phytoplankton concentrations declined as much as 30 percent in northern oceans. Scientists from NASA, the National Oceanic and Atmospheric Administration (NOAA), and Oregon State University say warmer ocean temperatures and low winds may be depriving the tiny ocean plants of necessary nutrients. However, they still do not know if the loss of phytoplankton is a long-term trend or a climate oscillation. Scientists can monitor ocean and planetary",NASA SVS 科学可视化 动态地图 世界状态 天气、时间与动态世界,A-条件可用,使用前查看具体 NASA SVS 页面与 credit；NASA 标识、机构标识和任何第三方素材不得用于产品背书。应在最终素材采用记录中保存页面 URL、credit、下载文件和版本。,https://svs.gsfc.nasa.gov/vis/a000000/a003400/a003459/noNumbers0230.jpg,2007-09-15T00:00:00-04:00,"[{'role': 'Animator', 'people': [{'name': 'Lori Perkins', 'employer': 'NASA/GSFC'}]}, {'role': 'Scientist', 'people': [{'name': 'Gene Feldman', 'employer': 'NASA/GSFC'}, {'name': 'Michael Behrenfeld', 'employer': 'Oregon State University'}]}]"
N02,文明与世界状态可视化,Earth At Night (WMS),NASA Scientific Visualization Studio / 官方具体可视化页,https://svs.gsfc.nasa.gov/2916/,文明活性、城市光照、人口、资源和排放等宏观状态图层,"This image of Earth's city lights was created with data from the Defense Meteorological Satellite Program (DMSP) Operational Linescan System (OLS). Originally designed to view clouds by moonlight, the OLS is also used to map the locations of permanent lights on the Earth's surface.The brightest areas of the Earth are the most urbanized, but not necessarily the most populated. (Compare western Europe with China and India.) Cities tend to grow along coastlines and transportation networks. Even without the underlying map, the outlines of many continents would still be visible. The United States interstate highway system appears as a lattice connecting the brighter dots of city centers. In Russi",NASA SVS 科学可视化 动态地图 世界状态 文明与世界状态可视化,A-条件可用,使用前查看具体 NASA SVS 页面与 credit；NASA 标识、机构标识和任何第三方素材不得用于产品背书。应在最终素材采用记录中保存页面 URL、credit、下载文件和版本。,https://svs.gsfc.nasa.gov/vis/a000000/a002900/a002916/earthatnight_web_searchweb.jpg,2004-02-16T12:00:00-05:00,"[{'role': 'Animator', 'people': [{'name': 'Craig Mayhew', 'employer': 'Raytheon'}, {'name': 'Robert Simmon', 'employer': 'SSAI'}]}, {'role': 'Scientist', 'people': [{'name': 'Christopher Elvidge', 'employer': 'NOAA/NGDC'}, {'name': 'Marc Imhoff', 'employer': 'NASA/GSFC'}]}]"
N03,天气、时间与动态世界,CERES Radiation Balance,NASA Scientific Visualization Studio / 官方具体可视化页,https://svs.gsfc.nasa.gov/4794/,天气、昼夜、云层、气流与时间推进的动态背景或系统视图,"The Clouds and the Earth’s Energy Radiant System (CERES) instrument is a key component of NASA’s Earth Observing System, with six active CERES instruments on satellites orbiting Earth and taking data.  For Earth’s temperature to be stable over long periods of time, absorbed solar and emitted thermal radiation must be equal. Increases in greenhouse gases, like carbon dioxide and methane, trap emitted thermal radiation from the surface and reduce how much is lost to space, resulting in a net surplus of energy into the Earth system. Most of the extra energy ends up being stored as heat in the ocean and the remainder warms the atmosphere and land, and melts snow and ice. As a consequence, global",NASA SVS 科学可视化 动态地图 世界状态 天气、时间与动态世界,A-条件可用,使用前查看具体 NASA SVS 页面与 credit；NASA 标识、机构标识和任何第三方素材不得用于产品背书。应在最终素材采用记录中保存页面 URL、credit、下载文件和版本。,https://svs.gsfc.nasa.gov/vis/a000000/a004700/a004794/GMSTA_final.1500_print.jpg,2020-02-21T08:00:00-05:00,"[{'role': 'Visualizer', 'people': [{'name': 'Trent L. Schindler', 'employer': 'USRA'}]}, {'role': 'Producer', 'people': [{'name': 'Jonathan Gleason', 'employer': 'NASA/LaRC'}, {'name': 'Jefferson Beck', 'employer': 'USRA'}, {'name': 'Ellen T. Gray', 'employer': 'ADNET Systems, Inc.'}]}, {'role': 'Writer', 'people': [{'name': 'Denise Lineberry', 'employer': 'NASA/LaRC'}]}, {'role': 'Scientist', 'people': [{'name': 'Norman Loeb', 'employer': 'NASA/LRC'}]}]"
N04,天气、时间与动态世界,2007 Arctic Sea Ice from AMSR-E with Alaska in Foreground,NASA Scientific Visualization Studio / 官方具体可视化页,https://svs.gsfc.nasa.gov/3456/,天气、昼夜、云层、气流与时间推进的动态背景或系统视图,"Sea ice is frozen seawater floating on the surface of the ocean. Some sea ice is semi-permanent, persisting from year to year, and some is seasonal, melting and refreezing from season to season. The sea ice cover reaches its minimum extent at the end of each summer and the remaining ice is called the perennial ice cover.  The 2007 Arctic summer sea ice has reached the lowest extent of perennial ice cover on record - nearly 25% less than the previous low set in 2005. The area of the perennial ice has been steadily decreasing since the satellite record began in 1979, at a rate of about 10% per decade.  But the 2007 minimum, reached on September 14, is far below the previous record made in 2005",NASA SVS 科学可视化 动态地图 世界状态 天气、时间与动态世界,A-条件可用,使用前查看具体 NASA SVS 页面与 credit；NASA 标识、机构标识和任何第三方素材不得用于产品背书。应在最终素材采用记录中保存页面 URL、credit、下载文件和版本。,https://svs.gsfc.nasa.gov/vis/a000000/a003400/a003456/AMSR_E_09_14_2007_r1.1536.jpg,2007-09-18T00:00:00-04:00,"[{'role': 'Visualizer', 'people': [{'name': 'Cindy Starr', 'employer': 'Global Science and Technology, Inc.'}]}, {'role': 'Animator', 'people': [{'name': 'Tom Bridgman', 'employer': 'Global Science and Technology, Inc.'}]}, {'role': 'Scientist', 'people': [{'name': 'Josefino Comiso', 'employer': 'NASA/GSFC'}]}]"
N05,天气、时间与动态世界,MODIS Sea Surface Temperature from 2002 to 2006,NASA Scientific Visualization Studio / 官方具体可视化页,https://svs.gsfc.nasa.gov/3388/,天气、昼夜、云层、气流与时间推进的动态背景或系统视图,"A recent study indicates there is a correlation between ocean nutrients and changes in sea surface temperature (SST). The results show that when ocean water warms, marine plant life in the form of microscopic phytoplankton tend to decline. When water cools, plant life flourishes. Changes in phytoplankton growth influence fishery yields and the amount of carbon dioxide the oceans remove from the atmosphere. This could have major implications on the future of our ocean's food web and how it relates to climate change.The temperature data in this visualization comes from the Moderate Resolution Imaging Spectroradiometer (MODIS) onboard NASA's Terra and Aqua spacecraft.In order to see the correla",NASA SVS 科学可视化 动态地图 世界状态 天气、时间与动态世界,A-条件可用,使用前查看具体 NASA SVS 页面与 credit；NASA 标识、机构标识和任何第三方素材不得用于产品背书。应在最终素材采用记录中保存页面 URL、credit、下载文件和版本。,https://svs.gsfc.nasa.gov/vis/a000000/a003300/a003388/sst_hd.1726.jpg,2006-12-05T00:00:00-05:00,"[{'role': 'Animator', 'people': [{'name': 'Alex Kekesi', 'employer': 'Global Science and Technology, Inc.'}, {'name': 'Stuart A. Snodgrass', 'employer': 'Global Science and Technology, Inc.'}, {'name': 'Lori Perkins', 'employer': 'NASA/GSFC'}]}, {'role': 'Scientist', 'people': [{'name': 'Gene Feldman', 'employer': 'NASA/GSFC'}]}]"
N06,天气、时间与动态世界,2007 Arctic Sea Ice from AMSR-E with Greenland in Foreground,NASA Scientific Visualization Studio / 官方具体可视化页,https://svs.gsfc.nasa.gov/3466/,天气、昼夜、云层、气流与时间推进的动态背景或系统视图,"Sea ice is frozen seawater floating on the surface of the ocean. Some sea ice is semi-permanent, persisting from year to year, and some is seasonal, melting and refreezing from season to season. The sea ice cover reaches its minimum extent at the end of each summer and the remaining ice is called the perennial ice cover. The 2007 Arctic summer sea ice has reached the lowest extent of perennial ice cover on record - nearly 25% less than the previous low set in 2005. The area of the perennial ice has been steadily decreasing since the satellite record began in 1979, at a rate of about 10% per decade. But the 2007 minimum, reached on September 14, is far below the previous record made in 2005 a",NASA SVS 科学可视化 动态地图 世界状态 天气、时间与动态世界,A-条件可用,使用前查看具体 NASA SVS 页面与 credit；NASA 标识、机构标识和任何第三方素材不得用于产品背书。应在最终素材采用记录中保存页面 URL、credit、下载文件和版本。,https://svs.gsfc.nasa.gov/vis/a000000/a003400/a003466/seaIce_2007_v07_r1_still.1536.jpg,2007-10-02T00:00:00-04:00,"[{'role': 'Visualizer', 'people': [{'name': 'Cindy Starr', 'employer': 'Global Science and Technology, Inc.'}]}, {'role': 'Scientist', 'people': [{'name': 'Josefino Comiso', 'employer': 'NASA/GSFC'}]}]"
N07,天气、时间与动态世界,SeaWiFS Biosphere from 1997 to 2006,NASA Scientific Visualization Studio / 官方具体可视化页,https://svs.gsfc.nasa.gov/3387/,天气、昼夜、云层、气流与时间推进的动态背景或系统视图,"The SeaWiFS instrument aboard the Seastar satellite has been collecting ocean data since 1997. By monitoring the color of reflected light via satellite, scientists can determine how successfully plant life is photosynthesizing. A measurement of photosynthesis is essentially a measurement of successful growth, and growth means successful use of ambient carbon. This animation represents nearly a decade's worth of data taken by the SeaWiFS instrument, showing the abundance of life in the sea. Dark blue represents warmer areas where there is little life due to lack of nutrients, and greens and reds represent cooler nutrient-rich areas. The nutrient-rich areas include coastal regions where cold w",NASA SVS 科学可视化 动态地图 世界状态 天气、时间与动态世界,A-条件可用,使用前查看具体 NASA SVS 页面与 credit；NASA 标识、机构标识和任何第三方素材不得用于产品背书。应在最终素材采用记录中保存页面 URL、credit、下载文件和版本。,https://svs.gsfc.nasa.gov/vis/a000000/a003300/a003387/bios_hd.0001.jpg,2006-12-05T00:00:00-05:00,"[{'role': 'Animator', 'people': [{'name': 'Alex Kekesi', 'employer': 'Global Science and Technology, Inc.'}, {'name': 'Stuart A. Snodgrass', 'employer': 'Global Science and Technology, Inc.'}, {'name': 'Lori Perkins', 'employer': 'NASA/GSFC'}]}, {'role': 'Scientist', 'people': [{'name': 'Gene Feldman', 'employer': 'NASA/GSFC'}]}]"
N08,天气、时间与动态世界,MODIS Sea Surface Temperature from 2002 to 2006 around Australia,NASA Scientific Visualization Studio / 官方具体可视化页,https://svs.gsfc.nasa.gov/3510/,天气、昼夜、云层、气流与时间推进的动态背景或系统视图,"A recent study indicates there is a correlation between ocean nutrients and changes in sea surface temperature (SST). The results show that when ocean water warms, marine plant life in the form of microscopic phytoplankton tend to decline. When water cools, plant life flourishes. Changes in phytoplankton growth influence fishery yields and the amount of carbon dioxide the oceans remove from the atmosphere. This could have major implications on the future of our ocean's food web and how it relates to climate change.The temperature data in this visualization comes from the Moderate Resolution Imaging Spectroradiometer (MODIS) onboard NASA's Terra and Aqua spacecraft.In order to see the correla",NASA SVS 科学可视化 动态地图 世界状态 天气、时间与动态世界,A-条件可用,使用前查看具体 NASA SVS 页面与 credit；NASA 标识、机构标识和任何第三方素材不得用于产品背书。应在最终素材采用记录中保存页面 URL、credit、下载文件和版本。,https://svs.gsfc.nasa.gov/vis/a000000/a003500/a003510/ssp_sst.9600.jpg,2006-12-05T00:00:00-05:00,"[{'role': 'Animator', 'people': [{'name': 'Alex Kekesi', 'employer': 'Global Science and Technology, Inc.'}]}, {'role': 'Scientist', 'people': [{'name': 'Gene Feldman', 'employer': 'NASA/GSFC'}]}]"
N09,天气、时间与动态世界,MODIS Sea Surface Temperature Highlighting the Gulf Stream (2002 to 2006),NASA Scientific Visualization Studio / 官方具体可视化页,https://svs.gsfc.nasa.gov/3389/,天气、昼夜、云层、气流与时间推进的动态背景或系统视图,"A recent study indicates a correlation between ocean nutrients and changes sea surface temperature (SST). The results show that when SSTs warm, marine plant life in the form of microscopic phytoplankton declines. Similarly, when SSTs cool, marine plant life seems to flourish. Changes in phytoplankton growth influence fishery yields and the amount of carbon dioxide the oceans remove from the atmosphere. This could have major implications on the future of our ocean's food web and how it relates to climate change.The temperature data in this visualization comes from the Moderate Resolution Imaging Spectroradiometer (MODIS) onboard NASA's Terra and Aqua spacecraft.",NASA SVS 科学可视化 动态地图 世界状态 天气、时间与动态世界,A-条件可用,使用前查看具体 NASA SVS 页面与 credit；NASA 标识、机构标识和任何第三方素材不得用于产品背书。应在最终素材采用记录中保存页面 URL、credit、下载文件和版本。,https://svs.gsfc.nasa.gov/vis/a000000/a003300/a003389/sstbeauty_v02.2217.jpg,2006-12-05T00:00:00-05:00,"[{'role': 'Animator', 'people': [{'name': 'Alex Kekesi', 'employer': 'Global Science and Technology, Inc.'}, {'name': 'Stuart A. Snodgrass', 'employer': 'Global Science and Technology, Inc.'}, {'name': 'Lori Perkins', 'employer': 'NASA/GSFC'}]}, {'role': 'Scientist', 'people': [{'name': 'Gene Feldman', 'employer': 'NASA/GSFC'}]}]"
N10,天气、时间与动态世界,Webb Confirms Seasonal Variations in Titan Climate Model,NASA Scientific Visualization Studio / 官方具体可视化页,https://svs.gsfc.nasa.gov/5530/,天气、昼夜、云层、气流与时间推进的动态背景或系统视图,"This global circulation model simulates a year of weather on Titan, depicting seasonal variations in wind currents, methane cloud cover, and sunlight over the course of a Saturn year (approximately 29.5 Earth years). New observations from the James Webb Science Telescope confirm this seasonal variation.",NASA SVS 科学可视化 动态地图 世界状态 天气、时间与动态世界,A-条件可用,使用前查看具体 NASA SVS 页面与 credit；NASA 标识、机构标识和任何第三方素材不得用于产品背书。应在最终素材采用记录中保存页面 URL、credit、下载文件和版本。,https://svs.gsfc.nasa.gov/vis/a000000/a005500/a005530/titanAtmo_velFX_5-9-2025d_summer_4k.00330_thumb.jpg,2025-05-14T08:00:59-04:00,"[{'role': 'Data visualizer', 'people': [{'name': 'AJ Christensen', 'employer': 'SSAI'}, {'name': 'Mark SubbaRao', 'employer': 'NASA/GSFC'}]}, {'role': 'Producer', 'people': [{'name': 'Dan Gallagher', 'employer': 'eMITS'}]}, {'role': 'Scientist', 'people': [{'name': 'Conor Nixon', 'employer': 'NASA/GSFC'}, {'name': 'Nicholas Lombardo', 'employer': 'Yale University'}]}]"
N11,天气、时间与动态世界,Global Views of ICESat-2 Data,NASA Scientific Visualization Studio / 官方具体可视化页,https://svs.gsfc.nasa.gov/5616/,天气、昼夜、云层、气流与时间推进的动态背景或系统视图,"ICESat-2 data products on a rotating Earth. Together they illustrate the satellite’s measurements of Earth’s land, ice, oceans, forests, and atmosphere.",NASA SVS 科学可视化 动态地图 世界状态 天气、时间与动态世界,A-条件可用,使用前查看具体 NASA SVS 页面与 credit；NASA 标识、机构标识和任何第三方素材不得用于产品背书。应在最终素材采用记录中保存页面 URL、credit、下载文件和版本。,https://svs.gsfc.nasa.gov/vis/a000000/a005600/a005616/icesat2_global_data.04340_preview.jpg,2026-03-09T13:00:00-04:00,"[{'role': 'Data visualizer', 'people': [{'name': 'Kel Elkins', 'employer': 'Science and Technology Corporation'}]}, {'role': 'Scientist', 'people': [{'name': 'Denis Felikson', 'employer': 'NASA/GSFC'}, {'name': 'Helen Amanda Fricker', 'employer': 'Scripps Institution of Oceanography, University of California, San Diego'}]}, {'role': 'Producer', 'people': [{'name': 'Ryan Fitzgibbons', 'employer': 'eMITS'}]}]"
N12,天气、时间与动态世界,2023 Atlantic Hurricane Season,NASA Scientific Visualization Studio / 官方具体可视化页,https://svs.gsfc.nasa.gov/5305/,天气、昼夜、云层、气流与时间推进的动态背景或系统视图,"The 2023 Atlantic Hurricane Season from June 1st through October 31st. The colors over the ocean are Sea Surface Temperatures where reds are high temperatures and blues are low. The colors underneath the clouds are precipitation measurements, where red is high and greens are low. Each hurricane name tracks with it's corresponding storm and leaves behind category designations (TD=Tropical Depression; TS=Tropical Storm; and 1 through 5 are hurricane strengths) as each storm increases and decreases in strength.   hurr2023_v34_ALL_2024-06-26_1103.00001_print.jpg (1024x576) [234.5 KB]   hurr2023_v34_ALL_2024-06-26_1103.00001_searchweb.png (320x180) [101.0 KB]   hurr2023_v34_ALL_2024-06-26_1103.00",NASA SVS 科学可视化 动态地图 世界状态 天气、时间与动态世界,A-条件可用,使用前查看具体 NASA SVS 页面与 credit；NASA 标识、机构标识和任何第三方素材不得用于产品背书。应在最终素材采用记录中保存页面 URL、credit、下载文件和版本。,https://svs.gsfc.nasa.gov/vis/a000000/a005300/a005305/hurr2023_v34_ALL_2024-06-26_1103.00001_print.jpg,2024-07-02T08:00:00-04:00,"[{'role': 'Data visualizer', 'people': [{'name': 'Alex Kekesi', 'employer': 'Global Science and Technology, Inc.'}, {'name': 'Greg Shirah', 'employer': 'NASA/GSFC'}, {'name': 'Kel Elkins', 'employer': 'USRA'}, {'name': 'AJ Christensen', 'employer': 'AVL NCSA/University of Illinois'}, {'name': 'Cindy Starr', 'employer': 'Global Science and Technology, Inc.'}]}, {'role': 'Data provider', 'people': [{'name': 'Alex Gurvich', 'employer': 'NASA/GSFC'}]}, {'role': 'Technical support', 'people': [{'name': 'Laurence Schuler', 'employer': 'ADNET Systems, Inc.'}, {'name': 'Ian Jones', 'employer': 'ADNET Systems, Inc.'}]}]"
N13,文明与世界状态可视化,Wyoming Red Canyon wildfire: 2025 Year in Review,NASA Scientific Visualization Studio / 官方具体可视化页,https://svs.gsfc.nasa.gov/5601/,文明活性、城市光照、人口、资源和排放等宏观状态图层,"Part of our 2025 Year in Review series examining major wildfire events, this analysis focuses on the August 2025 Red Canyon wildfire in Wyoming. Leveraging NASA's satellite data, advanced models, visualization capacity and computing power, we examine how weather conditions impacted this fire and how regional air quality affected surrounding communities.",NASA SVS 科学可视化 动态地图 世界状态 文明与世界状态可视化,A-条件可用,使用前查看具体 NASA SVS 页面与 credit；NASA 标识、机构标识和任何第三方素材不得用于产品背书。应在最终素材采用记录中保存页面 URL、credit、下载文件和版本。,https://svs.gsfc.nasa.gov/vis/a000000/a005600/a005601/event001-RED_CANYON_Wildfire_Hot_Springs_Wyoming-BlackCarbonGEOS2km-20250824_2048x1024.png,2026-01-02T12:27:00-05:00,"[{'role': 'Visualizer', 'people': [{'name': 'Zoey N. Armstrong', 'employer': 'Navteca, LLC.'}, {'name': 'Joseph V. Ardizzone', 'employer': 'NASA/GSFC'}, {'name': 'Helen-Nicole Kostis', 'employer': 'Science and Technology Corporation'}]}, {'role': 'Support', 'people': [{'name': 'Ella Kaplan', 'employer': 'Global Science and Technology, Inc.'}, {'name': 'Laurence Schuler', 'employer': 'ADNET Systems, Inc.'}, {'name': 'Ian Jones', 'employer': 'ADNET Systems, Inc.'}]}]"
N14,文明与世界状态可视化,Daily Visualizations of the Largest Wildfires in the United States: 2026,NASA Scientific Visualization Studio / 官方具体可视化页,https://svs.gsfc.nasa.gov/5639/,文明活性、城市光照、人口、资源和排放等宏观状态图层,"Wildland fires pose significant threats to ecosystems, property, and human lives. Leveraging NASA’s satellite data, advanced models, visualization capacity and computing power, we analyze fire events, monitor how weather conditions impact fires and how regional air quality affects communities. Through this webpage we offer daily updated visualizations of the two largest active wildfires events in the continental United States throughout fire season.",NASA SVS 科学可视化 动态地图 世界状态 文明与世界状态可视化,A-条件可用,使用前查看具体 NASA SVS 页面与 credit；NASA 标识、机构标识和任何第三方素材不得用于产品背书。应在最终素材采用记录中保存页面 URL、credit、下载文件和版本。,https://svs.gsfc.nasa.gov/vis/a000000/a005600/a005639/daily_wildfires_preview_image.png,2026-06-08T22:00:00-04:00,"[{'role': 'Visualizer', 'people': [{'name': 'Helen-Nicole Kostis', 'employer': 'Science and Technology Corporation'}, {'name': 'Joseph V. Ardizzone', 'employer': 'NASA/GSFC'}, {'name': 'Zoey N. Armstrong', 'employer': 'Navteca, LLC.'}]}, {'role': 'Scientist', 'people': [{'name': 'Lesley Ott', 'employer': 'NASA/GSFC'}, {'name': 'Doug Norton', 'employer': 'NASA/HQ'}, {'name': 'Tempest McCabe', 'employer': 'University of Maryland'}, {'name': 'Elijah Orland', 'employer': 'University of Maryland Baltimore County'}]}, {'role': 'Technologist', 'people': [{'name': 'Zeb Becker', 'employer': 'University of Maryland'}]}, {'role': 'EONET Team', 'people': [{'name': 'Paul Przyborski', 'employer': 'SSAI'}, {'name': 'Teddie Gelabert', 'employer': 'SSAI'}, {'name': 'Andi Thomas', 'employer': 'SSAI'}, {'name': 'Vipool Rathad', 'employer': 'ADNET Systems Inc.'}]}, {'role': 'Support', 'people': [{'name': 'Ella Kaplan', 'employer': 'ADNET Systems, Inc.'}, {'name': 'Laurence Schuler', 'employer': 'ADNET Sys"
N15,天气、时间与动态世界,"Aurora Mosaic from the Geomagnetic Storm of November 11-13, 2025",NASA Scientific Visualization Studio / 官方具体可视化页,https://svs.gsfc.nasa.gov/31374/,天气、昼夜、云层、气流与时间推进的动态背景或系统视图,A mosaic of Day/Night Band (DNB) images from the the Visible Infrared Imaging Radiometer (VIIRS) on the NOAA-20/JPSS-1 satellite showing a ring of bright auroral light extending south past 50N latitude.,NASA SVS 科学可视化 动态地图 世界状态 天气、时间与动态世界,A-条件可用,使用前查看具体 NASA SVS 页面与 credit；NASA 标识、机构标识和任何第三方素材不得用于产品背书。应在最终素材采用记录中保存页面 URL、credit、下载文件和版本。,https://svs.gsfc.nasa.gov/vis/a030000/a031300/a031374/VJ102DNB.mosaic.A2025316_DNB_gridlines_1080.png,2026-03-26T10:59:59-04:00,"[{'role': 'Visualizer', 'people': [{'name': 'Marit Jentoft-Nilsen', 'employer': 'Global Science and Technology, Inc.'}]}]"
N16,天气、时间与动态世界,Artemis II: Sending Humans Beyond the Magnetosphere,NASA Scientific Visualization Studio / 官方具体可视化页,https://svs.gsfc.nasa.gov/5622/,天气、昼夜、云层、气流与时间推进的动态背景或系统视图,"Artemis II will be the first time in over 50 years that humans venture beyond Earth's protective magnetic shield, called the magnetosphere. This visualization captures the spacecraft's journey as the Orion spacecraft leaves the safety of the magnetosphere (shown here in green) and travels into open space, where it will encounter the solar wind streaming from the Sun.",NASA SVS 科学可视化 动态地图 世界状态 天气、时间与动态世界,A-条件可用,使用前查看具体 NASA SVS 页面与 credit；NASA 标识、机构标识和任何第三方素材不得用于产品背书。应在最终素材采用记录中保存页面 URL、credit、下载文件和版本。,https://svs.gsfc.nasa.gov/vis/a000000/a005600/a005622/moonGamera_velHighRes_HD.png,2026-03-05T18:00:00-05:00,"[{'role': 'Data visualizer', 'people': [{'name': 'AJ Christensen', 'employer': 'ADNET Systems, Inc.'}, {'name': 'Kel Elkins', 'employer': 'Science and Technology Corporation'}]}, {'role': 'Scientific data support', 'people': [{'name': 'Lutz Rastaetter', 'employer': 'NASA/GSFC'}, {'name': 'Darren De Zeeuw', 'employer': 'The Catholic University of America'}]}]"
N17,天气、时间与动态世界,El Niño: Disrupting the Marine Food Web,NASA Scientific Visualization Studio / 官方具体可视化页,https://svs.gsfc.nasa.gov/4387/,天气、昼夜、云层、气流与时间推进的动态背景或系统视图,"This gallery was created for Earth Science Week 2015 and beyond. It includes a quick start guide for educators and first-hand stories (blogs) for learners of all ages by NASA visualizers, scientists and educators. We hope that your understanding and use of NASA's visualizations will only increase as your appreciation grows for the beauty of the science they portray, and the communicative power they hold. Read all the blogs and find educational resources for all ages at: the Earth Science Week 2015 page.In case you haven’t heard, El Niño is starting to make headlines this year. Often nicknamed ""the bad boy of weather,"" who is this guy?A long time ago, fishermen off the west coast of South Ame",NASA SVS 科学可视化 动态地图 世界状态 天气、时间与动态世界,A-条件可用,使用前查看具体 NASA SVS 页面与 credit；NASA 标识、机构标识和任何第三方素材不得用于产品背书。应在最终素材采用记录中保存页面 URL、credit、下载文件和版本。,https://svs.gsfc.nasa.gov/vis/a000000/a004300/a004387/Screenshot_from_2009_2015_sbs.png,2015-10-13T17:00:00-04:00,"[{'role': 'Author', 'people': [{'name': 'Stephanie Uz', 'employer': 'Global Science and Technology, Inc.'}]}, {'role': 'Project support', 'people': [{'name': 'Leann Johnson', 'employer': 'Global Science and Technology, Inc.'}]}]"
N18,自然生态与科学地图,"PACE - First Look at OCI, HARP2, and SPEXone data",NASA Scientific Visualization Studio / 官方具体可视化页,https://svs.gsfc.nasa.gov/5259/,海洋、陆地、水循环、生态和科学地图的世界状态表达,"This visualization begins with a view of the PACE spacecraft orbiting Earth.  A swath of true color imagery is exposed as the spacecraft passes over each location.  The camera then zooms into the southeastern coast of the US, revealing several data layers from the PACE science instruments, including chlorophyll, a phytoplankton community map (Picoeukaryotes, Prochlorococcus, and Synechococcus), and aerosols.   PACE_EarthDay2024.03800_print.jpg (1024x576) [142.8 KB]   PACE_EarthDay2024.03800_searchweb.png (320x180) [79.9 KB]   PACE_EarthDay2024.03800_thm.png (80x40) [6.1 KB]   PACE_EarthDay2024_1080p60.mp4 (1920x1080) [35.6 MB]   PACE_EarthDay2024 (3840x2160) [256.0 KB]   PACE_EarthDay2024_21",NASA SVS 科学可视化 动态地图 世界状态 自然生态与科学地图,A-条件可用,使用前查看具体 NASA SVS 页面与 credit；NASA 标识、机构标识和任何第三方素材不得用于产品背书。应在最终素材采用记录中保存页面 URL、credit、下载文件和版本。,https://svs.gsfc.nasa.gov/vis/a000000/a005200/a005259/PACE_EarthDay2024_part2.04500_print.jpg,2024-04-19T10:00:00-04:00,"[{'role': 'Visualizer', 'people': [{'name': 'Kel Elkins', 'employer': 'USRA'}, {'name': 'Greg Shirah', 'employer': 'NASA/GSFC'}]}, {'role': 'Technical support', 'people': [{'name': 'Laurence Schuler', 'employer': 'ADNET Systems, Inc.'}, {'name': 'Ian Jones', 'employer': 'ADNET Systems, Inc.'}]}, {'role': 'Scientist', 'people': [{'name': 'Jeremy Werdell', 'employer': 'NASA/GSFC'}, {'name': 'Kirk Knobelspiesse', 'employer': 'NASA/GSFC'}, {'name': 'Meng Gao', 'employer': 'SSAI'}, {'name': 'Ivona Cetinic', 'employer': 'Morgan State University'}]}, {'role': 'Producer', 'people': [{'name': 'Jacob Richmond', 'employer': 'NASA/GSFC'}, {'name': 'Ryan Fitzgibbons', 'employer': 'KBR Wyle Services, LLC'}]}]"
N19,自然生态与科学地图,Earth: Our Living Planet (Updated),NASA Scientific Visualization Studio / 官方具体可视化页,https://svs.gsfc.nasa.gov/4597/,海洋、陆地、水循环、生态和科学地图的世界状态表达,Twenty years of global biosphere data mapped on a slowly spinning globe.   slow_spin_4k.5542_print.jpg (1024x576) [83.1 KB]   slow_spin_4k.5542_searchweb.png (320x180) [48.3 KB]   slow_spin_4k.5542_thm.png (80x40) [4.4 KB]   1920x1080_16x9_30p (1920x1080) [0 Item(s)]   slow_spin_1080p30.webm (1920x1080) [17.8 MB]   slow_spin_1080p30.mp4 (1920x1080) [119.2 MB]   3840x2160_16x9_30p (3840x2160) [0 Item(s)]   slow_spin_4k.mp4 (3840x2160) [397.0 MB],NASA SVS 科学可视化 动态地图 世界状态 自然生态与科学地图,A-条件可用,使用前查看具体 NASA SVS 页面与 credit；NASA 标识、机构标识和任何第三方素材不得用于产品背书。应在最终素材采用记录中保存页面 URL、credit、下载文件和版本。,https://svs.gsfc.nasa.gov/vis/a000000/a004500/a004597/slow_spin_4k.5542_print.jpg,2017-11-16T15:00:00-05:00,"[{'role': 'Data visualizer', 'people': [{'name': 'Alex Kekesi', 'employer': 'Global Science and Technology, Inc.'}, {'name': 'Horace Mitchell', 'employer': 'NASA/GSFC'}, {'name': 'Greg Shirah', 'employer': 'NASA/GSFC'}, {'name': 'Cindy Starr', 'employer': 'Global Science and Technology, Inc.'}]}, {'role': 'Scientist', 'people': [{'name': 'Gene Feldman', 'employer': 'NASA/GSFC'}, {'name': 'Compton Tucker', 'employer': 'NASA/GSFC'}]}, {'role': 'Producer', 'people': [{'name': 'LK Ward', 'employer': 'USRA'}, {'name': 'Patrick Lynch', 'employer': 'NASA/GSFC'}]}, {'role': 'Data provider', 'people': [{'name': 'Norman Kuring', 'employer': 'NASA/GSFC'}, {'name': 'George Riggs', 'employer': 'SSAI'}]}]"
N20,自然生态与科学地图,"Earth's Radiation Balance, 2000-2023",NASA Scientific Visualization Studio / 官方具体可视化页,https://svs.gsfc.nasa.gov/5173/,海洋、陆地、水循环、生态和科学地图的世界状态表达,"A plotted view of planetary heat uptake since the beginning of the CERES data record showing an oscillating, monthly mean (yellow) and twelve-month running average (red line). These data show how much energy is added (absorbed) by Earth during the CERES period.   planetary_heat_anomaly.1800_print.jpg (1024x576) [69.7 KB]   planetary_heat_anomaly.1800_searchweb.png (320x180) [21.2 KB]   planetary_heat_anomaly.1800_thm.png (80x40) [3.0 KB]   phu_2023 (3840x2160) [0 Item(s)]   planetary_heat_anomaly_2160p60.mp4 (3840x2160) [4.2 MB]",NASA SVS 科学可视化 动态地图 世界状态 自然生态与科学地图,A-条件可用,使用前查看具体 NASA SVS 页面与 credit；NASA 标识、机构标识和任何第三方素材不得用于产品背书。应在最终素材采用记录中保存页面 URL、credit、下载文件和版本。,https://svs.gsfc.nasa.gov/vis/a000000/a005100/a005173/planetary_heat_anomaly.1800_print.jpg,2023-10-10T00:00:00-04:00,"[{'role': 'Visualizer', 'people': [{'name': 'Trent L. Schindler', 'employer': 'USRA'}]}, {'role': 'Producer', 'people': [{'name': 'Jonathan Gleason', 'employer': 'NASA/LaRC'}, {'name': 'Jefferson Beck', 'employer': 'USRA'}, {'name': 'Ellen T. Gray', 'employer': 'ADNET Systems, Inc.'}]}, {'role': 'Writer', 'people': [{'name': 'Denise Lineberry', 'employer': 'NASA/LaRC'}]}, {'role': 'Scientist', 'people': [{'name': 'Norman Loeb', 'employer': 'NASA/LRC'}]}]"
