id,主题,标题或描述,来源线索,来源链接,适合用在哪里,可借鉴的视觉特点,风格关键词,权利分级,使用边界,asset_id,asset_type,thumbnail_url
PX01,动态背景、城市夜景与环境光照,Rostock Arches,Poly Haven / 官方单件资产页,https://polyhaven.com/a/rostock_arches,3D 世界的昼夜、城市夜景、天气、室内外反射和宣传镜头环境光,Free 24K unclipped HDRI of a low-contrast night arcade in Rostock: soft cool uplights under vaulted arches with warm distant street lamps.,europe architecture germany street restaurant city square building town arch,A-可实际使用,Poly Haven 原始资产为 CC0；从单件页下载所需文件并归档作者、版本和来源。不可复用网站 logo、网页文案或示例 render。,rostock_arches,HDRI,https://cdn.polyhaven.com/asset_img/thumbs/rostock_arches.png?width=256&height=256
PX02,动态背景、城市夜景与环境光照,Vignaioli Night,Poly Haven / 官方单件资产页,https://polyhaven.com/a/vignaioli_night,3D 世界的昼夜、城市夜景、天气、室内外反射和宣传镜头环境光,"Unclipped, free 16K HDRI of a rainy Italian square at night: warm lamp-lit facades, glossy wet cobbles, high-contrast artificial light under partly cloudy skies.",europe building architecture lamp city street town square rain backplates,A-可实际使用,Poly Haven 原始资产为 CC0；从单件页下载所需文件并归档作者、版本和来源。不可复用网站 logo、网页文案或示例 render。,vignaioli_night,HDRI,https://cdn.polyhaven.com/asset_img/thumbs/vignaioli_night.png?width=256&height=256
PX03,动态背景、城市夜景与环境光照,Urban Courtyard 02,Poly Haven / 官方单件资产页,https://polyhaven.com/a/urban_courtyard_02,3D 世界的昼夜、城市夜景、天气、室内外反射和宣传镜头环境光,"Free 16K unclipped HDRI: overcast urban courtyard with soft, diffused morning/afternoon natural light, low contrast, muted sun and cool neutral tones.",city street building asphalt fence apartments backplates,A-可实际使用,Poly Haven 原始资产为 CC0；从单件页下载所需文件并归档作者、版本和来源。不可复用网站 logo、网页文案或示例 render。,urban_courtyard_02,HDRI,https://cdn.polyhaven.com/asset_img/thumbs/urban_courtyard_02.png?width=256&height=256
PX04,动态背景、城市夜景与环境光照,Modern Evening Street,Poly Haven / 官方单件资产页,https://polyhaven.com/a/modern_evening_street,3D 世界的昼夜、城市夜景、天气、室内外反射和宣传镜头环境光,"Free, unclipped 20k HDRI - soft dusk light on a European office street, low-contrast partly cloudy sky, cool evening tones with warm streetlamps.",building city street street light europe architecture facade evening dusk sidewalk office,A-可实际使用,Poly Haven 原始资产为 CC0；从单件页下载所需文件并归档作者、版本和来源。不可复用网站 logo、网页文案或示例 render。,modern_evening_street,HDRI,https://cdn.polyhaven.com/asset_img/thumbs/modern_evening_street.png?width=256&height=256
PX05,动态背景、城市夜景与环境光照,Modern Buildings Night,Poly Haven / 官方单件资产页,https://polyhaven.com/a/modern_buildings_night,3D 世界的昼夜、城市夜景、天气、室内外反射和宣传镜头环境光,"Free 16K unclipped HDRI of a Berlin riverside at night, high-contrast artificial lights, warm glass interiors and cool blue sky reflecting on water.",building europe river architecture lamp,A-可实际使用,Poly Haven 原始资产为 CC0；从单件页下载所需文件并归档作者、版本和来源。不可复用网站 logo、网页文案或示例 render。,modern_buildings_night,HDRI,https://cdn.polyhaven.com/asset_img/thumbs/modern_buildings_night.png?width=256&height=256
PX06,动态背景、城市夜景与环境光照,Night Bridge,Poly Haven / 官方单件资产页,https://polyhaven.com/a/night_bridge,3D 世界的昼夜、城市夜景、天气、室内外反射和宣传镜头环境光,"Free 16K HDRI, unclipped. Snowy urban night under an overcast orange sky, warm bridge lamps, soft cool snow reflections; medium contrast, subdued mood.",snow winter tree building apartments bridge path,A-可实际使用,Poly Haven 原始资产为 CC0；从单件页下载所需文件并归档作者、版本和来源。不可复用网站 logo、网页文案或示例 render。,night_bridge,HDRI,https://cdn.polyhaven.com/asset_img/thumbs/night_bridge.png?width=256&height=256
PX07,动态背景、城市夜景与环境光照,Castel St. Angelo Roof,Poly Haven / 官方单件资产页,https://polyhaven.com/a/castel_st_angelo_roof,3D 世界的昼夜、城市夜景、天气、室内外反射和宣传镜头环境光,"Unclipped free 26K HDRI of Castel St. Angelo roof in Rome - overcast, wet stone and muted skies with soft, low-contrast natural light and a cool rainy daytime mood.",europe statue roof city rome rain wet,A-可实际使用,Poly Haven 原始资产为 CC0；从单件页下载所需文件并归档作者、版本和来源。不可复用网站 logo、网页文案或示例 render。,castel_st_angelo_roof,HDRI,https://cdn.polyhaven.com/asset_img/thumbs/castel_st_angelo_roof.png?width=256&height=256
PX08,室内、建筑与地表 PBR 材质,Tatami Mat,Poly Haven / 官方单件资产页,https://polyhaven.com/a/tatami_mat,建筑、室内、道路、地形和道具的高分辨率 PBR 表面,"Free 16K tatami mat texture with woven straw surface, soft padded feel and decorative fabric edges - ideal for Japanese floors, interiors, and cultural scenes.",floor mat  tatami japanese woven traditional padding cultural,A-可实际使用,Poly Haven 原始资产为 CC0；从单件页下载所需文件并归档作者、版本和来源。不可复用网站 logo、网页文案或示例 render。,tatami_mat,PBR Texture,https://cdn.polyhaven.com/asset_img/thumbs/tatami_mat.png?width=256&height=256
PX09,室内、建筑与地表 PBR 材质,Wood Inlaid Concrete Wall,Poly Haven / 官方单件资产页,https://polyhaven.com/a/wood_inlaid_concrete_wall,建筑、室内、道路、地形和道具的高分辨率 PBR 表面,"Free 16K texture: rough concrete wall with dark inlaid aged-wood strips in a decorative brick pattern - rustic, tactile material for interiors, games, archviz.",wood concrete rough inlaid aged wood decorative brick pattern rustic,A-可实际使用,Poly Haven 原始资产为 CC0；从单件页下载所需文件并归档作者、版本和来源。不可复用网站 logo、网页文案或示例 render。,wood_inlaid_concrete_wall,PBR Texture,https://cdn.polyhaven.com/asset_img/thumbs/wood_inlaid_concrete_wall.png?width=256&height=256
PX10,室内、建筑与地表 PBR 材质,Laminate Floor 02,Poly Haven / 官方单件资产页,https://polyhaven.com/a/laminate_floor_02,建筑、室内、道路、地形和道具的高分辨率 PBR 表面,"Free 8K laminate floor texture. Smooth, even brown wood-plank material with subtle grain, light satin sheen and fine seams, clean indoor appearance.",even flat wooden floor laminate smooth tiles brown wood planks,A-可实际使用,Poly Haven 原始资产为 CC0；从单件页下载所需文件并归档作者、版本和来源。不可复用网站 logo、网页文案或示例 render。,laminate_floor_02,PBR Texture,https://cdn.polyhaven.com/asset_img/thumbs/laminate_floor_02.png?width=256&height=256
PX11,室内、建筑与地表 PBR 材质,Marble 01,Poly Haven / 官方单件资产页,https://polyhaven.com/a/marble_01,建筑、室内、道路、地形和道具的高分辨率 PBR 表面,"Free 8K marble texture of smooth, even cream-beige tiles with subtle veining and low sheen, clean indoor floor and wall material.",marble smooth even tiles,A-可实际使用,Poly Haven 原始资产为 CC0；从单件页下载所需文件并归档作者、版本和来源。不可复用网站 logo、网页文案或示例 render。,marble_01,PBR Texture,https://cdn.polyhaven.com/asset_img/thumbs/marble_01.png?width=256&height=256
PX12,室内、建筑与地表 PBR 材质,Floor Tiles 02,Poly Haven / 官方单件资产页,https://polyhaven.com/a/floor_tiles_02,建筑、室内、道路、地形和道具的高分辨率 PBR 表面,"Free 8K texture: warm beige marble floor tiles with smooth yet slightly uneven square blocks, subtle veining, dirt speckles and worn grout lines.",marble floor square tiles smooth surface stone wall dirty uneven marble blocks,A-可实际使用,Poly Haven 原始资产为 CC0；从单件页下载所需文件并归档作者、版本和来源。不可复用网站 logo、网页文案或示例 render。,floor_tiles_02,PBR Texture,https://cdn.polyhaven.com/asset_img/thumbs/floor_tiles_02.png?width=256&height=256
PX13,室内、建筑与地表 PBR 材质,Dirty Carpet,Poly Haven / 官方单件资产页,https://polyhaven.com/a/dirty_carpet,建筑、室内、道路、地形和道具的高分辨率 PBR 表面,"Free 8K texture of a dirty, faded carpet with coarse, flattened pile, discolored olive-brown tones, subtle stripe detail, worn fibers and surface grime.",carpet dirty floor textile  rug discolored faded,A-可实际使用,Poly Haven 原始资产为 CC0；从单件页下载所需文件并归档作者、版本和来源。不可复用网站 logo、网页文案或示例 render。,dirty_carpet,PBR Texture,https://cdn.polyhaven.com/asset_img/thumbs/dirty_carpet.png?width=256&height=256
PX14,室内、建筑与地表 PBR 材质,Blue Floor Tiles 01,Poly Haven / 官方单件资产页,https://polyhaven.com/a/blue_floor_tiles_01,建筑、室内、道路、地形和道具的高分辨率 PBR 表面,"Free 8K texture of weathered blue-gray brick floor tiles with damp sheen, dirt and moss-filled joints, showing worn edges and subtle surface variation.",floor moss damp wet bright walkway pavement,A-可实际使用,Poly Haven 原始资产为 CC0；从单件页下载所需文件并归档作者、版本和来源。不可复用网站 logo、网页文案或示例 render。,blue_floor_tiles_01,PBR Texture,https://cdn.polyhaven.com/asset_img/thumbs/blue_floor_tiles_01.png?width=256&height=256
PX15,室内、建筑与地表 PBR 材质,Wooden Rough Planks,Poly Haven / 官方单件资产页,https://polyhaven.com/a/wooden_rough_planks,建筑、室内、道路、地形和道具的高分辨率 PBR 表面,"Free 8K texture of rough, moss-covered round wooden planks: weathered, uneven surface with scratches, grain, and a damp green patina.",moss rough logs planks uneven round shed cabin hut lodge woods forest,A-可实际使用,Poly Haven 原始资产为 CC0；从单件页下载所需文件并归档作者、版本和来源。不可复用网站 logo、网页文案或示例 render。,wooden_rough_planks,PBR Texture,https://cdn.polyhaven.com/asset_img/thumbs/wooden_rough_planks.png?width=256&height=256
PX16,室内、家具与生活空间资产,Painted Wooden Sofa,Poly Haven / 官方单件资产页,https://polyhaven.com/a/painted_wooden_sofa,家庭、商店、餐厅、学校、办公室和生活场景的写实 3D 原型,"Free 4K model of a painted wooden sofa - vintage outdoor bench-style couch with distressed aged paint, carved details and a simple cushion.",chair outdoor couch wooden vintage aged,A-可实际使用,Poly Haven 原始资产为 CC0；从单件页下载所需文件并归档作者、版本和来源。不可复用网站 logo、网页文案或示例 render。,painted_wooden_sofa,3D Model,https://cdn.polyhaven.com/asset_img/thumbs/painted_wooden_sofa.png?width=256&height=256
PX17,室内、家具与生活空间资产,Industrial Storage Cart,Poly Haven / 官方单件资产页,https://polyhaven.com/a/industrial_storage_cart,家庭、商店、餐厅、学校、办公室和生活场景的写实 3D 原型,"Free 8K model of a weathered industrial storage cart with riveted steel frame, two trays, lower double-door cabinet, rolling casters, chipped paint and rust.",old metal steel container garage workshop rusted shed rolling workbench casters,A-可实际使用,Poly Haven 原始资产为 CC0；从单件页下载所需文件并归档作者、版本和来源。不可复用网站 logo、网页文案或示例 render。,industrial_storage_cart,3D Model,https://cdn.polyhaven.com/asset_img/thumbs/industrial_storage_cart.png?width=256&height=256
PX18,室内、家具与生活空间资产,Coffee Cart 01,Poly Haven / 官方单件资产页,https://polyhaven.com/a/CoffeeCart_01,家庭、商店、餐厅、学校、办公室和生活场景的写实 3D 原型,"Free 4K model - industrial metal coffee cart with commercial brewer, glass carafes, storage cabinet, lower shelf bin, power cord and red caster wheels.",table metal shelf plastic cart coffee portable wheels tea coffee maker mobile catering,A-可实际使用,Poly Haven 原始资产为 CC0；从单件页下载所需文件并归档作者、版本和来源。不可复用网站 logo、网页文案或示例 render。,CoffeeCart_01,3D Model,https://cdn.polyhaven.com/asset_img/thumbs/CoffeeCart_01.png?width=256&height=256
PX19,室内、家具与生活空间资产,Gothic Cabinet 01,Poly Haven / 官方单件资产页,https://polyhaven.com/a/GothicCabinet_01,家庭、商店、餐厅、学校、办公室和生活场景的写实 3D 原型,"Free 4K model: vintage Gothic wooden cabinet with ornate carved panels, iron hinges and stacked shelving - characterful furniture for period interiors.",vintage wood gothic furniture table shelf decorative,A-可实际使用,Poly Haven 原始资产为 CC0；从单件页下载所需文件并归档作者、版本和来源。不可复用网站 logo、网页文案或示例 render。,GothicCabinet_01,3D Model,https://cdn.polyhaven.com/asset_img/thumbs/GothicCabinet_01.png?width=256&height=256
PX20,室内、家具与生活空间资产,Wooden Table 03,Poly Haven / 官方单件资产页,https://polyhaven.com/a/WoodenTable_03,家庭、商店、餐厅、学校、办公室和生活场景的写实 3D 原型,"Free 4K model. Vintage wooden sideboard with worn planks, metal trim, riveted mesh cabinet door and three drawers, showing aged industrial detailing.",vintage wood prop table furniture metal shelf,A-可实际使用,Poly Haven 原始资产为 CC0；从单件页下载所需文件并归档作者、版本和来源。不可复用网站 logo、网页文案或示例 render。,WoodenTable_03,3D Model,https://cdn.polyhaven.com/asset_img/thumbs/WoodenTable_03.png?width=256&height=256
PX21,室内、家具与生活空间资产,Vintage Cabinet 01,Poly Haven / 官方单件资产页,https://polyhaven.com/a/vintage_cabinet_01,家庭、商店、餐厅、学校、办公室和生活场景的写实 3D 原型,"Free 8K model: varnished dark-wood vintage cabinet with carved detailing, glass-front upper doors, paneled lower cupboards and brass knobs.",vintage farmhouse old antique fancy wooden varnished cupboard shelf cabinet,A-可实际使用,Poly Haven 原始资产为 CC0；从单件页下载所需文件并归档作者、版本和来源。不可复用网站 logo、网页文案或示例 render。,vintage_cabinet_01,3D Model,https://cdn.polyhaven.com/asset_img/thumbs/vintage_cabinet_01.png?width=256&height=256
PX22,室内、家具与生活空间资产,Vintage Day Bed,Poly Haven / 官方单件资产页,https://polyhaven.com/a/vintage_day_bed,家庭、商店、餐厅、学校、办公室和生活场景的写实 3D 原型,"Free 8K model of a vintage day bed with worn carved wood, sagging cushion, laced pillow, and a draped floral quilt, rich in aged textures and detail.",old vintage antique wooden couch bench sofa-bed matress chaise,A-可实际使用,Poly Haven 原始资产为 CC0；从单件页下载所需文件并归档作者、版本和来源。不可复用网站 logo、网页文案或示例 render。,vintage_day_bed,3D Model,https://cdn.polyhaven.com/asset_img/thumbs/vintage_day_bed.png?width=256&height=256
PX23,室内、家具与生活空间资产,Tool Cart,Poly Haven / 官方单件资产页,https://polyhaven.com/a/tool_cart,家庭、商店、餐厅、学校、办公室和生活场景的写实 3D 原型,"Free 8K model of a worn green metal tool cart with raised-lip top, lower shelf, two side drawers, riveted frame, chipped paint, rust, and casters.",rusted metal cart drawer rolling workshop casters garage workbench,A-可实际使用,Poly Haven 原始资产为 CC0；从单件页下载所需文件并归档作者、版本和来源。不可复用网站 logo、网页文案或示例 render。,tool_cart,3D Model,https://cdn.polyhaven.com/asset_img/thumbs/tool_cart.png?width=256&height=256
PX24,载具与城市交通资产,Jacaranda Tree,Poly Haven / 官方单件资产页,https://polyhaven.com/a/jacaranda_tree,车辆、街道交通与文明基础设施原型,"Free 8K Jacaranda tree model - lush, wide canopy of dense leaves, detailed bark and branching, natural multi-trunk silhouette.",tree natural nature green plant outdoor leaf botany leaves forest jungle foliage,A-可实际使用,Poly Haven 原始资产为 CC0；从单件页下载所需文件并归档作者、版本和来源。不可复用网站 logo、网页文案或示例 render。,jacaranda_tree,3D Model,https://cdn.polyhaven.com/asset_img/thumbs/jacaranda_tree.png?width=256&height=256
PX25,室内、家具与生活空间资产,Sofa 02,Poly Haven / 官方单件资产页,https://polyhaven.com/a/sofa_02,家庭、商店、餐厅、学校、办公室和生活场景的写实 3D 原型,Free 4K model of a tufted leather sofa with carved wood frame - elegant vintage couch/prop with realistic leather and fabric cushions.,wood furniture chair prop couch leather fabric,A-可实际使用,Poly Haven 原始资产为 CC0；从单件页下载所需文件并归档作者、版本和来源。不可复用网站 logo、网页文案或示例 render。,sofa_02,3D Model,https://cdn.polyhaven.com/asset_img/thumbs/sofa_02.png?width=256&height=256
PX26,室内、家具与生活空间资产,Sofa 01,Poly Haven / 官方单件资产页,https://polyhaven.com/a/Sofa_01,家庭、商店、餐厅、学校、办公室和生活场景的写实 3D 原型,"Free 4K vintage Victorian wooden sofa - decorative gothic-style upholstered couch with carved frame, elegant seating prop for period interiors.",wood prop furniture vintage gothic chair couch victorian decorative,A-可实际使用,Poly Haven 原始资产为 CC0；从单件页下载所需文件并归档作者、版本和来源。不可复用网站 logo、网页文案或示例 render。,Sofa_01,3D Model,https://cdn.polyhaven.com/asset_img/thumbs/Sofa_01.png?width=256&height=256
PX27,室内、家具与生活空间资产,Gothic Commode 01,Poly Haven / 官方单件资产页,https://polyhaven.com/a/GothicCommode_01,家庭、商店、餐厅、学校、办公室和生活场景的写实 3D 原型,"Free 4K model: vintage Gothic wooden commode with carved arches, three drawers and decorative trim.",vintage wood table gothic shelf furniture decorative,A-可实际使用,Poly Haven 原始资产为 CC0；从单件页下载所需文件并归档作者、版本和来源。不可复用网站 logo、网页文案或示例 render。,GothicCommode_01,3D Model,https://cdn.polyhaven.com/asset_img/thumbs/GothicCommode_01.png?width=256&height=256
PX28,室内、家具与生活空间资产,Plastic Monobloc Chair 01,Poly Haven / 官方单件资产页,https://polyhaven.com/a/plastic_monobloc_chair_01,家庭、商店、餐厅、学校、办公室和生活场景的写实 3D 原型,"Free 4K model: weathered white plastic monobloc chair with scuffs, dirt and faded finish, classic cheap outdoor stacking design showing age and wear.",plastic dirty old monobloc outdoor cheap shed,A-可实际使用,Poly Haven 原始资产为 CC0；从单件页下载所需文件并归档作者、版本和来源。不可复用网站 logo、网页文案或示例 render。,plastic_monobloc_chair_01,3D Model,https://cdn.polyhaven.com/asset_img/thumbs/plastic_monobloc_chair_01.png?width=256&height=256
PX29,室内、家具与生活空间资产,Street Lamp 01,Poly Haven / 官方单件资产页,https://polyhaven.com/a/street_lamp_01,家庭、商店、餐厅、学校、办公室和生活场景的写实 3D 原型,"Free 8K model: ornate cast-iron street lamp with glass panes, exposed bulb, weathered black finish and detailed base, finial and mounting hardware.",street road light lamppost outdoor pole sidewalk night  urban city,A-可实际使用,Poly Haven 原始资产为 CC0；从单件页下载所需文件并归档作者、版本和来源。不可复用网站 logo、网页文案或示例 render。,street_lamp_01,3D Model,https://cdn.polyhaven.com/asset_img/thumbs/street_lamp_01.png?width=256&height=256
PX30,室内、家具与生活空间资产,Wooden Picnic Table,Poly Haven / 官方单件资产页,https://polyhaven.com/a/wooden_picnic_table,家庭、商店、餐厅、学校、办公室和生活场景的写实 3D 原型,"Free 4K model of a weathered wooden picnic table with attached benches, vintage worn planks, visible nail heads and rustic countryside patina.",vintage old worn park bench outdoor weathered countryside outdoor seating,A-可实际使用,Poly Haven 原始资产为 CC0；从单件页下载所需文件并归档作者、版本和来源。不可复用网站 logo、网页文案或示例 render。,wooden_picnic_table,3D Model,https://cdn.polyhaven.com/asset_img/thumbs/wooden_picnic_table.png?width=256&height=256
PX31,室内、家具与生活空间资产,Desk Lamp Arm 01,Poly Haven / 官方单件资产页,https://polyhaven.com/a/desk_lamp_arm_01,家庭、商店、餐厅、学校、办公室和生活场景的写实 3D 原型,"Free 8K model of an industrial, rigged desk lamp arm - clamp-mounted, articulated with springs, vintage workshop style.",industrial lamp mounted fixed desk table light arm,A-可实际使用,Poly Haven 原始资产为 CC0；从单件页下载所需文件并归档作者、版本和来源。不可复用网站 logo、网页文案或示例 render。,desk_lamp_arm_01,3D Model,https://cdn.polyhaven.com/asset_img/thumbs/desk_lamp_arm_01.png?width=256&height=256
PX32,室内、家具与生活空间资产,Side Table 01,Poly Haven / 官方单件资产页,https://polyhaven.com/a/side_table_01,家庭、商店、餐厅、学校、办公室和生活场景的写实 3D 原型,"Free 8K model of a minimalist wooden side table with two shelves, clean lines and warm oak finish - perfect for modern living room or bedroom interiors.",table wood minimalist modern decor living room bedroom shelf contemporary interior home wooden,A-可实际使用,Poly Haven 原始资产为 CC0；从单件页下载所需文件并归档作者、版本和来源。不可复用网站 logo、网页文案或示例 render。,side_table_01,3D Model,https://cdn.polyhaven.com/asset_img/thumbs/side_table_01.png?width=256&height=256
PX33,室内、家具与生活空间资产,Classic Nightstand 01,Poly Haven / 官方单件资产页,https://polyhaven.com/a/ClassicNightstand_01,家庭、商店、餐厅、学校、办公室和生活场景的写实 3D 原型,"Free 4K model of a vintage Victorian Gothic wooden nightstand - ornate carved details, cabriole legs and open shelf; perfect decorative table/furniture prop.",wood vintage table gothic victorian decorative,A-可实际使用,Poly Haven 原始资产为 CC0；从单件页下载所需文件并归档作者、版本和来源。不可复用网站 logo、网页文案或示例 render。,ClassicNightstand_01,3D Model,https://cdn.polyhaven.com/asset_img/thumbs/ClassicNightstand_01.png?width=256&height=256
PX34,室内、家具与生活空间资产,Steel Frame Shelves 02,Poly Haven / 官方单件资产页,https://polyhaven.com/a/steel_frame_shelves_02,家庭、商店、餐厅、学校、办公室和生活场景的写实 3D 原型,"Free 8K model of a modern industrial five-tier steel-frame shelf with wooden planks; clean, sturdy design for commercial spaces, bookshelves and displays.",commercial modern shelf bookshelf metal wood,A-可实际使用,Poly Haven 原始资产为 CC0；从单件页下载所需文件并归档作者、版本和来源。不可复用网站 logo、网页文案或示例 render。,steel_frame_shelves_02,3D Model,https://cdn.polyhaven.com/asset_img/thumbs/steel_frame_shelves_02.png?width=256&height=256
PX35,室内、家具与生活空间资产,Modern Wooden Cabinet,Poly Haven / 官方单件资产页,https://polyhaven.com/a/modern_wooden_cabinet,家庭、商店、餐厅、学校、办公室和生活场景的写实 3D 原型,"Free 8K model of a modern wooden cabinet with dark frame, vertical light-wood slatted curved doors on slim metal legs, minimalist contemporary design.",cabinet wood modern minimalist interrior living room contemporary design,A-可实际使用,Poly Haven 原始资产为 CC0；从单件页下载所需文件并归档作者、版本和来源。不可复用网站 logo、网页文案或示例 render。,modern_wooden_cabinet,3D Model,https://cdn.polyhaven.com/asset_img/thumbs/modern_wooden_cabinet.png?width=256&height=256
PX36,室内、家具与生活空间资产,School Desk 01,Poly Haven / 官方单件资产页,https://polyhaven.com/a/SchoolDesk_01,家庭、商店、餐厅、学校、办公室和生活场景的写实 3D 原型,"Free 4K model of a classic single-seat school desk with a wood top, gray metal storage shelf and adjustable tubular metal legs with worn finish.",table school desk wood metal classroom student single-seat school furniture storage-shelf metal legs student seating,A-可实际使用,Poly Haven 原始资产为 CC0；从单件页下载所需文件并归档作者、版本和来源。不可复用网站 logo、网页文案或示例 render。,SchoolDesk_01,3D Model,https://cdn.polyhaven.com/asset_img/thumbs/SchoolDesk_01.png?width=256&height=256
PX37,室内、家具与生活空间资产,Folding Wooden Stool,Poly Haven / 官方单件资产页,https://polyhaven.com/a/folding_wooden_stool,家庭、商店、餐厅、学校、办公室和生活场景的写实 3D 原型,"Free 4K model of a folding wooden stool with X-frame legs, slatted top, visible hardware and weathered, hand-finished wood textures; compact and portable.",workshop garage woodwork camping folding stool portable compact outdoor garden,A-可实际使用,Poly Haven 原始资产为 CC0；从单件页下载所需文件并归档作者、版本和来源。不可复用网站 logo、网页文案或示例 render。,folding_wooden_stool,3D Model,https://cdn.polyhaven.com/asset_img/thumbs/folding_wooden_stool.png?width=256&height=256
