recorded_at,page_id,page_label,url,identity,view_state,control_label,control_type,control_status,action_attempted,trigger_result,visible_feedback,recovery_or_close,reload_checked,evidence_path,confidence,reason_or_known_boundary
2026-08-25T10:11:28+08:00,1,Home,https://worldos.cc/,idakellams159,baseline,PAGE_DELTA_SOURCE_BASELINE,ledger-input,NOT_VERIFIED,no,no visible action,not applicable,not applicable,no,/home/ubuntu/worldos_p3_evidence/README.md,high,"Required prior PAGE_CONTROL_AUDIT / site-map inputs unavailable locally; page retained for delta-only follow-up rather than reconstructed audit"
2026-08-25T10:11:28+08:00,2,Global navigation,https://worldos.cc/worlds/create,idakellams159,logged-in,GLOBAL_NAVIGATION_BASELINE,ledger-input,NOT_VERIFIED,no,no visible action,not applicable,not applicable,no,/home/ubuntu/worldos_p3_evidence/README.md,high,"Required prior PAGE_CONTROL_AUDIT unavailable locally; existing P1/P2 reports do not provide a per-control nav inventory"
2026-08-25T10:11:28+08:00,3,World detail,,idakellams159,baseline,PAGE_DELTA_SOURCE_BASELINE,ledger-input,NOT_VERIFIED,no,no visible action,not applicable,not applicable,no,/home/ubuntu/worldos_p3_evidence/README.md,high,"Prior control-audit baseline unavailable; no third-party write will be attempted"
2026-08-25T10:11:28+08:00,4,World Search,https://worldos.cc/worlds/search,idakellams159,baseline,PAGE_DELTA_SOURCE_BASELINE,ledger-input,NOT_VERIFIED,no,no visible action,not applicable,not applicable,no,/home/ubuntu/worldos_p3_evidence/README.md,high,"Prior control-audit baseline unavailable; Phase 2 non-App discovery must not be rerun"
2026-08-25T10:11:28+08:00,5,Character library,https://worldos.cc/characters,idakellams159,baseline,PAGE_DELTA_SOURCE_BASELINE,ledger-input,NOT_VERIFIED,no,no visible action,not applicable,not applicable,no,/home/ubuntu/worldos_p3_evidence/README.md,high,"Prior control-audit baseline unavailable; no Character creation or third-party mutation in this row"
2026-08-25T10:11:28+08:00,6,Character detail,,idakellams159,baseline,PAGE_DELTA_SOURCE_BASELINE,ledger-input,NOT_VERIFIED,no,no visible action,not applicable,not applicable,no,/home/ubuntu/worldos_p3_evidence/README.md,high,"Prior control-audit baseline unavailable"
2026-08-25T10:11:28+08:00,7,Character drawer,,idakellams159,baseline,PAGE_DELTA_SOURCE_BASELINE,ledger-input,NOT_VERIFIED,no,no visible action,not applicable,not applicable,no,/home/ubuntu/worldos_p3_evidence/README.md,high,"Prior control-audit baseline unavailable; task will not create or edit a Character solely to fill an audit gap"
2026-08-25T10:11:28+08:00,8,App detail,https://worldos.cc/apps/manus-p3-merge-runtime-edge,idakellams159,owner P3 app,PAGE_DELTA_SOURCE_BASELINE,ledger-input,NOT_VERIFIED,no,no visible action,not applicable,not applicable,no,/home/ubuntu/worldos_p3_evidence/README.md,high,"Prior control-audit baseline unavailable; only own P3 App controls eligible for write-path testing"
2026-08-25T10:11:28+08:00,9,Maps,https://worldos.cc/maps,idakellams159,baseline,PAGE_DELTA_SOURCE_BASELINE,ledger-input,NOT_VERIFIED,no,no visible action,not applicable,not applicable,no,/home/ubuntu/worldos_p3_evidence/README.md,high,"Prior control-audit baseline unavailable; Map directory set-difference is Task 4 and must not be conflated"
2026-08-25T10:11:28+08:00,10,Community,https://worldos.cc/community,idakellams159,baseline,PAGE_DELTA_SOURCE_BASELINE,ledger-input,NOT_VERIFIED,no,no visible action,not applicable,not applicable,no,/home/ubuntu/worldos_p3_evidence/README.md,high,"Prior control-audit baseline unavailable; no third-party comment/favorite/rating/follow"
2026-08-25T10:11:28+08:00,11,Collections,,idakellams159,baseline,PAGE_DELTA_SOURCE_BASELINE,ledger-input,NOT_VERIFIED,no,no visible action,not applicable,not applicable,no,/home/ubuntu/worldos_p3_evidence/README.md,high,"Prior control-audit baseline unavailable; no new Collection created solely to reconstruct audit"
2026-08-25T10:11:28+08:00,12,Mine,https://worldos.cc/sims,idakellams159,baseline,PAGE_DELTA_SOURCE_BASELINE,ledger-input,NOT_VERIFIED,no,no visible action,not applicable,not applicable,no,/home/ubuntu/worldos_p3_evidence/README.md,high,"Prior control-audit baseline unavailable"
2026-08-25T10:11:28+08:00,13,Creator Profile,https://worldos.cc/profile/66a1422d-1583-4334-87d6-7389816ee278,idakellams159,owner profile,PAGE_DELTA_SOURCE_BASELINE,ledger-input,PREVIOUSLY_COVERED,no,no visible action,not applicable,not applicable,no,/home/ubuntu/worldos_p2_evidence/WORLDOS_PHASE2_EXECUTIVE_SUMMARY.md,medium,"Phase 2 verified Character profile-card rename behavior; generic Creator-field matrix must not be rerun"
2026-08-25T10:11:28+08:00,14,Account,,idakellams159,baseline,PAGE_DELTA_SOURCE_BASELINE,ledger-input,NOT_VERIFIED,no,no visible action,not applicable,not applicable,no,/home/ubuntu/worldos_p3_evidence/README.md,high,"Prior control-audit baseline unavailable; account deletion and payment out of scope"
2026-08-25T10:11:28+08:00,15,Pricing,https://worldos.cc/pricing,idakellams159,baseline,PAGE_DELTA_SOURCE_BASELINE,ledger-input,NOT_VERIFIED,no,no visible action,not applicable,not applicable,no,/home/ubuntu/worldos_p3_evidence/README.md,high,"Prior control-audit baseline unavailable; payment/membership actions prohibited"
2026-08-25T10:11:28+08:00,16,Rewards,,idakellams159,baseline,PAGE_DELTA_SOURCE_BASELINE,ledger-input,NOT_VERIFIED,no,no visible action,not applicable,not applicable,no,/home/ubuntu/worldos_p3_evidence/README.md,high,"Prior control-audit baseline unavailable; no reward redemption or purchase action"
2026-08-25T10:11:28+08:00,17,Notifications,,idakellams159,baseline,PAGE_DELTA_SOURCE_BASELINE,ledger-input,NOT_VERIFIED,no,no visible action,not applicable,not applicable,no,/home/ubuntu/worldos_p3_evidence/README.md,high,"Prior control-audit baseline unavailable; notification effects will not be inferred"
2026-08-25T10:11:28+08:00,18,Simulation,https://worldos.cc/sim/6062b6fa-f28c-4406-ac79-3092e05f8f29,idakellams159,own P3 Sample B,PAGE_DELTA_SOURCE_BASELINE,ledger-input,PREVIOUSLY_COVERED,no,no visible action,not applicable,not applicable,no,/home/ubuntu/worldos_p3_evidence/MANUS_P3_CHARACTER_MEMORY_LONGRUN.md,high,"Task 2 already observed Settings and Memory controls in own P3 Simulation; do not rerun generic Simulation audit"
2026-08-25T10:15:03+08:00,1,Home,https://worldos.cc/,idakellams159,logged-in baseline,Featured carousel slides 1-6,carousel controls,DISCOVERED_ONLY,no,no visible action,"Six slide controls visibly rendered",not applicable,no,/home/ubuntu/screenshots/worldos_cc_2026-08-25_10-15-03_9123.webp,medium,"Prior per-control baseline unavailable; not triggered to avoid rebuilding a full audit"
2026-08-25T10:15:03+08:00,1,Home,https://worldos.cc/,idakellams159,logged-in baseline,Search Worlds,search link,DISCOVERED_ONLY,no,no visible action,"Visible link to World Search",not applicable,no,/home/ubuntu/screenshots/worldos_cc_2026-08-25_10-15-03_9123.webp,high,"World Search discovery was P2 scope; link only recorded as current visible delta candidate"
2026-08-25T10:15:03+08:00,1,Home,https://worldos.cc/,idakellams159,logged-in baseline,Create a World,representative write entry,NOT_VERIFIED,no,no visible action,"Visible button; write flow not submitted from Home",not applicable,no,/home/ubuntu/screenshots/worldos_cc_2026-08-25_10-15-03_9123.webp,high,"P3 World creation separately blocked by required-cover upload tooling; no duplicate create test"
2026-08-25T10:15:03+08:00,1,Home,https://worldos.cc/,idakellams159,logged-in baseline,Category filters,filter tabs,DISCOVERED_ONLY,no,no visible action,"For You; Trending; Today; Following and multiple category buttons visible",not applicable,no,/home/ubuntu/screenshots/worldos_cc_2026-08-25_10-15-03_9123.webp,medium,"Full category census excluded from P2 re-run scope"
2026-08-25T10:15:03+08:00,2,Global navigation,https://worldos.cc/,idakellams159,logged-in baseline,Worlds / Characters / Mine / Community / App Market / Maps,navigation links,DISCOVERED_ONLY,no,no visible action,"Six primary links visible",not applicable,no,/home/ubuntu/screenshots/worldos_cc_2026-08-25_10-15-03_9123.webp,high,"Navigation is visible; source delta baseline unavailable"
2026-08-25T10:15:03+08:00,2,Global navigation,https://worldos.cc/,idakellams159,logged-in baseline,Create,menu trigger,DISCOVERED_ONLY,no,no visible action,"Create control plus World and Character choices visible",not applicable,no,/home/ubuntu/screenshots/worldos_cc_2026-08-25_10-15-03_9123.webp,medium,"No new asset creation through global menu; only P3-named assets allowed"
2026-08-25T10:15:03+08:00,2,Global navigation,https://worldos.cc/,idakellams159,logged-in baseline,Upgrade,payment / membership link,BLOCKED,no,no visible action,"Visible Upgrade link",not applicable,no,/home/ubuntu/screenshots/worldos_cc_2026-08-25_10-15-03_9123.webp,high,"Payment and membership are prohibited by task boundary"
2026-08-25T10:15:03+08:00,2,Global navigation,https://worldos.cc/,idakellams159,logged-in baseline,Share & earn Zaps,rewards trigger,DISCOVERED_ONLY,no,no visible action,"Visible rewards trigger",not applicable,no,/home/ubuntu/screenshots/worldos_cc_2026-08-25_10-15-03_9123.webp,medium,"No reward redemption or payment action"
2026-08-25T10:15:03+08:00,2,Global navigation,https://worldos.cc/,idakellams159,logged-in baseline,Zaps balance,account balance trigger,DISCOVERED_ONLY,no,no visible action,"371 visible beside Buy Zaps control",not applicable,no,/home/ubuntu/screenshots/worldos_cc_2026-08-25_10-15-03_9123.webp,high,"No purchase; balance treated only as UI observation"
2026-08-25T10:15:03+08:00,2,Global navigation,https://worldos.cc/,idakellams159,logged-in baseline,Notifications,notification drawer trigger,DISCOVERED_ONLY,no,no visible action,"Notifications control shows 3",not applicable,no,/home/ubuntu/screenshots/worldos_cc_2026-08-25_10-15-03_9123.webp,medium,"Drawer not opened yet; effects unknown"
2026-08-25T10:15:03+08:00,2,Global navigation,https://worldos.cc/,idakellams159,logged-in baseline,Owner profile,account menu trigger,DISCOVERED_ONLY,no,no visible action,"idakellams159 profile control visible",not applicable,no,/home/ubuntu/screenshots/worldos_cc_2026-08-25_10-15-03_9123.webp,medium,"Account deletion and payment excluded"
2026-08-25T10:15:32+08:00,3,World detail,https://worldos.cc/worlds/modern-day-2026,idakellams159,third-party public World,World breadcrumb / creator profile,navigation links,DISCOVERED_ONLY,no,no visible action,"Worlds breadcrumb and World101 profile link visible",not applicable,no,/home/ubuntu/screenshots/worldos_cc_2026-08-25_10-15-32_1797.webp,high,"Read-only public detail observation"
2026-08-25T10:15:32+08:00,3,World detail,https://worldos.cc/worlds/modern-day-2026,idakellams159,third-party public World,Follow,third-party write,BLOCKED,no,no visible action,"Visible Follow button",not applicable,no,/home/ubuntu/screenshots/worldos_cc_2026-08-25_10-15-32_1797.webp,high,"Task forbids third-party Follow"
2026-08-25T10:15:32+08:00,3,World detail,https://worldos.cc/worlds/modern-day-2026,idakellams159,third-party public World,Play Now / New Simulation,representative write / navigation,NOT_VERIFIED,no,no visible action,"Visible Play Now and New Simulation links",not applicable,no,/home/ubuntu/screenshots/worldos_cc_2026-08-25_10-15-32_1797.webp,high,"No third-party Simulation creation; P3 uses separate controlled simulations only"
2026-08-25T10:15:32+08:00,3,World detail,https://worldos.cc/worlds/modern-day-2026,idakellams159,third-party public World,Share,share modal trigger,DISCOVERED_ONLY,no,no visible action,"Visible Share button",not applicable,no,/home/ubuntu/screenshots/worldos_cc_2026-08-25_10-15-32_1797.webp,medium,"Not triggered because existing delta baseline unavailable"
2026-08-25T10:15:32+08:00,3,World detail,https://worldos.cc/worlds/modern-day-2026,idakellams159,third-party public World,Remix,third-party derivative write,BLOCKED,no,no visible action,"Visible Remix button",not applicable,no,/home/ubuntu/screenshots/worldos_cc_2026-08-25_10-15-32_1797.webp,high,"Task forbids third-party Remix"
2026-08-25T10:15:32+08:00,3,World detail,https://worldos.cc/worlds/modern-day-2026,idakellams159,third-party public World,Favorite count / Add to collection,third-party write,BLOCKED,no,no visible action,"Favorite count and Add to collection control visible",not applicable,no,/home/ubuntu/screenshots/worldos_cc_2026-08-25_10-15-32_1797.webp,high,"Task forbids third-party Favorite; no P3 Collection exists"
2026-08-25T10:15:32+08:00,3,World detail,https://worldos.cc/worlds/modern-day-2026,idakellams159,third-party public World,Gift,financial transfer,BLOCKED,no,no visible action,"Visible Gift button",not applicable,no,/home/ubuntu/screenshots/worldos_cc_2026-08-25_10-15-32_1797.webp,high,"Payment / actual Gift transfer prohibited; P1 Gift branch previously covered"
2026-08-25T10:15:32+08:00,3,World detail,https://worldos.cc/worlds/modern-day-2026,idakellams159,third-party public World,Show all 239 characters,expand control,DISCOVERED_ONLY,no,no visible action,"Visible character expansion control",not applicable,no,/home/ubuntu/screenshots/worldos_cc_2026-08-25_10-15-32_1797.webp,medium,"Not triggered; this is not an authorized P3 Character data set"
2026-08-25T10:15:32+08:00,3,World detail,https://worldos.cc/worlds/modern-day-2026,idakellams159,third-party public World,Leaderboard Global / Following / Score / Runs / Turns,tabs and sort controls,DISCOVERED_ONLY,no,no visible action,"Five visible leaderboard controls",not applicable,no,/home/ubuntu/screenshots/worldos_cc_2026-08-25_10-15-32_1797.webp,medium,"No full score/sort census due missing prior control baseline"
2026-08-25T10:15:32+08:00,3,World detail,https://worldos.cc/worlds/modern-day-2026,idakellams159,third-party public World,Post comment,third-party write,BLOCKED,no,no visible action,"Comment input and Post visible",not applicable,no,/home/ubuntu/screenshots/worldos_cc_2026-08-25_10-15-32_1797.webp,high,"Task forbids third-party Comment"
2026-08-25T10:15:32+08:00,3,World detail,https://worldos.cc/worlds/modern-day-2026,idakellams159,third-party public World,Your rating,disabled control,DISCOVERED_ONLY,no,no visible action,"Text says Play this world to rate it",not applicable,no,/home/ubuntu/screenshots/worldos_cc_2026-08-25_10-15-32_1797.webp,high,"Disabled-gating text visible; no Play Now action performed"
2026-08-25T10:15:56+08:00,4,World Search,https://worldos.cc/worlds/search,idakellams159,logged-in baseline,Back,back button,DISCOVERED_ONLY,no,no visible action,"Visible Back control",not applicable,no,/home/ubuntu/screenshots/worldos_cc_2026-08-25_10-15-56_3996.webp,medium,"Not triggered; browser-history tooling was Phase 2 limited"
2026-08-25T10:15:56+08:00,4,World Search,https://worldos.cc/worlds/search,idakellams159,logged-in baseline,Search worlds characters and users,search input,PREVIOUSLY_COVERED,no,no visible action,"Visible unified search input",not applicable,no,/home/ubuntu/WORLDOS_EXTERNAL_VALIDATION_REPORT.md,high,"P1/P2 already cover discovery/query behavior; do not rerun"
2026-08-25T10:15:56+08:00,4,World Search,https://worldos.cc/worlds/search,idakellams159,logged-in baseline,Clear,clear recent-searches button,DISCOVERED_ONLY,no,no visible action,"Visible Clear control above four recent searches",not applicable,no,/home/ubuntu/screenshots/worldos_cc_2026-08-25_10-15-56_3996.webp,medium,"Not activated because it would mutate retained P1/P2 search-history evidence"
2026-08-25T10:15:56+08:00,4,World Search,https://worldos.cc/worlds/search,idakellams159,logged-in baseline,Recent search chips,recent-search controls,PREVIOUSLY_COVERED,no,no visible action,"P2-named historical search chips visibly present",not applicable,no,/home/ubuntu/worldos_p2_evidence/WORLDOS_PHASE2_EXECUTIVE_SUMMARY.md,high,"P2 discovery/routing scope; not clicked"
2026-08-25T10:15:56+08:00,4,World Search,https://worldos.cc/worlds/search,idakellams159,logged-in baseline,Popular tags,tag filters,DISCOVERED_ONLY,no,no visible action,"Twelve tag controls visible",not applicable,no,/home/ubuntu/screenshots/worldos_cc_2026-08-25_10-15-56_3996.webp,medium,"No category census or query matrix rerun"
2026-08-25T10:15:56+08:00,4,World Search,https://worldos.cc/worlds/search,idakellams159,logged-in baseline,Trending World cards,navigation cards,DISCOVERED_ONLY,no,no visible action,"Public cards visible",not applicable,no,/home/ubuntu/screenshots/worldos_cc_2026-08-25_10-15-56_3996.webp,medium,"No third-party Simulation or Remix action"
2026-08-25T10:15:56+08:00,4,World Search,https://worldos.cc/worlds/search,idakellams159,logged-in baseline,Remix on third-party result,third-party derivative write,BLOCKED,no,no visible action,"Remix buttons visible on result cards",not applicable,no,/home/ubuntu/screenshots/worldos_cc_2026-08-25_10-15-56_3996.webp,high,"Task forbids third-party Remix"
2026-08-25T10:16:15+08:00,5,Character library,https://worldos.cc/characters,idakellams159,logged-in baseline,Search characters,search input,DISCOVERED_ONLY,no,no visible action,"Visible search input",not applicable,no,/home/ubuntu/screenshots/worldos_cc_2026-08-25_10-16-15_7936.webp,medium,"No character search query run; avoid reconstructing a library census"
2026-08-25T10:16:15+08:00,5,Character library,https://worldos.cc/characters,idakellams159,logged-in baseline,New character,representative write entry,NOT_VERIFIED,no,no visible action,"Visible New character button",not applicable,no,/home/ubuntu/screenshots/worldos_cc_2026-08-25_10-16-15_7936.webp,high,"No P3 Character created solely to backfill an unavailable prior control audit"
2026-08-25T10:16:15+08:00,5,Character library,https://worldos.cc/characters,idakellams159,logged-in baseline,Category filters,filter tabs,DISCOVERED_ONLY,no,no visible action,"Trending; Today; Following; 30+ topic filters visible",not applicable,no,/home/ubuntu/screenshots/worldos_cc_2026-08-25_10-16-15_7936.webp,medium,"Full filter/census verification excluded"
2026-08-25T10:16:15+08:00,5,Character library,https://worldos.cc/characters,idakellams159,logged-in baseline,Gender filters,filter tabs,DISCOVERED_ONLY,no,no visible action,"All; Male; Female; Non-binary visible",not applicable,no,/home/ubuntu/screenshots/worldos_cc_2026-08-25_10-16-15_7936.webp,medium,"Not triggered; no prior delta baseline"
2026-08-25T10:16:15+08:00,5,Character library,https://worldos.cc/characters,idakellams159,logged-in baseline,Sort by Trending,dropdown,DISCOVERED_ONLY,no,no visible action,"Visible Sort by Trending control",not applicable,no,/home/ubuntu/screenshots/worldos_cc_2026-08-25_10-16-15_7936.webp,medium,"Dropdown not opened to avoid full audit re-run"
2026-08-25T10:16:15+08:00,5,Character library,https://worldos.cc/characters,idakellams159,logged-in baseline,Content from All Time,dropdown,DISCOVERED_ONLY,no,no visible action,"Visible Content from All Time control",not applicable,no,/home/ubuntu/screenshots/worldos_cc_2026-08-25_10-16-15_7936.webp,medium,"Dropdown not opened"
2026-08-25T10:16:15+08:00,5,Character library,https://worldos.cc/characters,idakellams159,third-party cards,Card detail,directory card,DISCOVERED_ONLY,no,no visible action,"Character cards visibly expose role button",not applicable,no,/home/ubuntu/screenshots/worldos_cc_2026-08-25_10-16-15_7936.webp,medium,"No arbitrary third-party detail opened in this delta pass"
2026-08-25T10:16:15+08:00,5,Character library,https://worldos.cc/characters,idakellams159,third-party cards,Chat / Add / Favorites,third-party state or write,BLOCKED,no,no visible action,"Each visible card exposes Chat; Add; Favorite controls",not applicable,no,/home/ubuntu/screenshots/worldos_cc_2026-08-25_10-16-15_7936.webp,high,"No third-party Character add/favorite/chat during control delta; Task 2 separate P3 chats already complete"
2026-08-25T10:16:36+08:00,6,Character detail,https://worldos.cc/characters,idakellams159,public Mingyu modal,Character detail modal,modal,TRIGGERED,yes,modal,"Clicking the visible Mingyu card opened a centered Character detail modal over the library",visible X close control,no,/home/ubuntu/screenshots/worldos_cc_2026-08-25_10-16-36_5593.webp,high,"Selected Character is P3 Sample B's public source; no mutation made"
2026-08-25T10:16:36+08:00,6,Character detail,https://worldos.cc/characters,idakellams159,public Mingyu modal,Close X,modal close,DISCOVERED_ONLY,no,no visible action,"Visible X in modal corner",not applicable,no,/home/ubuntu/screenshots/worldos_cc_2026-08-25_10-16-36_5593.webp,high,"Close path not separately triggered because Task 2 already used normal back/Settings paths; modal itself is current delta evidence"
2026-08-25T10:16:36+08:00,6,Character detail,https://worldos.cc/characters,idakellams159,public Mingyu modal,Favorite,third-party state write,BLOCKED,no,no visible action,"Favorite count/control visible in modal",not applicable,no,/home/ubuntu/screenshots/worldos_cc_2026-08-25_10-16-36_5593.webp,high,"No third-party favorite"
2026-08-25T10:16:36+08:00,6,Character detail,https://worldos.cc/characters,idakellams159,public Mingyu modal,Comments input / Post,third-party write,BLOCKED,no,no visible action,"Comments input and Post visibly rendered in modal",not applicable,no,/home/ubuntu/screenshots/worldos_cc_2026-08-25_10-16-36_5593.webp,high,"No third-party comment"
2026-08-25T10:16:36+08:00,6,Character detail,https://worldos.cc/characters,idakellams159,public Mingyu modal,Chat / Add,third-party state or session action,BLOCKED,no,no visible action,"Visible Chat and Add actions in modal",not applicable,no,/home/ubuntu/screenshots/worldos_cc_2026-08-25_10-16-36_5593.webp,high,"Task 2 already created one permitted P3 separate chat; no extra chat or add in delta ledger"
2026-08-25T10:16:36+08:00,7,Character drawer,https://worldos.cc/characters,idakellams159,modal approximation,Drawer-specific UI,drawer,NOT_VERIFIED,no,no visible action,"Normal UI produced a centered detail modal rather than an independently labeled drawer",not applicable,no,/home/ubuntu/screenshots/worldos_cc_2026-08-25_10-16-36_5593.webp,medium,"Without prior PAGE_CONTROL_AUDIT, no evidence that this modal is the task's intended Character drawer; do not equate them"
2026-08-25T10:17:07+08:00,8,App detail,https://worldos.cc/apps/manus-p3-merge-runtime-edge,idakellams159,owner P3 App,Back,navigation button,DISCOVERED_ONLY,no,no visible action,"Visible Back control",not applicable,no,/home/ubuntu/screenshots/worldos_cc_2026-08-25_10-17-07_9341.webp,medium,"No separate back test"
2026-08-25T10:17:07+08:00,8,App detail,https://worldos.cc/apps/manus-p3-merge-runtime-edge,idakellams159,owner P3 App,Favorite,owner state write,NOT_VERIFIED,no,no visible action,"Visible Favorite with count 0",not applicable,no,/home/ubuntu/screenshots/worldos_cc_2026-08-25_10-17-07_9341.webp,medium,"No self-favorite; action is not needed for Task 3"
2026-08-25T10:17:07+08:00,8,App detail,https://worldos.cc/apps/manus-p3-merge-runtime-edge,idakellams159,owner P3 App,Edit,owner edit navigation,TRIGGERED,yes,navigation,"Visible Edit link points to slug-specific App Studio edit route",return via App page route,no,/home/ubuntu/screenshots/worldos_cc_2026-08-25_10-17-07_9341.webp,high,"Slug-specific editor route previously opened during Task 3 configuration; no further edit in control pass"
2026-08-25T10:17:07+08:00,8,App detail,https://worldos.cc/apps/manus-p3-merge-runtime-edge,idakellams159,owner P3 App,Delete,destructive owner action,NOT_VERIFIED,no,no visible action,"Visible Delete control",not applicable,no,/home/ubuntu/screenshots/worldos_cc_2026-08-25_10-17-07_9341.webp,high,"Deferred to final P3 cleanup; no deletion confirmation test before completion"
2026-08-25T10:17:07+08:00,8,App detail,https://worldos.cc/apps/manus-p3-merge-runtime-edge,idakellams159,owner P3 App,Install,owner installation write,NOT_VERIFIED,no,no visible action,"Visible Install control and 0 worlds use this",not applicable,no,/home/ubuntu/screenshots/worldos_cc_2026-08-25_10-17-07_9341.webp,high,"Task 3 World prerequisite is TOOLING_BLOCKED; P1 install branch must not be rerun"
2026-08-25T10:17:07+08:00,8,App detail,https://worldos.cc/apps/manus-p3-merge-runtime-edge,idakellams159,owner P3 App,Rating stars / Submit,rating write,NOT_VERIFIED,no,no visible action,"Five star controls and Submit visible",not applicable,no,/home/ubuntu/screenshots/worldos_cc_2026-08-25_10-17-07_9341.webp,high,"Rating is out of scope; do not self-rate or repeat P1 rating-related prohibition"
2026-08-25T10:17:07+08:00,8,App detail,https://worldos.cc/apps/manus-p3-merge-runtime-edge,idakellams159,owner P3 App,Reset preview,live-demo reset,DISCOVERED_ONLY,no,no visible action,"Visible Reset preview icon",not applicable,no,/home/ubuntu/screenshots/worldos_cc_2026-08-25_10-17-07_9341.webp,medium,"Not triggered; it would alter live-demo session state without aiding phase delta"
2026-08-25T10:17:07+08:00,8,App detail,https://worldos.cc/apps/manus-p3-merge-runtime-edge,idakellams159,owner P3 App,Dirty A v1 / Clean B v1 no-op,normal App UI actions,DISCOVERED_ONLY,no,no visible action,"Both visible inspector buttons render",not applicable,no,/home/ubuntu/screenshots/worldos_cc_2026-08-25_10-17-07_9341.webp,high,"Runtime interactions cannot meet A/B/fresh requirement because World prerequisite is TOOLING_BLOCKED"
2026-08-25T10:17:07+08:00,8,App detail,https://worldos.cc/apps/manus-p3-merge-runtime-edge,idakellams159,owner P3 App,Comment input / Post,owner write,NOT_VERIFIED,no,no visible action,"Comment input and Post visible",not applicable,no,/home/ubuntu/screenshots/worldos_cc_2026-08-25_10-17-07_9341.webp,high,"No comment, even on own App, because it is unrelated to requested migration/control delta"
2026-08-25T10:17:41+08:00,10,Community,https://worldos.cc/community,idakellams159,logged-in baseline,Discord / Reddit Join,external navigation links,DISCOVERED_ONLY,no,no visible action,"Two Join links visible",not applicable,no,/home/ubuntu/screenshots/worldos_cc_2026-08-25_10-17-41_8427.webp,medium,"External communities not opened during bounded WorldOS control delta"
2026-08-25T10:17:41+08:00,10,Community,https://worldos.cc/community,idakellams159,logged-in baseline,Create a world,representative write entry,NOT_VERIFIED,no,no visible action,"Visible Community create entry",not applicable,no,/home/ubuntu/screenshots/worldos_cc_2026-08-25_10-17-41_8427.webp,high,"Task 3 showed blank World create flow blocked by required-cover upload; no duplicate create"
2026-08-25T10:17:41+08:00,10,Community,https://worldos.cc/community,idakellams159,logged-in baseline,Follow us social links,external navigation links,DISCOVERED_ONLY,no,no visible action,"TikTok; YouTube; Instagram; X links visible",not applicable,no,/home/ubuntu/screenshots/worldos_cc_2026-08-25_10-17-41_8427.webp,medium,"No external site navigation"
2026-08-25T10:17:41+08:00,10,Community,https://worldos.cc/community,idakellams159,logged-in baseline,Leaderboard dimensions,leaderboard tabs,DISCOVERED_ONLY,no,no visible action,"Players and Creators dimension controls plus Supporters visible",not applicable,no,/home/ubuntu/screenshots/worldos_cc_2026-08-25_10-17-41_8427.webp,medium,"No broad ranking/census test; missing prior control baseline"
2026-08-25T10:17:41+08:00,10,Community,https://worldos.cc/community,idakellams159,third-party World cards,Remix,third-party derivative write,BLOCKED,no,no visible action,"Remix controls visibly repeat on community World cards",not applicable,no,/home/ubuntu/screenshots/worldos_cc_2026-08-25_10-17-41_8427.webp,high,"Task prohibits third-party Remix"
