sample,character_name,character_source_visible,author_or_remix_visibility,identity,simulation_url,checkpoint_url,turn_index,checkpoint_label,timestamp,preconditions,input_kind,input_token_or_summary,action,visible_feedback,memory_count,memory_text,earliest_included_token,latest_included_token,omitted_tail,generated_memory_count,editable_state,before_state,after_state,reload_persistence,screenshot_or_video,confidence,status,known_boundary
A,Paul Banks,NYC,Author/remix not exposed in observed normal detail,Owner idakellams159,https://worldos.cc/sim/fa53cd75-4e45-4812-993f-d83c08423626,,0,T0,2026-08-25T09:11:27+08:00,Fresh Chat successfully opened and Settings > Memory reached,none,none,Open Memory panel,"Visible text: No memories recorded yet. Summaries appear every few turns.",0,,,none,0,No memory entry available,Fresh Chat with no recorded memory,No memories recorded,Not applicable,/home/ubuntu/screenshots/worldos_cc_2026-08-25_09-11-27_5790.webp,High,CONFIRMED,"Observed sample source shown as NYC; author identity and non-Remix status are not exposed in this UI, so those selection attributes remain UNKNOWN."
A,Paul Banks,NYC,Author/remix not exposed in observed normal detail,Owner idakellams159,https://worldos.cc/sim/fa53cd75-4e45-4812-993f-d83c08423626,,5,T5,2026-08-25T09:15:22+08:00,Five completed normal Chat rounds with unique tokens A-T01-X7Q through A-T05-N9P,checkpoint check,none,Open Settings > Memory,"Visible text remained: No memories recorded yet. Summaries appear every few turns.",0,,,A-T01-X7Q through A-T05-N9P,0,No memory entry available,T0 empty memory,No memory recorded at T5,Not yet tested,/home/ubuntu/screenshots/worldos_cc_2026-08-25_09-11-27_5790.webp,High,CONFIRMED,"First automatic Memory was not observed by T5 for this Character/chat. This is an interval-bound observation, not a global threshold."
A,Paul Banks,NYC,Author/remix not exposed in observed normal detail,Owner idakellams159,https://worldos.cc/sim/fa53cd75-4e45-4812-993f-d83c08423626,,10,T10,2026-08-25T09:20:11+08:00,Ten completed normal Chat rounds including a three-paragraph input at A-T10-Y8E,checkpoint check,A-T01-X7Q through A-T10-Y8E,Open Settings > Memory,"Visible text remained: No memories recorded yet. Summaries appear every few turns.",0,,,A-T01-X7Q through A-T10-Y8E,0,No memory entry available,T5 no recorded memory,T10 no recorded memory,Not yet tested,/home/ubuntu/screenshots/worldos_cc_2026-08-25_09-11-27_5790.webp,High,CONFIRMED,"No automatic Memory was visible through T10 despite ten completed inputs and a long three-paragraph sample. The product's stated 'few turns' cadence is not a verified threshold."
A,Paul Banks,NYC,Author/remix not exposed in observed normal detail,Owner idakellams159,https://worldos.cc/sim/fa53cd75-4e45-4812-993f-d83c08423626,,15,T15,2026-08-25T09:24:50+08:00,Fifteen completed normal Chat rounds,checkpoint check,A-T01-X7Q through A-T15-Z6Q,Open Settings > Memory,"Visible text remained: No memories recorded yet. Summaries appear every few turns.",0,,,A-T01-X7Q through A-T15-Z6Q,0,No memory entry available,T10 no recorded memory,T15 no recorded memory,Not yet tested,/home/ubuntu/screenshots/worldos_cc_2026-08-25_09-11-27_5790.webp,High,CONFIRMED,"No automatic Memory item was visible at T15. This does not establish that no Memory can ever appear after 15 turns."
A,Paul Banks,NYC,Author/remix not exposed in observed normal detail,Owner idakellams159,https://worldos.cc/sim/fa53cd75-4e45-4812-993f-d83c08423626,,20,T20,2026-08-25T09:28:13+08:00,Twenty completed normal Chat rounds with unique tokens A-T01-X7Q through A-T20-E7W; T20 was a cohesive recap of prior notebook/rain/tea observations,checkpoint check,A-T01-X7Q through A-T20-E7W,Open Settings > Memory,"Visible text remained: No memories recorded yet. Summaries appear every few turns.",0,,,A-T01-X7Q through A-T20-E7W,0,No memory entry available,T15 no recorded memory,T20 no recorded memory,Not yet tested,/home/ubuntu/screenshots/worldos_cc_2026-08-25_09-11-27_5790.webp,High,CONFIRMED,No automatic Memory item was visible at the T20 checkpoint in this Chat. The visible UI stated a general cadence but does not identify a guaranteed threshold or prove a global rule.
A,Paul Banks,NYC,Author/remix not exposed in observed normal detail,Owner idakellams159,https://worldos.cc/sim/fa53cd75-4e45-4812-993f-d83c08423626,https://worldos.cc/sim/f9302cfd-9c74-44d7-bb5c-c28a22430a24,20,T20-checkpoint,2026-08-25T09:29:48+08:00,T20 Memory empty; no earlier checkpoint had been created,checkpoint creation,MANUS-P3-A-T20-Memory-Baseline,Create checkpoint then open Saves,"Saves visibly listed: Checkpoint MANUS-P3-A-T20-Memory-Baseline Turn 20 · 8/25/2026.",0,,,Not applicable,0,No Memory item at creation time,No checkpoint branch verified before request,Checkpoint branch visible in Saves,Not applicable,/home/ubuntu/screenshots/worldos_cc_2026-08-25_09-29-48_8216.webp,High,CONFIRMED,The visible Saves row confirms branch creation and URL only; no Memory semantics or checkpoint content persistence was tested.
A,Paul Banks,NYC,Author/remix not exposed in observed normal detail,Owner idakellams159,https://worldos.cc/sim/fa53cd75-4e45-4812-993f-d83c08423626,,22,T22-input-path,2026-08-25T09:31:53+08:00,T21 was visibly present and normal reply suggestions were shown; after returning from Saves, visible transcript locally duplicated A-T19 and did not expose A-T20-E7W in the current rendered tail,normal Chat input,A-T22-C8N,Two Enter submissions plus one text-entry-plus-visible-Send-button-path attempt,"The intended A-T22-C8N did not appear in the visible chat tail after the first two normal Enter attempts. On the third path the textarea visibly contained a product suggestion rather than the intended text; a controlled A-T22 user message was not visibly confirmed.",0,,,Not applicable,0,No memory observation made because T23 was not reached,Last confirmed Memory check was T20,Controlled progression blocked before T22/T23,Not tested,/home/ubuntu/screenshots/worldos_cc_2026-08-25_09-31-31_4348.webp; /home/ubuntu/screenshots/worldos_cc_2026-08-25_09-31-53_4398.webp,Medium,TOOLING_BLOCKED,Per stop rule this is three unsuccessful visible-UI attempts to place the same controlled T22 token. It is recorded as automation/UI-path unreliability, not product behavior; no fourth retry or further Sample A input is performed.
B,Mingyu (SEVENTEEN),偶像团体,Author/remix not exposed in observed normal Library card,Owner idakellams159,https://worldos.cc/sim/6062b6fa-f28c-4406-ac79-3092e05f8f29,,0,T0,2026-08-25T09:34:20+08:00,Fresh Chat opened from public Character Library; visible source differs from Sample A’s NYC source,none,none,Open Settings > Memory,"Visible text: No memories recorded yet. Summaries appear every few turns.",0,,,none,0,No memory entry available,Fresh Chat with no recorded memory,No memories recorded,Not applicable,/home/ubuntu/screenshots/worldos_cc_2026-08-25_09-11-27_5790.webp,High,CONFIRMED,Library card visibly showed Mingyu (SEVENTEEN) and source 偶像团体. It did not expose author identity or Remix/non-Remix status, so those selection attributes remain UNKNOWN.
B,Mingyu (SEVENTEEN),偶像团体,Author/remix not exposed in observed normal Library card,Owner idakellams159,https://worldos.cc/sim/6062b6fa-f28c-4406-ac79-3092e05f8f29,,5,T5,2026-08-25T09:37:46+08:00,Five completed normal Chat rounds with B-T01-A7K through B-T05-L9S,checkpoint check,B-T01-A7K through B-T05-L9S,Open Settings > Memory,"Visible text remained: No memories recorded yet. Summaries appear every few turns.",0,,,B-T01-A7K through B-T05-L9S,0,No memory entry available,T0 empty memory,T5 no recorded memory,Not yet tested,/home/ubuntu/screenshots/worldos_cc_2026-08-25_09-11-27_5790.webp,High,CONFIRMED,No automatic Memory item was visible at T5 in Sample B. The visible cadence statement is not a fixed or general threshold. The World Model menu displayed only Zaps-costing official alternatives, so no free model variation was applied.
B,Mingyu (SEVENTEEN),偶像团体,Author/remix not exposed in observed normal Library card,Owner idakellams159,https://worldos.cc/sim/6062b6fa-f28c-4406-ac79-3092e05f8f29,,10,T10,2026-08-25T09:40:54+08:00,Ten completed normal Chat rounds with B-T01-A7K through B-T10-N2Y; T10 contained three connected factual paragraphs about the folded ticket charcoal marks dried rain warm table station clock and small-moon lights,checkpoint check,B-T01-A7K through B-T10-N2Y,Open Settings > Memory,"Visible text remained: No memories recorded yet. Summaries appear every few turns.",0,,,B-T01-A7K through B-T10-N2Y,0,No memory entry available,T5 no recorded memory,T10 no recorded memory,Not yet tested,/home/ubuntu/screenshots/worldos_cc_2026-08-25_09-11-27_5790.webp,High,CONFIRMED,No automatic Memory item was visible in Sample B at T10 despite the long coherent T10 input. This does not establish a fixed threshold or a global Memory rule.
B,Mingyu (SEVENTEEN),偶像团体,Author/remix not exposed in observed normal Library card,Owner idakellams159,https://worldos.cc/sim/6062b6fa-f28c-4406-ac79-3092e05f8f29,,15,T15,2026-08-25T09:43:45+08:00,Fifteen completed normal Chat rounds with B-T01-A7K through B-T15-V8H; each input was semantic and tracked notebook ticket pencil meal clock and lights details,checkpoint check,B-T01-A7K through B-T15-V8H,Open Settings > Memory,"Visible text remained: No memories recorded yet. Summaries appear every few turns.",0,,,B-T01-A7K through B-T15-V8H,0,No memory entry available,T10 no recorded memory,T15 no recorded memory,Not yet tested,/home/ubuntu/screenshots/worldos_cc_2026-08-25_09-11-27_5790.webp,High,CONFIRMED,No automatic Memory item was visible at T15 in Sample B. The observation is limited to this independent chat and does not establish a fixed or general threshold.
B,Mingyu (SEVENTEEN),偶像团体,Author/remix not exposed in observed normal Library card,Owner idakellams159,https://worldos.cc/sim/6062b6fa-f28c-4406-ac79-3092e05f8f29,,20,T20,2026-08-25T09:46:42+08:00,T20 completed after B-T01-A7K through B-T20-H8Q; T20 contained three connected paragraphs retaining folded ticket charcoal pencil orange notebook wet street small-moon lights warm table and station clock facts,first positive checkpoint,B-T01-A7K through B-T20-H8Q,Open Settings > Memory,"One visible Memory card. Text: After a grueling five-hour practice, Mingyu’s exhaustion was quickly replaced by curiosity when he began exchanging messages with the player, who spent the day documenting memories in a mysterious orange notebook. From poetic observations of rain-slicked streets to details about a folded train ticket, the player’s artistic entries captivated Mingyu, leading to a playful tug-of-war for attention. The two eventually met for a dinner date, where Mingyu, acting as the charmingly insistent host, tried to compete with the notebook for the player’s focus. Despite his mock jealousy and frequent teasing about being 'second place' to the charcoal-penciled pages, Mingyu was clearly enamored, constantly finding ways to shift the conversation from the past to the present moment. By the time they reached the player's home, the dynamic had evolved into a flirtatious and intimate dance. As the rain cleared, Mingyu issued a final, confident challenge, daring the player to abandon their writing in favor of 'real-life' memories. With the notebook finally tucked away, the professional and somewhat competitive tension between the idol and the player shifted into a budding, heartfelt connection, leaving the evening open for whatever 'distraction' Mingyu had planned next.",1,B-T01-A7K,B-T20-H8Q,B-T01-A7K through B-T20-H8Q,0,Visible Edit button for the one Memory card,T15 no recorded memory,T20 one visible memory,Adjacent visible range bounded only by T15 no-memory and T20 one-memory,/home/ubuntu/screenshots/worldos_cc_2026-08-25_09-46-42_8418.webp,High,CONFIRMED,Sample B first visible automatic Memory appeared between the T15 and T20 checkpoints inclusive. The exact creation turn is not observed. This result is sample-specific and is not a fixed or global threshold.
B,Mingyu (SEVENTEEN),偶像团体,Author/remix not exposed in observed normal Library card,Owner idakellams159,https://worldos.cc/sim/6062b6fa-f28c-4406-ac79-3092e05f8f29,,20,T20-manual-conflict,2026-08-25T09:48:20+08:00,One visible Memory card after T20; original fact phrase 'folded train ticket' was replaced only with the explicit conflict token MANUAL_CONFLICT_B,manual conflict edit and reload,Memory #1,Click Edit; replace one fact; click visible Save; normal browser reload,"Saved display returned to one read-only Memory card containing MANUAL_CONFLICT_B. After reload, the same one card still visibly contained MANUAL_CONFLICT_B.",1,B-T01-A7K,B-T20-H8Q,B-T01-A7K through B-T20-H8Q,0,Edit control remained visible,Pre-edit automatic card with 'folded train ticket',Post-save plus reload: one card with MANUAL_CONFLICT_B,Reload persistence confirmed;/home/ubuntu/screenshots/worldos_cc_2026-08-25_09-48-07_4765.webp;/home/ubuntu/screenshots/worldos_cc_2026-08-25_09-48-07_4765.webp,High,CONFIRMED,The saved manual conflict token persisted through one normal visible browser reload. Its later interaction with new Memory generation and AI recall is not yet verified.
B,Mingyu (SEVENTEEN),偶像团体,Author/remix not exposed in observed normal Library card,Owner idakellams159,https://worldos.cc/sim/6062b6fa-f28c-4406-ac79-3092e05f8f29,,23,T23,2026-08-25T09:50:47+08:00,T20 manual edit saved and survived one reload; B-T21-M5X through B-T23-C7V completed,T23 post-edit checkpoint,B-T01-A7K through B-T23-C7V,Open Settings > Memory,"One visible Memory card only; it still contains MANUAL_CONFLICT_B and no additional card is visible.",1,B-T01-A7K,B-T20-H8Q,B-T21-M5X through B-T23-C7V are not reflected in the visible card,0,Visible Edit button remains,Post-reload: one MANUAL_CONFLICT_B card,T23: one MANUAL_CONFLICT_B card and no visible second card,No new normal reload performed at this checkpoint,/home/ubuntu/screenshots/worldos_cc_2026-08-25_09-50-47_2407.webp,High,CONFIRMED,At this single T23 checkpoint after three subsequent turns, the manual conflict token remained visible and no second Memory was visible. This does not establish an overwrite or merge rule for later turns.
B,Mingyu (SEVENTEEN),偶像团体,Author/remix not exposed in observed normal Library card,Owner idakellams159,https://worldos.cc/sim/6062b6fa-f28c-4406-ac79-3092e05f8f29,,25,T25,2026-08-25T09:52:15+08:00,T20 manual edit saved and survived reload; B-T21-M5X through B-T25-K8L completed,T25 post-edit checkpoint,B-T01-A7K through B-T25-K8L,Open Settings > Memory,"One visible Memory card only; it still contains MANUAL_CONFLICT_B and no additional card is visible.",1,B-T01-A7K,B-T20-H8Q,B-T21-M5X through B-T25-K8L are not reflected in the visible card,0,Visible Edit button remains,T23: one MANUAL_CONFLICT_B card,T25: one MANUAL_CONFLICT_B card and no visible second card,No new normal reload performed at this checkpoint,/home/ubuntu/screenshots/worldos_cc_2026-08-25_09-50-47_2407.webp,High,CONFIRMED,At this single T25 checkpoint after five subsequent turns, the manual conflict token remained visible and no second Memory was visible. No general persistence or generation threshold follows from this sample.
B,Mingyu (SEVENTEEN),偶像团体,Author/remix not exposed in observed normal Library card,Owner idakellams159,https://worldos.cc/sim/6062b6fa-f28c-4406-ac79-3092e05f8f29,,28,T28,2026-08-25T09:54:58+08:00,T20 manual edit saved and survived reload; B-T21-M5X through B-T28-H9W completed. B-T28 required text entry followed by visible Send button after two Enter submissions did not appear at the conversation tail,T28 post-edit eight-turn checkpoint,B-T01-A7K through B-T28-H9W,Open Settings > Memory,"One visible Memory card only; it still contains MANUAL_CONFLICT_B and no additional card is visible.",1,B-T01-A7K,B-T20-H8Q,B-T21-M5X through B-T28-H9W are not reflected in the visible card,0,Visible Edit button remains,T25: one MANUAL_CONFLICT_B card,T28: one MANUAL_CONFLICT_B card and no visible second card,No new normal reload performed at this checkpoint,/home/ubuntu/screenshots/worldos_cc_2026-08-25_09-50-47_2407.webp,High,CONFIRMED,At T28, after exactly eight subsequent completed normal conversation turns following the saved manual edit, the manual conflict token was still visible and no second Memory was visible. The alternate visible Send-path required by B-T28 is an automation interaction boundary, not a product conclusion.
B,Mingyu (SEVENTEEN),偶像团体,Author/remix not exposed in observed normal Library card,Owner idakellams159,https://worldos.cc/sim/6062b6fa-f28c-4406-ac79-3092e05f8f29,,30,T30,2026-08-25T09:57:28+08:00,"T20 manual edit saved and survived reload; T28 completed eight subsequent turns; B-T29-REC then completed; B-T30-LONG completed.",T30 post-edit and post-recall checkpoint,B-T01-A7K through B-T30-LONG,Open Settings > Memory,"One visible Memory card only; it still contains MANUAL_CONFLICT_B and no additional card is visible. The preceding explicit recall reply to B-T29-REC was: ‘It was a folded ticket. Always has been.’",1,B-T01-A7K,B-T20-H8Q,B-T21-M5X through B-T30-LONG are not reflected in the visible card,0,Visible Edit button remains,T28: one MANUAL_CONFLICT_B card,T30: one MANUAL_CONFLICT_B card and no visible second card,Manual conflict had previously survived Control+R; no new reload at T30,/home/ubuntu/screenshots/worldos_cc_2026-08-25_09-57-28_5973.webp,High,CONFIRMED,At this one T30 checkpoint the visible manual conflict token persisted while the single explicit recall reply did not use it. This does not establish the cause or a general recall rule.
B,Mingyu (SEVENTEEN),偶像团体,Author/remix not exposed in observed normal Library card,Owner idakellams159,https://worldos.cc/sim/6062b6fa-f28c-4406-ac79-3092e05f8f29,,35,T35,2026-08-25T10:00:31+08:00,"B-T35-G4N visibly completed; Settings displayed Zaps 378 before opening Memory.",Final prescribed long-run Memory checkpoint,B-T01-A7K through B-T35-G4N,Open Settings > Memory,"One visible Memory card only; it continues to contain MANUAL_CONFLICT_B. No second card, replacement, or new visible auto-memory entry.",1,B-T01-A7K,B-T20-H8Q,B-T21-M5X through B-T35-G4N are not reflected as separately visible cards,0,Visible Edit button remains,T30: one MANUAL_CONFLICT_B card,T35: one MANUAL_CONFLICT_B card and no visible second card,The manually edited value had already survived a prior Control+R; the final card confirms persistence through 15 subsequent normal turns after the edit,/home/ubuntu/screenshots/worldos_cc_2026-08-25_09-50-47_2407.webp,High,CONFIRMED,At this sample and final checkpoint only, the single manual-edited card remained visible through T35; this does not prove an automatic-update cadence, merge policy, or general character behavior.
