scope,duplicate_type,key,occurrence_count,hrefs,rendered_orders,titles
有底图,SAME_TITLE_DIFFERENT_HREF,1,3,/worlds/1-33wf|/worlds/1-3qpb|/worlds/1-dr6l,354|434|888,1
有底图,SAME_TITLE_DIFFERENT_HREF,Academia Elysium,2,/worlds/academia-elysium-871b33de8d4d|/worlds/instituto-de-chicos-s8s5,65|558,Academia Elysium
有底图,SAME_TITLE_DIFFERENT_HREF,BTS,3,/worlds/bts-2fxx|/worlds/bts-2jpg|/worlds/bts-4hht,141|788|835,BTS
有底图,SAME_TITLE_DIFFERENT_HREF,Cazador de Demonios: El Destino Final,2,/worlds/cazador-de-demonios-el-destino-final-0054|/worlds/cazador-de-demonios-el-destino-final-t59f,209|979,Cazador de Demonios: El Destino Final
有底图,SAME_TITLE_DIFFERENT_HREF,Crusader Kings 3_gpt 5.6 优化,3,/worlds/crusader-kings-3-347y|/worlds/crusader-kings-3-97zk|/worlds/crusader-kings-3-sj9t,42|494|495,Crusader Kings 3_gpt 5.6 优化
有底图,SAME_TITLE_DIFFERENT_HREF,Cumbres Borrascosas,2,/worlds/cumbres-borrascosas-9isk|/worlds/cumbres-borrascosas-9zyy,88|177,Cumbres Borrascosas
有底图,SAME_TITLE_DIFFERENT_HREF,DC宇宙,33,/worlds/dc-universe-2m2e|/worlds/dc-universe-36qw|/worlds/dc-universe-40qc|/worlds/dc-universe-4mvh|/worlds/dc-universe-5f34|/worlds/dc-universe-5smz|/worlds/dc-universe-6bx1|/worlds/dc-universe-amrw|/worlds/dc-universe-bucb|/worlds/dc-universe-cfla|/worlds/dc-universe-drfm|/worlds/dc-universe-dsxq|/worlds/dc-universe-e5s5|/worlds/dc-universe-fbfu|/worlds/dc-universe-fml5|/worlds/dc-universe-jwq3|/worlds/dc-universe-k2mx|/worlds/dc-universe-kf9a|/worlds/dc-universe-kpls|/worlds/dc-universe-l30a|/worlds/dc-universe-mu44|/worlds/dc-universe-nzt7|/worlds/dc-universe-qfxr|/worlds/dc-universe-t616|/worlds/dc-universe-tizr|/worlds/dc-universe-u3g7|/worlds/dc-universe-ufbi|/worlds/dc-universe-w43v|/worlds/dc-universe-x4pg|/worlds/dc-universe-y8yg|/worlds/dc-universe-zn5b|/worlds/dc-universe-zwf5|/worlds/universo-dc-qcf0,10|61|89|137|224|265|278|289|340|448|460|466|481|486|490|491|500|501|503|509|518|534|535|545|546|547|564|961|973|984|1036|1061|1085,DC宇宙
有底图,SAME_TITLE_DIFFERENT_HREF,Demon Slayer Simulator,3,/worlds/demon-slayer-simulator-4rii|/worlds/demon-slayer-simulator-qan9|/worlds/demon-slayer-simulator-shfm,385|754|1062,Demon Slayer Simulator
有底图,SAME_TITLE_DIFFERENT_HREF,Demon Slayer Simulator Copia,32,/worlds/demon-slayer-simulator-18kq|/worlds/demon-slayer-simulator-1l7g|/worlds/demon-slayer-simulator-23vc|/worlds/demon-slayer-simulator-2iup|/worlds/demon-slayer-simulator-2oyt|/worlds/demon-slayer-simulator-5rkp|/worlds/demon-slayer-simulator-5x9e|/worlds/demon-slayer-simulator-68qp|/worlds/demon-slayer-simulator-6edy|/worlds/demon-slayer-simulator-8lzw|/worlds/demon-slayer-simulator-8t7g|/worlds/demon-slayer-simulator-9ze1|/worlds/demon-slayer-simulator-cd0y|/worlds/demon-slayer-simulator-dipn|/worlds/demon-slayer-simulator-e0rv|/worlds/demon-slayer-simulator-eazh|/worlds/demon-slayer-simulator-esqq|/worlds/demon-slayer-simulator-fgf1|/worlds/demon-slayer-simulator-fngi|/worlds/demon-slayer-simulator-go4m|/worlds/demon-slayer-simulator-iqul|/worlds/demon-slayer-simulator-mq2a|/worlds/demon-slayer-simulator-ne4x|/worlds/demon-slayer-simulator-nxws|/worlds/demon-slayer-simulator-ogro|/worlds/demon-slayer-simulator-qudz|/worlds/demon-slayer-simulator-t4jv|/worlds/demon-slayer-simulator-uirg|/worlds/demon-slayer-simulator-xrby|/worlds/demon-slayer-simulator-xxho|/worlds/demon-slayer-simulator-yq9s|/worlds/demon-slayer-simulator-zqit,142|234|248|251|316|366|394|395|403|413|443|452|467|473|478|511|512|544|574|576|597|598|820|863|871|908|1000|1019|1065|1066|1079|1084,Demon Slayer Simulator Copia
有底图,SAME_TITLE_DIFFERENT_HREF,Demon Slayer Simulator Copy,8,/worlds/demon-slayer-simulator-5pci|/worlds/demon-slayer-simulator-6916|/worlds/demon-slayer-simulator-khih|/worlds/demon-slayer-simulator-mp9n|/worlds/demon-slayer-simulator-mu8c|/worlds/demon-slayer-simulator-n4c9|/worlds/demon-slayer-simulator-ojk3|/worlds/demon-slayer-simulator-wvc1,63|256|386|408|429|433|751|857,Demon Slayer Simulator Copy
有底图,SAME_TITLE_DIFFERENT_HREF,Demon Slayer: El Latido de la Serpiente (+18),4,/worlds/demon-slayer-el-latido-de-la-serpiente-1-ajc1|/worlds/demon-slayer-el-latido-de-la-serpiente-1-mlrx|/worlds/demon-slayer-el-latido-de-la-serpiente-1-ofxx|/worlds/demon-slayer-el-latido-de-la-serpiente-1-qh1v,67|110|348|373,Demon Slayer: El Latido de la Serpiente (+18)
有底图,SAME_TITLE_DIFFERENT_HREF,Gotham City,3,/worlds/gotham-city-dcan|/worlds/gotham-city-ot1i|/worlds/gotham-city-uax4,60|372|414,Gotham City
有底图,SAME_TITLE_DIFFERENT_HREF,JOJO校园物语！,3,/worlds/jojos-escolar-70i3|/worlds/jojos-escolar-baxi|/worlds/jojos-escolar-qqtj,123|189|1001,JOJO校园物语！
有底图,SAME_TITLE_DIFFERENT_HREF,Juego de Tronos (Canción de Hielo y Fuego) Copia,6,/worlds/westeros-4maf|/worlds/westeros-8mlt|/worlds/westeros-e5de|/worlds/westeros-jbh1|/worlds/westeros-rsxg|/worlds/westeros-uzxs,305|469|470|474|521|1060,Juego de Tronos (Canción de Hielo y Fuego) Copia
有底图,SAME_TITLE_DIFFERENT_HREF,Modern Day 2026,2,/worlds/modern-day-2026-3dy7|/worlds/modern-day-2026-bwps,432|445,Modern Day 2026
有底图,SAME_TITLE_DIFFERENT_HREF,Modern Day 2026 Copy,4,/worlds/modern-day-9xk8|/worlds/modern-day-c3sj|/worlds/modern-day-t2ye|/worlds/modern-day-w6pf,323|528|533|572,Modern Day 2026 Copy
有底图,SAME_TITLE_DIFFERENT_HREF,Mundo de Elaria !,2,/worlds/mundo-de-elaria-mape|/worlds/mundo-de-elaria-rfam,129|562,Mundo de Elaria !
有底图,SAME_TITLE_DIFFERENT_HREF,Pandora,2,/worlds/pandora-mzjt|/worlds/pandora-rork,388|423,Pandora
有底图,SAME_TITLE_DIFFERENT_HREF,Pokemon 🔴 Copy,2,/worlds/pokemon-59df|/worlds/pokemon-8ofx,441|1083,Pokemon 🔴 Copy
有底图,SAME_TITLE_DIFFERENT_HREF,Sans AUs,3,/worlds/sans-au-s-11d6|/worlds/sans-au-s-h7fv|/worlds/sans-au-s-jhfu,78|284|1021,Sans AUs
有底图,SAME_TITLE_DIFFERENT_HREF,Segunda Guerra Mundial: Mundo 1935 Copia,2,/worlds/ww2-5k8a|/worlds/ww2-yu2l,383|487,Segunda Guerra Mundial: Mundo 1935 Copia
有底图,SAME_TITLE_DIFFERENT_HREF,Simulador de Demon Slayer (Versión español y mejorada),5,/worlds/demon-slayer-simulator-f8pn|/worlds/demon-slayer-simulator-fucd|/worlds/demon-slayer-simulator-qtko|/worlds/demon-slayer-simulator-skhp|/worlds/demon-slayer-simulator-szed,57|118|590|591|995,Simulador de Demon Slayer (Versión español y mejorada)
有底图,SAME_TITLE_DIFFERENT_HREF,WW2 Game,2,/worlds/ww2-game-1fgb|/worlds/ww2-game-ccuj,360|459,WW2 Game
有底图,SAME_TITLE_DIFFERENT_HREF,WW2 Game Copy,3,/worlds/ww2-5bbk|/worlds/ww2-jsyv|/worlds/ww2-rjl6,524|527|540,WW2 Game Copy
有底图,SAME_TITLE_DIFFERENT_HREF,World War I Game Copy,3,/worlds/ww1-amyq|/worlds/ww1-euz1|/worlds/ww1-iss9,526|614|615,World War I Game Copy
有底图,SAME_TITLE_DIFFERENT_HREF,₊˚‧ 索尼克世界 ˚.,12,/worlds/o-i-o-0rpv|/worlds/o-i-o-2ciq|/worlds/o-i-o-3fzm|/worlds/o-i-o-50y6|/worlds/o-i-o-55ul|/worlds/o-i-o-96xi|/worlds/o-i-o-9k3p|/worlds/o-i-o-buwv|/worlds/o-i-o-i3ge|/worlds/o-i-o-ogwg|/worlds/o-i-o-to5o|/worlds/o-i-o-x9nd,18|154|171|188|274|291|326|382|436|437|999|1080,₊˚‧ 索尼克世界 ˚.
有底图,SAME_TITLE_DIFFERENT_HREF,⚔️ Vida Medieval ⚔️,2,/worlds/vida-medieval-hul0|/worlds/vida-medieval-vede,379|416,⚔️ Vida Medieval ⚔️
有底图,SAME_TITLE_DIFFERENT_HREF,⚔️ 中世纪生活 ⚔️,23,/worlds/medieval-life-0rk8|/worlds/medieval-life-73g5|/worlds/vida-medieval-2ty2|/worlds/vida-medieval-4z7y|/worlds/vida-medieval-540o|/worlds/vida-medieval-7ygs|/worlds/vida-medieval-82ew|/worlds/vida-medieval-8ov9|/worlds/vida-medieval-baiq|/worlds/vida-medieval-bd4e|/worlds/vida-medieval-br3p|/worlds/vida-medieval-cdgq|/worlds/vida-medieval-e0km|/worlds/vida-medieval-eefx|/worlds/vida-medieval-f1z0|/worlds/vida-medieval-gywx|/worlds/vida-medieval-iwmc|/worlds/vida-medieval-tj52|/worlds/vida-medieval-w5rd|/worlds/vida-medieval-zvyd|/worlds/zhong-shi-ji-sheng-huo-pf6a|/worlds/zhong-shi-ji-sheng-huo-smvf|/worlds/zhong-shi-ji-sheng-huo-ueqa,9|92|140|195|220|223|258|286|298|310|317|442|471|508|582|595|886|983|1011|1050|1075|1076|1077,⚔️ 中世纪生活 ⚔️
有底图,SAME_TITLE_DIFFERENT_HREF,《精灵宝可梦·万象旅途》,7,/worlds/jing-ling-bao-ke-meng-wan-xiang-l-tu-6ab-38xs|/worlds/jing-ling-bao-ke-meng-wan-xiang-l-tu-6ab-iviq|/worlds/jing-ling-bao-ke-meng-wan-xiang-l-tu-6ab-jiue|/worlds/jing-ling-bao-ke-meng-wan-xiang-l-tu-6ab-kylg|/worlds/jing-ling-bao-ke-meng-wan-xiang-l-tu-6ab-viy5|/worlds/jing-ling-bao-ke-meng-wan-xiang-l-tu-6ab-yjh8|/worlds/jing-ling-bao-ke-meng-wan-xiang-l-tu-6abd61eb3a56,5|489|510|638|642|672|673,《精灵宝可梦·万象旅途》
有底图,SAME_TITLE_DIFFERENT_HREF,《精灵宝可梦》·万象旅途,46,/worlds/jing-ling-bao-ke-meng-wan-xiang-l-tu-6ab-0hn7|/worlds/jing-ling-bao-ke-meng-wan-xiang-l-tu-6ab-16ma|/worlds/jing-ling-bao-ke-meng-wan-xiang-l-tu-6ab-2sqw|/worlds/jing-ling-bao-ke-meng-wan-xiang-l-tu-6ab-3rkx|/worlds/jing-ling-bao-ke-meng-wan-xiang-l-tu-6ab-3uqu|/worlds/jing-ling-bao-ke-meng-wan-xiang-l-tu-6ab-4bzo|/worlds/jing-ling-bao-ke-meng-wan-xiang-l-tu-6ab-4k9v|/worlds/jing-ling-bao-ke-meng-wan-xiang-l-tu-6ab-54uv|/worlds/jing-ling-bao-ke-meng-wan-xiang-l-tu-6ab-55v0|/worlds/jing-ling-bao-ke-meng-wan-xiang-l-tu-6ab-5bpf|/worlds/jing-ling-bao-ke-meng-wan-xiang-l-tu-6ab-6pmj|/worlds/jing-ling-bao-ke-meng-wan-xiang-l-tu-6ab-8jgs|/worlds/jing-ling-bao-ke-meng-wan-xiang-l-tu-6ab-8kc0|/worlds/jing-ling-bao-ke-meng-wan-xiang-l-tu-6ab-awgm|/worlds/jing-ling-bao-ke-meng-wan-xiang-l-tu-6ab-b3ms|/worlds/jing-ling-bao-ke-meng-wan-xiang-l-tu-6ab-c6e5|/worlds/jing-ling-bao-ke-meng-wan-xiang-l-tu-6ab-co45|/worlds/jing-ling-bao-ke-meng-wan-xiang-l-tu-6ab-dcsz|/worlds/jing-ling-bao-ke-meng-wan-xiang-l-tu-6ab-elhx|/worlds/jing-ling-bao-ke-meng-wan-xiang-l-tu-6ab-f8xa|/worlds/jing-ling-bao-ke-meng-wan-xiang-l-tu-6ab-fsdo|/worlds/jing-ling-bao-ke-meng-wan-xiang-l-tu-6ab-fy4g|/worlds/jing-ling-bao-ke-meng-wan-xiang-l-tu-6ab-g55e|/worlds/jing-ling-bao-ke-meng-wan-xiang-l-tu-6ab-g9hv|/worlds/jing-ling-bao-ke-meng-wan-xiang-l-tu-6ab-gh69|/worlds/jing-ling-bao-ke-meng-wan-xiang-l-tu-6ab-gz6n|/worlds/jing-ling-bao-ke-meng-wan-xiang-l-tu-6ab-i9ja|/worlds/jing-ling-bao-ke-meng-wan-xiang-l-tu-6ab-ix8p|/worlds/jing-ling-bao-ke-meng-wan-xiang-l-tu-6ab-iyrl|/worlds/jing-ling-bao-ke-meng-wan-xiang-l-tu-6ab-j6ot|/worlds/jing-ling-bao-ke-meng-wan-xiang-l-tu-6ab-jm8c|/worlds/jing-ling-bao-ke-meng-wan-xiang-l-tu-6ab-jn0o|/worlds/jing-ling-bao-ke-meng-wan-xiang-l-tu-6ab-kfvh|/worlds/jing-ling-bao-ke-meng-wan-xiang-l-tu-6ab-ks53|/worlds/jing-ling-bao-ke-meng-wan-xiang-l-tu-6ab-m0st|/worlds/jing-ling-bao-ke-meng-wan-xiang-l-tu-6ab-myqp|/worlds/jing-ling-bao-ke-meng-wan-xiang-l-tu-6ab-oi6m|/worlds/jing-ling-bao-ke-meng-wan-xiang-l-tu-6ab-on8p|/worlds/jing-ling-bao-ke-meng-wan-xiang-l-tu-6ab-qcx2|/worlds/jing-ling-bao-ke-meng-wan-xiang-l-tu-6ab-qhx8|/worlds/jing-ling-bao-ke-meng-wan-xiang-l-tu-6ab-t9x1|/worlds/jing-ling-bao-ke-meng-wan-xiang-l-tu-6ab-uuhq|/worlds/jing-ling-bao-ke-meng-wan-xiang-l-tu-6ab-v4je|/worlds/jing-ling-bao-ke-meng-wan-xiang-l-tu-6ab-vq50|/worlds/jing-ling-bao-ke-meng-wan-xiang-l-tu-6ab-y5bg|/worlds/jing-ling-bao-ke-meng-wan-xiang-l-tu-6ab-yhlu,52|76|165|167|232|390|430|479|506|539|584|588|589|594|600|601|602|603|604|607|610|612|616|617|620|621|635|636|643|645|646|647|649|652|659|662|664|666|668|675|681|683|684|697|703|704,《精灵宝可梦》·万象旅途
有底图,SAME_TITLE_DIFFERENT_HREF,《精灵宝可梦》·万象旅途 副本,10,/worlds/jing-ling-bao-ke-meng-wan-xiang-l-tu-6ab-6dfn|/worlds/jing-ling-bao-ke-meng-wan-xiang-l-tu-6ab-7m92|/worlds/jing-ling-bao-ke-meng-wan-xiang-l-tu-6ab-acpk|/worlds/jing-ling-bao-ke-meng-wan-xiang-l-tu-6ab-hzow|/worlds/jing-ling-bao-ke-meng-wan-xiang-l-tu-6ab-mc1m|/worlds/jing-ling-bao-ke-meng-wan-xiang-l-tu-6ab-mgr9|/worlds/jing-ling-bao-ke-meng-wan-xiang-l-tu-6ab-o7ub|/worlds/jing-ling-bao-ke-meng-wan-xiang-l-tu-6ab-sgol|/worlds/jing-ling-bao-ke-meng-wan-xiang-l-tu-6ab-ufww|/worlds/jing-ling-bao-ke-meng-wan-xiang-l-tu-6ab-xqdn,336|605|613|622|631|648|665|698|700|1082,《精灵宝可梦》·万象旅途 副本
有底图,SAME_TITLE_DIFFERENT_HREF,一战模拟器,3,/worlds/ww1-1914|/worlds/ww1-u1wf|/worlds/yi-zhan-mo-ni-qi-vm94,23|324|369,一战模拟器
有底图,SAME_TITLE_DIFFERENT_HREF,三国模拟器,62,/worlds/san-guo-mo-ni-qi-7i9g|/worlds/san-guo-mo-ni-qi-axx9|/worlds/san-guo-mo-ni-qi-bncu|/worlds/san-guo-mo-ni-qi-g292|/worlds/san-guo-mo-ni-qi-su55|/worlds/sanguo-warlords|/worlds/sanguo-warlords-00jl|/worlds/sanguo-warlords-05yh|/worlds/sanguo-warlords-17qr|/worlds/sanguo-warlords-1j5p|/worlds/sanguo-warlords-2mx4|/worlds/sanguo-warlords-4g24|/worlds/sanguo-warlords-4rnk|/worlds/sanguo-warlords-6k1n|/worlds/sanguo-warlords-78sf|/worlds/sanguo-warlords-8akj|/worlds/sanguo-warlords-901k|/worlds/sanguo-warlords-9em4|/worlds/sanguo-warlords-a6id|/worlds/sanguo-warlords-ah12|/worlds/sanguo-warlords-bhrb|/worlds/sanguo-warlords-cu5h|/worlds/sanguo-warlords-dstp|/worlds/sanguo-warlords-e0tb|/worlds/sanguo-warlords-ei6p|/worlds/sanguo-warlords-fswj|/worlds/sanguo-warlords-hmlp|/worlds/sanguo-warlords-hr9p|/worlds/sanguo-warlords-hw4g|/worlds/sanguo-warlords-ie1b|/worlds/sanguo-warlords-iep3|/worlds/sanguo-warlords-jl2v|/worlds/sanguo-warlords-jqip|/worlds/sanguo-warlords-k2bm|/worlds/sanguo-warlords-kbab|/worlds/sanguo-warlords-m7d0|/worlds/sanguo-warlords-mbxy|/worlds/sanguo-warlords-npgw|/worlds/sanguo-warlords-o3z8|/worlds/sanguo-warlords-owcj|/worlds/sanguo-warlords-p8ps|/worlds/sanguo-warlords-q0uy|/worlds/sanguo-warlords-q6e9|/worlds/sanguo-warlords-qmuj|/worlds/sanguo-warlords-r193|/worlds/sanguo-warlords-rxd6|/worlds/sanguo-warlords-t559|/worlds/sanguo-warlords-twlc|/worlds/sanguo-warlords-u3dr|/worlds/sanguo-warlords-u8rk|/worlds/sanguo-warlords-ub7c|/worlds/sanguo-warlords-usz8|/worlds/sanguo-warlords-vgre|/worlds/sanguo-warlords-vihw|/worlds/sanguo-warlords-wsro|/worlds/sanguo-warlords-xj6j|/worlds/sanguo-warlords-y2rp|/worlds/sanguo-warlords-ydiw|/worlds/sanguo-warlords-z86v|/worlds/simulador-de-los-tres-reinos-2jxz|/worlds/simulador-de-los-tres-reinos-52ow|/worlds/simulador-de-los-tres-reinos-ww51,3|91|125|172|197|204|222|311|370|371|377|380|402|472|499|532|563|568|581|587|624|630|637|639|651|653|654|655|656|657|658|663|670|671|674|677|679|680|688|689|693|696|702|705|707|708|709|710|712|714|730|805|831|859|899|909|921|927|949|982|989|1048,三国模拟器
有底图,SAME_TITLE_DIFFERENT_HREF,三国模拟器 副本,14,/worlds/sanguo-warlords-0rc4|/worlds/sanguo-warlords-3bcb|/worlds/sanguo-warlords-49wu|/worlds/sanguo-warlords-4g21|/worlds/sanguo-warlords-8213|/worlds/sanguo-warlords-cd7p|/worlds/sanguo-warlords-dbel|/worlds/sanguo-warlords-ghhe|/worlds/sanguo-warlords-kdr9|/worlds/sanguo-warlords-kg9h|/worlds/sanguo-warlords-kiil|/worlds/sanguo-warlords-m723|/worlds/sanguo-warlords-rem9|/worlds/sanguo-warlords-yxab,350|365|468|505|586|592|678|685|687|692|711|718|741|840,三国模拟器 副本
有底图,SAME_TITLE_DIFFERENT_HREF,三国浮生录·列女传,3,/worlds/sanguo-58bc|/worlds/three-kingdoms-otome|/worlds/three-kingdoms-sh3f,32|722|1034,三国浮生录·列女传
有底图,SAME_TITLE_DIFFERENT_HREF,中世纪奇幻RPG世界,7,/worlds/simulador-de-rpg-de-fantas-a-medieval-02wc|/worlds/simulador-de-rpg-de-fantas-a-medieval-2pu5|/worlds/simulador-de-rpg-de-fantas-a-medieval-69u5|/worlds/simulador-de-rpg-de-fantas-a-medieval-9dzg|/worlds/simulador-de-rpg-de-fantas-a-medieval-fsxa|/worlds/simulador-de-rpg-de-fantas-a-medieval-tyb4|/worlds/simulador-de-rpg-de-fantas-a-medieval-yy6j,21|173|208|288|404|406|440,中世纪奇幻RPG世界
有底图,SAME_TITLE_DIFFERENT_HREF,中世纪奇幻模拟器,15,/worlds/simulador-de-fantas-a-medieval-2fm1|/worlds/simulador-de-fantas-a-medieval-2nmd|/worlds/simulador-de-fantas-a-medieval-8hvk|/worlds/simulador-de-fantas-a-medieval-cah4|/worlds/simulador-de-fantas-a-medieval-fk9p|/worlds/simulador-de-fantas-a-medieval-fkpo|/worlds/simulador-de-fantas-a-medieval-mhl5|/worlds/simulador-de-fantas-a-medieval-mohm|/worlds/simulador-de-fantas-a-medieval-nsyu|/worlds/simulador-de-fantas-a-medieval-qncr|/worlds/simulador-de-fantas-a-medieval-v09k|/worlds/simulador-de-fantas-a-medieval-vv8z|/worlds/simulador-de-fantas-a-medieval-wffd|/worlds/simulador-de-fantas-a-medieval-woic|/worlds/simulador-de-fantas-a-medieval-z5wj,11|174|247|272|299|364|431|449|476|493|514|608|609|623|690,中世纪奇幻模拟器
有底图,SAME_TITLE_DIFFERENT_HREF,主播女孩重度依赖,11,/worlds/needy-streamer-overload-1442|/worlds/needy-streamer-overload-332h|/worlds/needy-streamer-overload-abb4|/worlds/needy-streamer-overload-bfcq|/worlds/needy-streamer-overload-kpvn|/worlds/needy-streamer-overload-pfek|/worlds/needy-streamer-overload-q7xx|/worlds/needy-streamer-overload-qfqv|/worlds/needy-streamer-overload-tz4f|/worlds/needy-streamer-overload-w7xv|/worlds/zhu-bo-n-hai-zhong-du-yi-lai-p61f,151|309|332|760|799|800|918|929|930|931|968,主播女孩重度依赖
有底图,SAME_TITLE_DIFFERENT_HREF,主播女孩重度依赖 (Needy Streamer Overload),3,/worlds/needy-streamer-overload|/worlds/needy-streamer-overload-xc8b|/worlds/zhu-bo-n-hai-zhong-du-yi-lai-needy-strea-3bb5,14|250|438,主播女孩重度依赖 (Needy Streamer Overload)
有底图,SAME_TITLE_DIFFERENT_HREF,二战模拟器,59,/worlds/er-zhan-mo-ni-qi-7opr|/worlds/er-zhan-mo-ni-qi-cjyz|/worlds/er-zhan-mo-ni-qi-fmbw|/worlds/er-zhan-mo-ni-qi-g45f|/worlds/er-zhan-mo-ni-qi-ornp|/worlds/er-zhan-mo-ni-qi-pw6m|/worlds/er-zhan-mo-ni-qi-yn1p|/worlds/ww2-012f|/worlds/ww2-1935|/worlds/ww2-1a06|/worlds/ww2-1bdy|/worlds/ww2-1nre|/worlds/ww2-1q8s|/worlds/ww2-2mha|/worlds/ww2-38yo|/worlds/ww2-3w0s|/worlds/ww2-6p99|/worlds/ww2-6vmp|/worlds/ww2-8jje|/worlds/ww2-cbsb|/worlds/ww2-creh|/worlds/ww2-d7j5|/worlds/ww2-e4db|/worlds/ww2-eslj|/worlds/ww2-gh7l|/worlds/ww2-gnm3|/worlds/ww2-gu2n|/worlds/ww2-h2ax|/worlds/ww2-h68w|/worlds/ww2-i0t4|/worlds/ww2-ica9|/worlds/ww2-ivn7|/worlds/ww2-j1aw|/worlds/ww2-j5h2|/worlds/ww2-jls6|/worlds/ww2-k2oo|/worlds/ww2-k696|/worlds/ww2-k8yh|/worlds/ww2-kgs6|/worlds/ww2-kh2u|/worlds/ww2-khqx|/worlds/ww2-ks1m|/worlds/ww2-m0bg|/worlds/ww2-oeb0|/worlds/ww2-qaik|/worlds/ww2-rj82|/worlds/ww2-rpo9|/worlds/ww2-rzo5|/worlds/ww2-s8jh|/worlds/ww2-tsy9|/worlds/ww2-u3pu|/worlds/ww2-uelg|/worlds/ww2-woye|/worlds/ww2-wqrx|/worlds/ww2-xq7x|/worlds/ww2-ycqw|/worlds/ww2-yzph|/worlds/ww2-z1ly|/worlds/ww2-zngk,2|47|116|143|230|243|292|293|301|303|322|334|337|342|344|363|399|417|419|420|447|463|541|565|596|611|632|633|644|676|686|720|723|724|727|728|733|735|737|742|745|747|750|785|789|838|848|878|890|906|950|956|963|966|985|1007|1030|1051|1071,二战模拟器
有底图,SAME_TITLE_DIFFERENT_HREF,二战模拟器 副本,12,/worlds/ww2-7237|/worlds/ww2-8r9t|/worlds/ww2-ga22|/worlds/ww2-gzft|/worlds/ww2-l4ju|/worlds/ww2-r0x3|/worlds/ww2-s3hj|/worlds/ww2-u7ng|/worlds/ww2-vesn|/worlds/ww2-x3d1|/worlds/ww2-x6ni|/worlds/ww2-xwo2,182|376|384|482|548|640|731|732|739|1027|1054|1072,二战模拟器 副本
有底图,SAME_TITLE_DIFFERENT_HREF,二战：1935世界,5,/worlds/ww2-u3ye|/worlds/ww2-world-1935-bd2n|/worlds/ww2-world-1935-itl7|/worlds/ww2-world-1935-kme5|/worlds/ww2-world-1935-tu3y,145|249|810|855|873,二战：1935世界
有底图,SAME_TITLE_DIFFERENT_HREF,冷战模拟器,8,/worlds/cold-war-1947|/worlds/cold-war-80oj|/worlds/cold-war-8712|/worlds/cold-war-e2xr|/worlds/leng-zhan-mo-ni-qi-lb9w|/worlds/leng-zhan-mo-ni-qi-rr9c|/worlds/simulador-de-guerra-fr-a-h3c4|/worlds/simulador-de-guerra-fr-a-zi27,12|626|726|734|777|797|844|938,冷战模拟器
有底图,SAME_TITLE_DIFFERENT_HREF,十字军之王3,13,/worlds/crusader-kings-3|/worlds/crusader-kings-3-1rt0|/worlds/crusader-kings-3-b92c|/worlds/crusader-kings-3-eh8b|/worlds/crusader-kings-3-iqga|/worlds/crusader-kings-3-iwwz|/worlds/crusader-kings-3-leas|/worlds/crusader-kings-3-m8oc|/worlds/crusader-kings-3-mv0k|/worlds/crusader-kings-3-oo8b|/worlds/crusader-kings-3-vey3|/worlds/shi-zi-jun-zhi-wang-3-ohtm|/worlds/shi-zi-jun-zhi-wang-3-tapi,13|124|203|391|477|492|553|570|571|706|713|1035|1068,十字军之王3
有底图,SAME_TITLE_DIFFERENT_HREF,十字军之王3 副本,2,/worlds/crusader-kings-3-1bkp|/worlds/crusader-kings-3-s9k2,1073|1074,十字军之王3 副本
有底图,SAME_TITLE_DIFFERENT_HREF,十字军之王：法兰西,6,/worlds/crusader-2f56|/worlds/crusader-3uqq|/worlds/crusader-ak43|/worlds/crusader-kings|/worlds/crusader-rxzi|/worlds/shi-zi-jun-zhi-wang-fa-lan-xi-p904,27|974|975|976|977|1008,十字军之王：法兰西
有底图,SAME_TITLE_DIFFERENT_HREF,历史模拟器：崇祯,7,/worlds/chongzhen|/worlds/chongzhen-2k7u|/worlds/chongzhen-eldg|/worlds/chongzhen-ndz6|/worlds/chongzhen-s1t7|/worlds/chongzhen-sbto|/worlds/chongzhen-tiox,15|128|507|513|543|695|1002,历史模拟器：崇祯
有底图,SAME_TITLE_DIFFERENT_HREF,原神,2,/worlds/genshin-impact-6kxd|/worlds/genshin-impact-md6n,41|107,原神
有底图,SAME_TITLE_DIFFERENT_HREF,吻，吻，留堂,6,/worlds/kiss-kiss-detention-4zdy|/worlds/kiss-kiss-detention-e4du|/worlds/kiss-kiss-detention-ehi5|/worlds/kiss-kiss-detention-njct|/worlds/kiss-kiss-detention-qrzc|/worlds/kiss-kiss-detention-xpwq,20|355|522|523|579|1063,吻，吻，留堂
有底图,SAME_TITLE_DIFFERENT_HREF,咒术回战,2,/worlds/jjk-99oq|/worlds/jujutsukaisen-m02z,277|996,咒术回战
有底图,SAME_TITLE_DIFFERENT_HREF,咒术回战世界-更多人物，更高自由！,13,/worlds/jujutsu-1lyz|/worlds/jujutsu-350x|/worlds/jujutsu-3frq|/worlds/jujutsu-4gp9|/worlds/jujutsu-74cx|/worlds/jujutsu-7mni|/worlds/jujutsu-abkr|/worlds/jujutsu-bh65|/worlds/jujutsu-ce5w|/worlds/jujutsu-fek8|/worlds/jujutsu-oxrn|/worlds/jujutsu-yn8k|/worlds/jujutsu-zv89,7|146|345|400|409|426|641|667|701|716|924|990|1006,咒术回战世界-更多人物，更高自由！
有底图,SAME_TITLE_DIFFERENT_HREF,咒术回战世界：更多角色，更高自由度！,9,/worlds/jujutsu-22if|/worlds/jujutsu-c8t9|/worlds/jujutsu-ezna|/worlds/jujutsu-iwot|/worlds/jujutsu-leev|/worlds/jujutsu-pw0n|/worlds/jujutsu-sakr|/worlds/jujutsu-sb49|/worlds/jujutsu-sgad,320|393|405|498|537|538|577|578|599,咒术回战世界：更多角色，更高自由度！
有底图,SAME_TITLE_DIFFERENT_HREF,墨西哥总统模拟器,3,/worlds/simulador-de-presidente-de-m-xico-ibx0|/worlds/simulador-de-presidente-de-m-xico-szsr|/worlds/simulador-de-presidente-de-m-xico-wf8l,37|1031|1032,墨西哥总统模拟器
有底图,SAME_TITLE_DIFFERENT_HREF,宝可梦 🔴,3,/worlds/bao-ke-meng-jswr|/worlds/pokemon-hjk6|/worlds/pokemon-v0qz,8|87|461,宝可梦 🔴
有底图,SAME_TITLE_DIFFERENT_HREF,宝可梦：开局阿尔宙斯，修改万物资质,2,/worlds/bao-ke-meng-kai-ju-a-er-zhou-si-xiu-gai--t9mb|/worlds/bao-ke-meng-kai-ju-a-er-zhou-si-xiu-gai-5f9a6d43fd16,176|691,宝可梦：开局阿尔宙斯，修改万物资质
有底图,SAME_TITLE_DIFFERENT_HREF,少年泰坦,2,/worlds/teen-titans-iwp4|/worlds/teen-titans-pm99,98|255,少年泰坦
有底图,SAME_TITLE_DIFFERENT_HREF,恋上救生员,5,/worlds/falling-for-the-lifeguard-gdvm|/worlds/falling-for-the-lifeguard-h4y5|/worlds/falling-for-the-lifeguard-ndh5|/worlds/falling-for-the-lifeguard-u42x|/worlds/falling-for-the-lifeguard-uhh0,22|162|504|560|580,恋上救生员
有底图,SAME_TITLE_DIFFERENT_HREF,我的世界,3,/worlds/mi-mundo-fx8f|/worlds/mi-mundo-vus6|/worlds/my-world-cht3,191|266|787,我的世界
有底图,SAME_TITLE_DIFFERENT_HREF,战国模拟器,5,/worlds/warring-6518|/worlds/warring-68tm|/worlds/warring-73j4|/worlds/warring-94yd|/worlds/warring-states,26|184|583|910|947,战国模拟器
有底图,SAME_TITLE_DIFFERENT_HREF,放纵的鬼灭之刃,2,/worlds/demon-slayer-simulator-di8e|/worlds/demon-slayer-simulator-yaae,160|567,放纵的鬼灭之刃
有底图,SAME_TITLE_DIFFERENT_HREF,文明模拟器,2,/worlds/civilization-simulator|/worlds/wen-ming-mo-ni-qi-ar4w,39|715,文明模拟器
有底图,SAME_TITLE_DIFFERENT_HREF,权力的游戏模拟器(冰与火之歌),33,/worlds/quan-li-de-you-xi-mo-ni-qi-bing-yu-huo-z-a4bt|/worlds/westeros|/worlds/westeros-0m04|/worlds/westeros-2jmh|/worlds/westeros-2rt4|/worlds/westeros-4mbe|/worlds/westeros-6zto|/worlds/westeros-85if|/worlds/westeros-8aor|/worlds/westeros-8nm9|/worlds/westeros-9j0d|/worlds/westeros-a3nu|/worlds/westeros-a5c2|/worlds/westeros-d1x9|/worlds/westeros-d6pj|/worlds/westeros-ee88|/worlds/westeros-jm1y|/worlds/westeros-lcmu|/worlds/westeros-lrpd|/worlds/westeros-nhzo|/worlds/westeros-niu1|/worlds/westeros-nqmt|/worlds/westeros-o6yp|/worlds/westeros-p3wo|/worlds/westeros-pdxq|/worlds/westeros-rows|/worlds/westeros-vhgq|/worlds/westeros-wor6|/worlds/westeros-xe8x|/worlds/westeros-y0uw|/worlds/westeros-y58h|/worlds/westeros-yt6y|/worlds/westeros-znja,4|99|271|276|307|412|517|549|550|551|552|585|781|792|802|804|807|824|829|850|881|891|907|916|941|942|957|960|964|1004|1013|1022|1039,权力的游戏模拟器(冰与火之歌)
有底图,SAME_TITLE_DIFFERENT_HREF,权力的游戏（冰与火之歌）,4,/worlds/juego-de-tronos-canci-n-de-hielo-y-fuego-lvs3|/worlds/juego-de-tronos-canci-n-de-hielo-y-fuego-mhrr|/worlds/juego-de-tronos-canci-n-de-hielo-y-fuego-vdr0|/worlds/juego-de-tronos-canci-n-de-hielo-y-fuego-zvwx,782|822|876|879,权力的游戏（冰与火之歌）
有底图,SAME_TITLE_DIFFERENT_HREF,权力的游戏：游戏,2,/worlds/westeros-0zp8|/worlds/westeros-x7wu,131|525,权力的游戏：游戏
有底图,SAME_TITLE_DIFFERENT_HREF,权力的游戏：血龙狂舞,5,/worlds/a-game-of-thrones-dance-of-the-dragons-15fa|/worlds/a-game-of-thrones-dance-of-the-dragons-8sur|/worlds/a-game-of-thrones-dance-of-the-dragons-bqve|/worlds/a-game-of-thrones-dance-of-the-dragons-vt31|/worlds/a-game-of-thrones-dance-of-the-dragons-ysdz,28|205|557|812|988,权力的游戏：血龙狂舞
有底图,SAME_TITLE_DIFFERENT_HREF,法律与秩序,2,/worlds/la-ley-y-el-orden-0y61|/worlds/la-ley-y-el-orden-2l2k,218|1005,法律与秩序
有底图,SAME_TITLE_DIFFERENT_HREF,测试2,3,/worlds/ce-shi-2-luwq|/worlds/ce-shi-2-soub|/worlds/ce-shi-2-x51y,96|762|1064,测试2
有底图,SAME_TITLE_DIFFERENT_HREF,测试应用升级世界 001,8,/worlds/test-map-world-001-ft9r|/worlds/test-map-world-001-gytp|/worlds/test-map-world-001-k4do|/worlds/test-map-world-001-ouue|/worlds/test-map-world-001-rev0|/worlds/test-map-world-001-s098|/worlds/test-map-world-001-ukb1|/worlds/test-map-world-001-xxt9,103|536|559|699|721|743|912|925,测试应用升级世界 001
有底图,SAME_TITLE_DIFFERENT_HREF,潘多拉,2,/worlds/pandora-jj96|/worlds/pandora-smjz,40|190,潘多拉
有底图,SAME_TITLE_DIFFERENT_HREF,现代 2026,13,/worlds/modern-day-2026-0rjs|/worlds/modern-day-2026-2gzo|/worlds/modern-day-2026-aftk|/worlds/modern-day-2026-bjkx|/worlds/modern-day-2026-djwz|/worlds/modern-day-2026-ha9c|/worlds/modern-day-2026-hr8y|/worlds/modern-day-2026-hvee|/worlds/modern-day-2026-qyc2|/worlds/modern-day-2026-rk2l|/worlds/modern-day-2026-ugwe|/worlds/modern-day-2026-vwk5|/worlds/modern-day-2026-xcx3,308|331|351|769|796|815|828|832|841|944|972|1010|1020,现代 2026
有底图,SAME_TITLE_DIFFERENT_HREF,现代世界 2026,25,/worlds/modern-day-192u|/worlds/modern-day-2026|/worlds/modern-day-59iv|/worlds/modern-day-5f8o|/worlds/modern-day-5l95|/worlds/modern-day-6sym|/worlds/modern-day-8cge|/worlds/modern-day-c4mq|/worlds/modern-day-hpal|/worlds/modern-day-ispe|/worlds/modern-day-jk6m|/worlds/modern-day-k4f9|/worlds/modern-day-kou0|/worlds/modern-day-oyge|/worlds/modern-day-r3a4|/worlds/modern-day-x9e6|/worlds/modern-day-xj27|/worlds/modern-day-y9fl|/worlds/xian-dai-shi-jie-2026-0bhd|/worlds/xian-dai-shi-jie-2026-3kn1|/worlds/xian-dai-shi-jie-2026-cr99|/worlds/xian-dai-shi-jie-2026-fx6u|/worlds/xian-dai-shi-jie-2026-hxb6|/worlds/xian-dai-shi-jie-2026-t4w5|/worlds/xian-dai-shi-jie-2026-wytq,6|66|194|196|450|451|488|496|575|593|606|627|628|629|650|719|729|817|935|943|945|951|970|1033|1047,现代世界 2026
有底图,SAME_TITLE_DIFFERENT_HREF,现代世界 2026 副本,3,/worlds/modern-day-knhf|/worlds/modern-day-lg6f|/worlds/modern-day-vl7l,446|619|661,现代世界 2026 副本
有底图,SAME_TITLE_DIFFERENT_HREF,现代社会 2026,2,/worlds/modern-day-2026-adid|/worlds/modern-day-2026-jm86,746|779,现代社会 2026
有底图,SAME_TITLE_DIFFERENT_HREF,现代篇 2026,4,/worlds/modern-day-2026-are7|/worlds/modern-day-2026-d9nm|/worlds/modern-day-2026-gs8r|/worlds/modern-day-2026-jomy,736|744|798|818,现代篇 2026
有底图,SAME_TITLE_DIFFERENT_HREF,现代篇：2026,2,/worlds/modern-day-2026-0oxe|/worlds/modern-day-2026-cwan,738|752,现代篇：2026
有底图,SAME_TITLE_DIFFERENT_HREF,现代纪元 2026,2,/worlds/modern-day-2026-fmcc|/worlds/modern-day-2026-zedt,748|771,现代纪元 2026
有底图,SAME_TITLE_DIFFERENT_HREF,甜心校园 (Sweet Amoris),2,/worlds/sweet-amoris-instituto-corazon-de-melon-dpe4|/worlds/sweet-amoris-instituto-corazon-de-melon-mme9,38|439,甜心校园 (Sweet Amoris)
有底图,SAME_TITLE_DIFFERENT_HREF,皮囊 2007,2,/worlds/skins-2007-8cs7|/worlds/skins-2007-a8d9,101|808,皮囊 2007
有底图,SAME_TITLE_DIFFERENT_HREF,第二次世界大战：1935世界,7,/worlds/segunda-guerra-mundial-mundo-1935-2lz1|/worlds/segunda-guerra-mundial-mundo-1935-fz0r|/worlds/segunda-guerra-mundial-mundo-1935-hfhz|/worlds/segunda-guerra-mundial-mundo-1935-ubu9|/worlds/segunda-guerra-mundial-mundo-1935-v1jk|/worlds/segunda-guerra-mundial-mundo-1935-wt3x|/worlds/segunda-guerra-mundial-mundo-1935-xamv,833|849|903|934|965|1003|1025,第二次世界大战：1935世界
有底图,SAME_TITLE_DIFFERENT_HREF,第二次世界大战：1935年世界,2,/worlds/segunda-guerra-mundial-mundo-1935-jj01|/worlds/segunda-guerra-mundial-mundo-1935-u7dh,758|842,第二次世界大战：1935年世界
有底图,SAME_TITLE_DIFFERENT_HREF,蝙蝠家族大冒险,5,/worlds/batfamily-adventures-1j9v|/worlds/batfamily-adventures-8kuy|/worlds/batfamily-adventures-i50j|/worlds/batfamily-adventures-vean|/worlds/batfamily-adventures-y2th,31|228|296|502|870,蝙蝠家族大冒险
有底图,SAME_TITLE_DIFFERENT_HREF,说服疯狂偶像放你走,3,/worlds/convince-the-crazy-idol-to-let-you-out-kgi0|/worlds/convince-the-crazy-idol-to-let-you-out-whqr|/worlds/shuo-fu-feng-kuang-ou-xiang-fang-ni-zou-w7sw,43|113|339,说服疯狂偶像放你走
有底图,SAME_TITLE_DIFFERENT_HREF,降世神通：最后的气宗,2,/worlds/avatar-la-leyenda-de-aang-0eet|/worlds/avatar-la-leyenda-de-aang-udee,30|338,降世神通：最后的气宗
有底图,SAME_TITLE_DIFFERENT_HREF,霍格沃茨模拟器,3,/worlds/hogwarts-simulator-q5k9|/worlds/hogwarts-wing|/worlds/huo-ge-wo-ci-mo-ni-qi-a0aecd49ecc4,217|368|794,霍格沃茨模拟器
有底图,SAME_TITLE_DIFFERENT_HREF,鬼灭之刃,4,/worlds/demon-slayer-fnvv|/worlds/demon-slayer-kimetsu-no-yaiba-0mis|/worlds/demon-slayer-kimetsu-no-yaiba-3swm|/worlds/demon-slayer-v4kd,19|185|847|1012,鬼灭之刃
有底图,SAME_TITLE_DIFFERENT_HREF,鬼灭之刃模拟器,142,/worlds/demon-slayer-simulator|/worlds/demon-slayer-simulator-00mc|/worlds/demon-slayer-simulator-09sx|/worlds/demon-slayer-simulator-0wcg|/worlds/demon-slayer-simulator-0y17|/worlds/demon-slayer-simulator-1053|/worlds/demon-slayer-simulator-14rm|/worlds/demon-slayer-simulator-17zk|/worlds/demon-slayer-simulator-1akm|/worlds/demon-slayer-simulator-1b8o|/worlds/demon-slayer-simulator-1jgt|/worlds/demon-slayer-simulator-1wcv|/worlds/demon-slayer-simulator-23ff|/worlds/demon-slayer-simulator-2d75|/worlds/demon-slayer-simulator-2p89|/worlds/demon-slayer-simulator-2s21|/worlds/demon-slayer-simulator-31oe|/worlds/demon-slayer-simulator-32sp|/worlds/demon-slayer-simulator-3855|/worlds/demon-slayer-simulator-3ns1|/worlds/demon-slayer-simulator-42r6|/worlds/demon-slayer-simulator-45lm|/worlds/demon-slayer-simulator-45sp|/worlds/demon-slayer-simulator-4gzq|/worlds/demon-slayer-simulator-4j0u|/worlds/demon-slayer-simulator-5hyw|/worlds/demon-slayer-simulator-5k75|/worlds/demon-slayer-simulator-5lo4|/worlds/demon-slayer-simulator-5taf|/worlds/demon-slayer-simulator-66rw|/worlds/demon-slayer-simulator-68m1|/worlds/demon-slayer-simulator-6bkr|/worlds/demon-slayer-simulator-6c5i|/worlds/demon-slayer-simulator-6ds1|/worlds/demon-slayer-simulator-6qt5|/worlds/demon-slayer-simulator-6u52|/worlds/demon-slayer-simulator-7aiw|/worlds/demon-slayer-simulator-7jpe|/worlds/demon-slayer-simulator-7kw5|/worlds/demon-slayer-simulator-7ogp|/worlds/demon-slayer-simulator-80z2|/worlds/demon-slayer-simulator-8i42|/worlds/demon-slayer-simulator-8uli|/worlds/demon-slayer-simulator-97gt|/worlds/demon-slayer-simulator-9h0i|/worlds/demon-slayer-simulator-9ruu|/worlds/demon-slayer-simulator-a3dw|/worlds/demon-slayer-simulator-a7jt|/worlds/demon-slayer-simulator-a9y8|/worlds/demon-slayer-simulator-ao0y|/worlds/demon-slayer-simulator-apu9|/worlds/demon-slayer-simulator-bg1g|/worlds/demon-slayer-simulator-bqdf|/worlds/demon-slayer-simulator-br6w|/worlds/demon-slayer-simulator-ccpg|/worlds/demon-slayer-simulator-ceup|/worlds/demon-slayer-simulator-cglo|/worlds/demon-slayer-simulator-chzl|/worlds/demon-slayer-simulator-cq1z|/worlds/demon-slayer-simulator-czzo|/worlds/demon-slayer-simulator-dk1l|/worlds/demon-slayer-simulator-e8yu|/worlds/demon-slayer-simulator-ekw8|/worlds/demon-slayer-simulator-epgl|/worlds/demon-slayer-simulator-ern2|/worlds/demon-slayer-simulator-fjrj|/worlds/demon-slayer-simulator-fwmd|/worlds/demon-slayer-simulator-gxcu|/worlds/demon-slayer-simulator-h0r2|/worlds/demon-slayer-simulator-h432|/worlds/demon-slayer-simulator-h9c2|/worlds/demon-slayer-simulator-ha6v|/worlds/demon-slayer-simulator-hmk9|/worlds/demon-slayer-simulator-hqk7|/worlds/demon-slayer-simulator-i5je|/worlds/demon-slayer-simulator-i7pn|/worlds/demon-slayer-simulator-ifw8|/worlds/demon-slayer-simulator-ivos|/worlds/demon-slayer-simulator-jqj3|/worlds/demon-slayer-simulator-k544|/worlds/demon-slayer-simulator-kbkm|/worlds/demon-slayer-simulator-kcd3|/worlds/demon-slayer-simulator-km3a|/worlds/demon-slayer-simulator-kqar|/worlds/demon-slayer-simulator-l9jf|/worlds/demon-slayer-simulator-lgcb|/worlds/demon-slayer-simulator-lthz|/worlds/demon-slayer-simulator-lua0|/worlds/demon-slayer-simulator-my0c|/worlds/demon-slayer-simulator-nty3|/worlds/demon-slayer-simulator-o1z2|/worlds/demon-slayer-simulator-o7j6|/worlds/demon-slayer-simulator-ogrh|/worlds/demon-slayer-simulator-on4c|/worlds/demon-slayer-simulator-p1z4|/worlds/demon-slayer-simulator-p31c|/worlds/demon-slayer-simulator-piax|/worlds/demon-slayer-simulator-pjp1|/worlds/demon-slayer-simulator-pptj|/worlds/demon-slayer-simulator-q1f5|/worlds/demon-slayer-simulator-q2he|/worlds/demon-slayer-simulator-q4du|/worlds/demon-slayer-simulator-qhj2|/worlds/demon-slayer-simulator-qie1|/worlds/demon-slayer-simulator-qt4l|/worlds/demon-slayer-simulator-r4dg|/worlds/demon-slayer-simulator-rky6|/worlds/demon-slayer-simulator-rzkl|/worlds/demon-slayer-simulator-s148|/worlds/demon-slayer-simulator-sahr|/worlds/demon-slayer-simulator-sc06|/worlds/demon-slayer-simulator-sg0y|/worlds/demon-slayer-simulator-sjfl|/worlds/demon-slayer-simulator-svyp|/worlds/demon-slayer-simulator-t31u|/worlds/demon-slayer-simulator-t4zo|/worlds/demon-slayer-simulator-tmay|/worlds/demon-slayer-simulator-tqzy|/worlds/demon-slayer-simulator-tu9r|/worlds/demon-slayer-simulator-tv9c|/worlds/demon-slayer-simulator-txdk|/worlds/demon-slayer-simulator-uhrn|/worlds/demon-slayer-simulator-uywn|/worlds/demon-slayer-simulator-v5n4|/worlds/demon-slayer-simulator-vcrk|/worlds/demon-slayer-simulator-vdjm|/worlds/demon-slayer-simulator-w1z5|/worlds/demon-slayer-simulator-w4m5|/worlds/demon-slayer-simulator-w9fe|/worlds/demon-slayer-simulator-wlq7|/worlds/demon-slayer-simulator-wsub|/worlds/demon-slayer-simulator-xbeg|/worlds/demon-slayer-simulator-xmvn|/worlds/demon-slayer-simulator-xnl7|/worlds/demon-slayer-simulator-xv5r|/worlds/demon-slayer-simulator-y8ya|/worlds/demon-slayer-simulator-yb0s|/worlds/demon-slayer-simulator-yfez|/worlds/demon-slayer-simulator-ytic|/worlds/demon-slayer-simulator-yv90|/worlds/demon-slayer-simulator-z1bn|/worlds/demon-slayer-simulator-zq5c,1|50|73|115|121|126|148|150|155|157|158|170|183|192|206|226|231|240|241|242|246|260|263|264|273|280|282|283|287|304|321|335|352|357|378|387|389|401|411|425|453|454|456|457|462|464|465|515|519|520|530|531|542|555|634|660|669|682|761|764|768|770|773|775|776|783|786|793|795|803|809|816|819|821|846|851|853|854|862|864|865|866|867|868|869|874|875|882|885|893|894|895|896|898|900|902|904|905|911|913|914|915|920|923|926|932|933|936|937|939|940|952|953|954|955|958|969|971|980|981|987|991|992|994|997|998|1009|1015|1016|1017|1018|1024|1037|1038|1041|1042|1043|1044|1045|1055|1067|1081,鬼灭之刃模拟器
有底图,SAME_TITLE_DIFFERENT_HREF,鬼灭之刃模拟器 副本,6,/worlds/demon-slayer-simulator-3vbu|/worlds/demon-slayer-simulator-44na|/worlds/demon-slayer-simulator-9asn|/worlds/demon-slayer-simulator-jg8n|/worlds/demon-slayer-simulator-p4nv|/worlds/demon-slayer-simulator-w8zg,359|396|483|484|485|814,鬼灭之刃模拟器 副本
有底图,SAME_TITLE_DIFFERENT_HREF,鬼灭模拟器,13,/worlds/demon-slayer-simulator-5zzu|/worlds/demon-slayer-simulator-73ds|/worlds/demon-slayer-simulator-764h|/worlds/demon-slayer-simulator-cn3k|/worlds/demon-slayer-simulator-copy-axy3|/worlds/demon-slayer-simulator-ejxq|/worlds/demon-slayer-simulator-h1yk|/worlds/demon-slayer-simulator-hric|/worlds/demon-slayer-simulator-i0wp|/worlds/demon-slayer-simulator-kufg|/worlds/demon-slayer-simulator-mmc5|/worlds/demon-slayer-simulator-ogk3|/worlds/demon-slayer-simulator-yqbe,270|313|757|772|811|827|837|843|889|922|993|1026|1029,鬼灭模拟器
有底图,SAME_TITLE_DIFFERENT_HREF,鬼灭模拟器：鬼之视角,3,/worlds/demon-slayer-simulator-kjvo|/worlds/demon-slayer-simulator-mj3t|/worlds/demon-slayer-simulator-yzjg,16|566|569,鬼灭模拟器：鬼之视角
有底图,SAME_TITLE_DIFFERENT_HREF,龙之屋,3,/worlds/house-of-the-dragons-lm7w|/worlds/house-of-the-dragons-vx13|/worlds/la-casa-de-los-dragones-dw1w,64|122|253,龙之屋
有底图,SAME_TITLE_DIFFERENT_HREF,龙之舞（火与血）,3,/worlds/westeros-2k0j|/worlds/westeros-jpnd|/worlds/westeros-leek,35|892|901,龙之舞（火与血）
全部,SAME_TITLE_DIFFERENT_HREF,1,3,/worlds/1-33wf|/worlds/1-3qpb|/worlds/1-dr6l,354|434|888,1
全部,SAME_TITLE_DIFFERENT_HREF,Academia Elysium,2,/worlds/academia-elysium-871b33de8d4d|/worlds/instituto-de-chicos-s8s5,65|558,Academia Elysium
全部,SAME_TITLE_DIFFERENT_HREF,BTS,3,/worlds/bts-2fxx|/worlds/bts-2jpg|/worlds/bts-4hht,141|788|835,BTS
全部,SAME_TITLE_DIFFERENT_HREF,Cazador de Demonios: El Destino Final,2,/worlds/cazador-de-demonios-el-destino-final-0054|/worlds/cazador-de-demonios-el-destino-final-t59f,209|979,Cazador de Demonios: El Destino Final
全部,SAME_TITLE_DIFFERENT_HREF,Crusader Kings 3_gpt 5.6 优化,3,/worlds/crusader-kings-3-347y|/worlds/crusader-kings-3-97zk|/worlds/crusader-kings-3-sj9t,42|494|495,Crusader Kings 3_gpt 5.6 优化
全部,SAME_TITLE_DIFFERENT_HREF,Cumbres Borrascosas,2,/worlds/cumbres-borrascosas-9isk|/worlds/cumbres-borrascosas-9zyy,88|177,Cumbres Borrascosas
全部,SAME_TITLE_DIFFERENT_HREF,DC宇宙,33,/worlds/dc-universe-2m2e|/worlds/dc-universe-36qw|/worlds/dc-universe-40qc|/worlds/dc-universe-4mvh|/worlds/dc-universe-5f34|/worlds/dc-universe-5smz|/worlds/dc-universe-6bx1|/worlds/dc-universe-amrw|/worlds/dc-universe-bucb|/worlds/dc-universe-cfla|/worlds/dc-universe-drfm|/worlds/dc-universe-dsxq|/worlds/dc-universe-e5s5|/worlds/dc-universe-fbfu|/worlds/dc-universe-fml5|/worlds/dc-universe-jwq3|/worlds/dc-universe-k2mx|/worlds/dc-universe-kf9a|/worlds/dc-universe-kpls|/worlds/dc-universe-l30a|/worlds/dc-universe-mu44|/worlds/dc-universe-nzt7|/worlds/dc-universe-qfxr|/worlds/dc-universe-t616|/worlds/dc-universe-tizr|/worlds/dc-universe-u3g7|/worlds/dc-universe-ufbi|/worlds/dc-universe-w43v|/worlds/dc-universe-x4pg|/worlds/dc-universe-y8yg|/worlds/dc-universe-zn5b|/worlds/dc-universe-zwf5|/worlds/universo-dc-qcf0,10|61|89|137|224|265|278|289|340|448|460|466|481|486|490|491|500|501|503|509|518|534|535|545|546|547|564|961|973|984|1036|1061|1085,DC宇宙
全部,SAME_TITLE_DIFFERENT_HREF,Demon Slayer Simulator,3,/worlds/demon-slayer-simulator-4rii|/worlds/demon-slayer-simulator-qan9|/worlds/demon-slayer-simulator-shfm,385|754|1062,Demon Slayer Simulator
全部,SAME_TITLE_DIFFERENT_HREF,Demon Slayer Simulator Copia,32,/worlds/demon-slayer-simulator-18kq|/worlds/demon-slayer-simulator-1l7g|/worlds/demon-slayer-simulator-23vc|/worlds/demon-slayer-simulator-2iup|/worlds/demon-slayer-simulator-2oyt|/worlds/demon-slayer-simulator-5rkp|/worlds/demon-slayer-simulator-5x9e|/worlds/demon-slayer-simulator-68qp|/worlds/demon-slayer-simulator-6edy|/worlds/demon-slayer-simulator-8lzw|/worlds/demon-slayer-simulator-8t7g|/worlds/demon-slayer-simulator-9ze1|/worlds/demon-slayer-simulator-cd0y|/worlds/demon-slayer-simulator-dipn|/worlds/demon-slayer-simulator-e0rv|/worlds/demon-slayer-simulator-eazh|/worlds/demon-slayer-simulator-esqq|/worlds/demon-slayer-simulator-fgf1|/worlds/demon-slayer-simulator-fngi|/worlds/demon-slayer-simulator-go4m|/worlds/demon-slayer-simulator-iqul|/worlds/demon-slayer-simulator-mq2a|/worlds/demon-slayer-simulator-ne4x|/worlds/demon-slayer-simulator-nxws|/worlds/demon-slayer-simulator-ogro|/worlds/demon-slayer-simulator-qudz|/worlds/demon-slayer-simulator-t4jv|/worlds/demon-slayer-simulator-uirg|/worlds/demon-slayer-simulator-xrby|/worlds/demon-slayer-simulator-xxho|/worlds/demon-slayer-simulator-yq9s|/worlds/demon-slayer-simulator-zqit,142|234|248|251|316|366|394|395|403|413|443|452|467|473|478|511|512|544|574|576|597|598|820|863|871|908|1000|1019|1065|1066|1079|1084,Demon Slayer Simulator Copia
全部,SAME_TITLE_DIFFERENT_HREF,Demon Slayer Simulator Copy,8,/worlds/demon-slayer-simulator-5pci|/worlds/demon-slayer-simulator-6916|/worlds/demon-slayer-simulator-khih|/worlds/demon-slayer-simulator-mp9n|/worlds/demon-slayer-simulator-mu8c|/worlds/demon-slayer-simulator-n4c9|/worlds/demon-slayer-simulator-ojk3|/worlds/demon-slayer-simulator-wvc1,63|256|386|408|429|433|751|857,Demon Slayer Simulator Copy
全部,SAME_TITLE_DIFFERENT_HREF,Demon Slayer: El Latido de la Serpiente (+18),4,/worlds/demon-slayer-el-latido-de-la-serpiente-1-ajc1|/worlds/demon-slayer-el-latido-de-la-serpiente-1-mlrx|/worlds/demon-slayer-el-latido-de-la-serpiente-1-ofxx|/worlds/demon-slayer-el-latido-de-la-serpiente-1-qh1v,67|110|348|373,Demon Slayer: El Latido de la Serpiente (+18)
全部,SAME_TITLE_DIFFERENT_HREF,Gotham City,3,/worlds/gotham-city-dcan|/worlds/gotham-city-ot1i|/worlds/gotham-city-uax4,60|372|414,Gotham City
全部,SAME_TITLE_DIFFERENT_HREF,High School Simulator 2018: El Culto del Engendro,2,/worlds/high-school-simulator-2018-el-culto-del-77de226f1c92|/worlds/high-school-simulator-2018-el-culto-del-f1a8875673fc,1136|1137,High School Simulator 2018: El Culto del Engendro
全部,SAME_TITLE_DIFFERENT_HREF,JOJO校园物语！,3,/worlds/jojos-escolar-70i3|/worlds/jojos-escolar-baxi|/worlds/jojos-escolar-qqtj,123|189|1001,JOJO校园物语！
全部,SAME_TITLE_DIFFERENT_HREF,Juego de Tronos (Canción de Hielo y Fuego) Copia,6,/worlds/westeros-4maf|/worlds/westeros-8mlt|/worlds/westeros-e5de|/worlds/westeros-jbh1|/worlds/westeros-rsxg|/worlds/westeros-uzxs,305|469|470|474|521|1060,Juego de Tronos (Canción de Hielo y Fuego) Copia
全部,SAME_TITLE_DIFFERENT_HREF,Los 100 novios que te aman mucho,2,/worlds/los-100-novios-que-te-aman-mucho-dv0o|/worlds/los-100-novios-que-te-aman-mucho-k9gs,1121|1130,Los 100 novios que te aman mucho
全部,SAME_TITLE_DIFFERENT_HREF,Modern Day 2026,2,/worlds/modern-day-2026-3dy7|/worlds/modern-day-2026-bwps,432|445,Modern Day 2026
全部,SAME_TITLE_DIFFERENT_HREF,Modern Day 2026 Copy,4,/worlds/modern-day-9xk8|/worlds/modern-day-c3sj|/worlds/modern-day-t2ye|/worlds/modern-day-w6pf,323|528|533|572,Modern Day 2026 Copy
全部,SAME_TITLE_DIFFERENT_HREF,Mundo de Elaria !,2,/worlds/mundo-de-elaria-mape|/worlds/mundo-de-elaria-rfam,129|562,Mundo de Elaria !
全部,SAME_TITLE_DIFFERENT_HREF,Pandora,2,/worlds/pandora-mzjt|/worlds/pandora-rork,388|423,Pandora
全部,SAME_TITLE_DIFFERENT_HREF,Pokemon 🔴 Copy,2,/worlds/pokemon-59df|/worlds/pokemon-8ofx,441|1083,Pokemon 🔴 Copy
全部,SAME_TITLE_DIFFERENT_HREF,Sans AUs,3,/worlds/sans-au-s-11d6|/worlds/sans-au-s-h7fv|/worlds/sans-au-s-jhfu,78|284|1021,Sans AUs
全部,SAME_TITLE_DIFFERENT_HREF,Segunda Guerra Mundial: Mundo 1935 Copia,2,/worlds/ww2-5k8a|/worlds/ww2-yu2l,383|487,Segunda Guerra Mundial: Mundo 1935 Copia
全部,SAME_TITLE_DIFFERENT_HREF,Simulador de Demon Slayer (Versión español y mejorada),5,/worlds/demon-slayer-simulator-f8pn|/worlds/demon-slayer-simulator-fucd|/worlds/demon-slayer-simulator-qtko|/worlds/demon-slayer-simulator-skhp|/worlds/demon-slayer-simulator-szed,57|118|590|591|995,Simulador de Demon Slayer (Versión español y mejorada)
全部,SAME_TITLE_DIFFERENT_HREF,WW2 Game,2,/worlds/ww2-game-1fgb|/worlds/ww2-game-ccuj,360|459,WW2 Game
全部,SAME_TITLE_DIFFERENT_HREF,WW2 Game Copy,3,/worlds/ww2-5bbk|/worlds/ww2-jsyv|/worlds/ww2-rjl6,524|527|540,WW2 Game Copy
全部,SAME_TITLE_DIFFERENT_HREF,World War I Game Copy,3,/worlds/ww1-amyq|/worlds/ww1-euz1|/worlds/ww1-iss9,526|614|615,World War I Game Copy
全部,SAME_TITLE_DIFFERENT_HREF,₊˚‧ 索尼克世界 ˚.,12,/worlds/o-i-o-0rpv|/worlds/o-i-o-2ciq|/worlds/o-i-o-3fzm|/worlds/o-i-o-50y6|/worlds/o-i-o-55ul|/worlds/o-i-o-96xi|/worlds/o-i-o-9k3p|/worlds/o-i-o-buwv|/worlds/o-i-o-i3ge|/worlds/o-i-o-ogwg|/worlds/o-i-o-to5o|/worlds/o-i-o-x9nd,18|154|171|188|274|291|326|382|436|437|999|1080,₊˚‧ 索尼克世界 ˚.
全部,SAME_TITLE_DIFFERENT_HREF,⚔️ Vida Medieval ⚔️,2,/worlds/vida-medieval-hul0|/worlds/vida-medieval-vede,379|416,⚔️ Vida Medieval ⚔️
全部,SAME_TITLE_DIFFERENT_HREF,⚔️ 中世纪生活 ⚔️,23,/worlds/medieval-life-0rk8|/worlds/medieval-life-73g5|/worlds/vida-medieval-2ty2|/worlds/vida-medieval-4z7y|/worlds/vida-medieval-540o|/worlds/vida-medieval-7ygs|/worlds/vida-medieval-82ew|/worlds/vida-medieval-8ov9|/worlds/vida-medieval-baiq|/worlds/vida-medieval-bd4e|/worlds/vida-medieval-br3p|/worlds/vida-medieval-cdgq|/worlds/vida-medieval-e0km|/worlds/vida-medieval-eefx|/worlds/vida-medieval-f1z0|/worlds/vida-medieval-gywx|/worlds/vida-medieval-iwmc|/worlds/vida-medieval-tj52|/worlds/vida-medieval-w5rd|/worlds/vida-medieval-zvyd|/worlds/zhong-shi-ji-sheng-huo-pf6a|/worlds/zhong-shi-ji-sheng-huo-smvf|/worlds/zhong-shi-ji-sheng-huo-ueqa,9|92|140|195|220|223|258|286|298|310|317|442|471|508|582|595|886|983|1011|1050|1075|1076|1077,⚔️ 中世纪生活 ⚔️
全部,SAME_TITLE_DIFFERENT_HREF,《精灵宝可梦·万象旅途》,7,/worlds/jing-ling-bao-ke-meng-wan-xiang-l-tu-6ab-38xs|/worlds/jing-ling-bao-ke-meng-wan-xiang-l-tu-6ab-iviq|/worlds/jing-ling-bao-ke-meng-wan-xiang-l-tu-6ab-jiue|/worlds/jing-ling-bao-ke-meng-wan-xiang-l-tu-6ab-kylg|/worlds/jing-ling-bao-ke-meng-wan-xiang-l-tu-6ab-viy5|/worlds/jing-ling-bao-ke-meng-wan-xiang-l-tu-6ab-yjh8|/worlds/jing-ling-bao-ke-meng-wan-xiang-l-tu-6abd61eb3a56,5|489|510|638|642|672|673,《精灵宝可梦·万象旅途》
全部,SAME_TITLE_DIFFERENT_HREF,《精灵宝可梦》·万象旅途,46,/worlds/jing-ling-bao-ke-meng-wan-xiang-l-tu-6ab-0hn7|/worlds/jing-ling-bao-ke-meng-wan-xiang-l-tu-6ab-16ma|/worlds/jing-ling-bao-ke-meng-wan-xiang-l-tu-6ab-2sqw|/worlds/jing-ling-bao-ke-meng-wan-xiang-l-tu-6ab-3rkx|/worlds/jing-ling-bao-ke-meng-wan-xiang-l-tu-6ab-3uqu|/worlds/jing-ling-bao-ke-meng-wan-xiang-l-tu-6ab-4bzo|/worlds/jing-ling-bao-ke-meng-wan-xiang-l-tu-6ab-4k9v|/worlds/jing-ling-bao-ke-meng-wan-xiang-l-tu-6ab-54uv|/worlds/jing-ling-bao-ke-meng-wan-xiang-l-tu-6ab-55v0|/worlds/jing-ling-bao-ke-meng-wan-xiang-l-tu-6ab-5bpf|/worlds/jing-ling-bao-ke-meng-wan-xiang-l-tu-6ab-6pmj|/worlds/jing-ling-bao-ke-meng-wan-xiang-l-tu-6ab-8jgs|/worlds/jing-ling-bao-ke-meng-wan-xiang-l-tu-6ab-8kc0|/worlds/jing-ling-bao-ke-meng-wan-xiang-l-tu-6ab-awgm|/worlds/jing-ling-bao-ke-meng-wan-xiang-l-tu-6ab-b3ms|/worlds/jing-ling-bao-ke-meng-wan-xiang-l-tu-6ab-c6e5|/worlds/jing-ling-bao-ke-meng-wan-xiang-l-tu-6ab-co45|/worlds/jing-ling-bao-ke-meng-wan-xiang-l-tu-6ab-dcsz|/worlds/jing-ling-bao-ke-meng-wan-xiang-l-tu-6ab-elhx|/worlds/jing-ling-bao-ke-meng-wan-xiang-l-tu-6ab-f8xa|/worlds/jing-ling-bao-ke-meng-wan-xiang-l-tu-6ab-fsdo|/worlds/jing-ling-bao-ke-meng-wan-xiang-l-tu-6ab-fy4g|/worlds/jing-ling-bao-ke-meng-wan-xiang-l-tu-6ab-g55e|/worlds/jing-ling-bao-ke-meng-wan-xiang-l-tu-6ab-g9hv|/worlds/jing-ling-bao-ke-meng-wan-xiang-l-tu-6ab-gh69|/worlds/jing-ling-bao-ke-meng-wan-xiang-l-tu-6ab-gz6n|/worlds/jing-ling-bao-ke-meng-wan-xiang-l-tu-6ab-i9ja|/worlds/jing-ling-bao-ke-meng-wan-xiang-l-tu-6ab-ix8p|/worlds/jing-ling-bao-ke-meng-wan-xiang-l-tu-6ab-iyrl|/worlds/jing-ling-bao-ke-meng-wan-xiang-l-tu-6ab-j6ot|/worlds/jing-ling-bao-ke-meng-wan-xiang-l-tu-6ab-jm8c|/worlds/jing-ling-bao-ke-meng-wan-xiang-l-tu-6ab-jn0o|/worlds/jing-ling-bao-ke-meng-wan-xiang-l-tu-6ab-kfvh|/worlds/jing-ling-bao-ke-meng-wan-xiang-l-tu-6ab-ks53|/worlds/jing-ling-bao-ke-meng-wan-xiang-l-tu-6ab-m0st|/worlds/jing-ling-bao-ke-meng-wan-xiang-l-tu-6ab-myqp|/worlds/jing-ling-bao-ke-meng-wan-xiang-l-tu-6ab-oi6m|/worlds/jing-ling-bao-ke-meng-wan-xiang-l-tu-6ab-on8p|/worlds/jing-ling-bao-ke-meng-wan-xiang-l-tu-6ab-qcx2|/worlds/jing-ling-bao-ke-meng-wan-xiang-l-tu-6ab-qhx8|/worlds/jing-ling-bao-ke-meng-wan-xiang-l-tu-6ab-t9x1|/worlds/jing-ling-bao-ke-meng-wan-xiang-l-tu-6ab-uuhq|/worlds/jing-ling-bao-ke-meng-wan-xiang-l-tu-6ab-v4je|/worlds/jing-ling-bao-ke-meng-wan-xiang-l-tu-6ab-vq50|/worlds/jing-ling-bao-ke-meng-wan-xiang-l-tu-6ab-y5bg|/worlds/jing-ling-bao-ke-meng-wan-xiang-l-tu-6ab-yhlu,52|76|165|167|232|390|430|479|506|539|584|588|589|594|600|601|602|603|604|607|610|612|616|617|620|621|635|636|643|645|646|647|649|652|659|662|664|666|668|675|681|683|684|697|703|704,《精灵宝可梦》·万象旅途
全部,SAME_TITLE_DIFFERENT_HREF,《精灵宝可梦》·万象旅途 副本,10,/worlds/jing-ling-bao-ke-meng-wan-xiang-l-tu-6ab-6dfn|/worlds/jing-ling-bao-ke-meng-wan-xiang-l-tu-6ab-7m92|/worlds/jing-ling-bao-ke-meng-wan-xiang-l-tu-6ab-acpk|/worlds/jing-ling-bao-ke-meng-wan-xiang-l-tu-6ab-hzow|/worlds/jing-ling-bao-ke-meng-wan-xiang-l-tu-6ab-mc1m|/worlds/jing-ling-bao-ke-meng-wan-xiang-l-tu-6ab-mgr9|/worlds/jing-ling-bao-ke-meng-wan-xiang-l-tu-6ab-o7ub|/worlds/jing-ling-bao-ke-meng-wan-xiang-l-tu-6ab-sgol|/worlds/jing-ling-bao-ke-meng-wan-xiang-l-tu-6ab-ufww|/worlds/jing-ling-bao-ke-meng-wan-xiang-l-tu-6ab-xqdn,336|605|613|622|631|648|665|698|700|1082,《精灵宝可梦》·万象旅途 副本
全部,SAME_TITLE_DIFFERENT_HREF,一战模拟器,3,/worlds/ww1-1914|/worlds/ww1-u1wf|/worlds/yi-zhan-mo-ni-qi-vm94,23|324|369,一战模拟器
全部,SAME_TITLE_DIFFERENT_HREF,三国模拟器,62,/worlds/san-guo-mo-ni-qi-7i9g|/worlds/san-guo-mo-ni-qi-axx9|/worlds/san-guo-mo-ni-qi-bncu|/worlds/san-guo-mo-ni-qi-g292|/worlds/san-guo-mo-ni-qi-su55|/worlds/sanguo-warlords|/worlds/sanguo-warlords-00jl|/worlds/sanguo-warlords-05yh|/worlds/sanguo-warlords-17qr|/worlds/sanguo-warlords-1j5p|/worlds/sanguo-warlords-2mx4|/worlds/sanguo-warlords-4g24|/worlds/sanguo-warlords-4rnk|/worlds/sanguo-warlords-6k1n|/worlds/sanguo-warlords-78sf|/worlds/sanguo-warlords-8akj|/worlds/sanguo-warlords-901k|/worlds/sanguo-warlords-9em4|/worlds/sanguo-warlords-a6id|/worlds/sanguo-warlords-ah12|/worlds/sanguo-warlords-bhrb|/worlds/sanguo-warlords-cu5h|/worlds/sanguo-warlords-dstp|/worlds/sanguo-warlords-e0tb|/worlds/sanguo-warlords-ei6p|/worlds/sanguo-warlords-fswj|/worlds/sanguo-warlords-hmlp|/worlds/sanguo-warlords-hr9p|/worlds/sanguo-warlords-hw4g|/worlds/sanguo-warlords-ie1b|/worlds/sanguo-warlords-iep3|/worlds/sanguo-warlords-jl2v|/worlds/sanguo-warlords-jqip|/worlds/sanguo-warlords-k2bm|/worlds/sanguo-warlords-kbab|/worlds/sanguo-warlords-m7d0|/worlds/sanguo-warlords-mbxy|/worlds/sanguo-warlords-npgw|/worlds/sanguo-warlords-o3z8|/worlds/sanguo-warlords-owcj|/worlds/sanguo-warlords-p8ps|/worlds/sanguo-warlords-q0uy|/worlds/sanguo-warlords-q6e9|/worlds/sanguo-warlords-qmuj|/worlds/sanguo-warlords-r193|/worlds/sanguo-warlords-rxd6|/worlds/sanguo-warlords-t559|/worlds/sanguo-warlords-twlc|/worlds/sanguo-warlords-u3dr|/worlds/sanguo-warlords-u8rk|/worlds/sanguo-warlords-ub7c|/worlds/sanguo-warlords-usz8|/worlds/sanguo-warlords-vgre|/worlds/sanguo-warlords-vihw|/worlds/sanguo-warlords-wsro|/worlds/sanguo-warlords-xj6j|/worlds/sanguo-warlords-y2rp|/worlds/sanguo-warlords-ydiw|/worlds/sanguo-warlords-z86v|/worlds/simulador-de-los-tres-reinos-2jxz|/worlds/simulador-de-los-tres-reinos-52ow|/worlds/simulador-de-los-tres-reinos-ww51,3|91|125|172|197|204|222|311|370|371|377|380|402|472|499|532|563|568|581|587|624|630|637|639|651|653|654|655|656|657|658|663|670|671|674|677|679|680|688|689|693|696|702|705|707|708|709|710|712|714|730|805|831|859|899|909|921|927|949|982|989|1048,三国模拟器
全部,SAME_TITLE_DIFFERENT_HREF,三国模拟器 副本,14,/worlds/sanguo-warlords-0rc4|/worlds/sanguo-warlords-3bcb|/worlds/sanguo-warlords-49wu|/worlds/sanguo-warlords-4g21|/worlds/sanguo-warlords-8213|/worlds/sanguo-warlords-cd7p|/worlds/sanguo-warlords-dbel|/worlds/sanguo-warlords-ghhe|/worlds/sanguo-warlords-kdr9|/worlds/sanguo-warlords-kg9h|/worlds/sanguo-warlords-kiil|/worlds/sanguo-warlords-m723|/worlds/sanguo-warlords-rem9|/worlds/sanguo-warlords-yxab,350|365|468|505|586|592|678|685|687|692|711|718|741|840,三国模拟器 副本
全部,SAME_TITLE_DIFFERENT_HREF,三国浮生录·列女传,3,/worlds/sanguo-58bc|/worlds/three-kingdoms-otome|/worlds/three-kingdoms-sh3f,32|722|1034,三国浮生录·列女传
全部,SAME_TITLE_DIFFERENT_HREF,中世纪奇幻RPG世界,7,/worlds/simulador-de-rpg-de-fantas-a-medieval-02wc|/worlds/simulador-de-rpg-de-fantas-a-medieval-2pu5|/worlds/simulador-de-rpg-de-fantas-a-medieval-69u5|/worlds/simulador-de-rpg-de-fantas-a-medieval-9dzg|/worlds/simulador-de-rpg-de-fantas-a-medieval-fsxa|/worlds/simulador-de-rpg-de-fantas-a-medieval-tyb4|/worlds/simulador-de-rpg-de-fantas-a-medieval-yy6j,21|173|208|288|404|406|440,中世纪奇幻RPG世界
全部,SAME_TITLE_DIFFERENT_HREF,中世纪奇幻模拟器,15,/worlds/simulador-de-fantas-a-medieval-2fm1|/worlds/simulador-de-fantas-a-medieval-2nmd|/worlds/simulador-de-fantas-a-medieval-8hvk|/worlds/simulador-de-fantas-a-medieval-cah4|/worlds/simulador-de-fantas-a-medieval-fk9p|/worlds/simulador-de-fantas-a-medieval-fkpo|/worlds/simulador-de-fantas-a-medieval-mhl5|/worlds/simulador-de-fantas-a-medieval-mohm|/worlds/simulador-de-fantas-a-medieval-nsyu|/worlds/simulador-de-fantas-a-medieval-qncr|/worlds/simulador-de-fantas-a-medieval-v09k|/worlds/simulador-de-fantas-a-medieval-vv8z|/worlds/simulador-de-fantas-a-medieval-wffd|/worlds/simulador-de-fantas-a-medieval-woic|/worlds/simulador-de-fantas-a-medieval-z5wj,11|174|247|272|299|364|431|449|476|493|514|608|609|623|690,中世纪奇幻模拟器
全部,SAME_TITLE_DIFFERENT_HREF,主播女孩重度依赖,11,/worlds/needy-streamer-overload-1442|/worlds/needy-streamer-overload-332h|/worlds/needy-streamer-overload-abb4|/worlds/needy-streamer-overload-bfcq|/worlds/needy-streamer-overload-kpvn|/worlds/needy-streamer-overload-pfek|/worlds/needy-streamer-overload-q7xx|/worlds/needy-streamer-overload-qfqv|/worlds/needy-streamer-overload-tz4f|/worlds/needy-streamer-overload-w7xv|/worlds/zhu-bo-n-hai-zhong-du-yi-lai-p61f,151|309|332|760|799|800|918|929|930|931|968,主播女孩重度依赖
全部,SAME_TITLE_DIFFERENT_HREF,主播女孩重度依赖 (Needy Streamer Overload),3,/worlds/needy-streamer-overload|/worlds/needy-streamer-overload-xc8b|/worlds/zhu-bo-n-hai-zhong-du-yi-lai-needy-strea-3bb5,14|250|438,主播女孩重度依赖 (Needy Streamer Overload)
全部,SAME_TITLE_DIFFERENT_HREF,二战模拟器,59,/worlds/er-zhan-mo-ni-qi-7opr|/worlds/er-zhan-mo-ni-qi-cjyz|/worlds/er-zhan-mo-ni-qi-fmbw|/worlds/er-zhan-mo-ni-qi-g45f|/worlds/er-zhan-mo-ni-qi-ornp|/worlds/er-zhan-mo-ni-qi-pw6m|/worlds/er-zhan-mo-ni-qi-yn1p|/worlds/ww2-012f|/worlds/ww2-1935|/worlds/ww2-1a06|/worlds/ww2-1bdy|/worlds/ww2-1nre|/worlds/ww2-1q8s|/worlds/ww2-2mha|/worlds/ww2-38yo|/worlds/ww2-3w0s|/worlds/ww2-6p99|/worlds/ww2-6vmp|/worlds/ww2-8jje|/worlds/ww2-cbsb|/worlds/ww2-creh|/worlds/ww2-d7j5|/worlds/ww2-e4db|/worlds/ww2-eslj|/worlds/ww2-gh7l|/worlds/ww2-gnm3|/worlds/ww2-gu2n|/worlds/ww2-h2ax|/worlds/ww2-h68w|/worlds/ww2-i0t4|/worlds/ww2-ica9|/worlds/ww2-ivn7|/worlds/ww2-j1aw|/worlds/ww2-j5h2|/worlds/ww2-jls6|/worlds/ww2-k2oo|/worlds/ww2-k696|/worlds/ww2-k8yh|/worlds/ww2-kgs6|/worlds/ww2-kh2u|/worlds/ww2-khqx|/worlds/ww2-ks1m|/worlds/ww2-m0bg|/worlds/ww2-oeb0|/worlds/ww2-qaik|/worlds/ww2-rj82|/worlds/ww2-rpo9|/worlds/ww2-rzo5|/worlds/ww2-s8jh|/worlds/ww2-tsy9|/worlds/ww2-u3pu|/worlds/ww2-uelg|/worlds/ww2-woye|/worlds/ww2-wqrx|/worlds/ww2-xq7x|/worlds/ww2-ycqw|/worlds/ww2-yzph|/worlds/ww2-z1ly|/worlds/ww2-zngk,2|47|116|143|230|243|292|293|301|303|322|334|337|342|344|363|399|417|419|420|447|463|541|565|596|611|632|633|644|676|686|720|723|724|727|728|733|735|737|742|745|747|750|785|789|838|848|878|890|906|950|956|963|966|985|1007|1030|1051|1071,二战模拟器
全部,SAME_TITLE_DIFFERENT_HREF,二战模拟器 副本,12,/worlds/ww2-7237|/worlds/ww2-8r9t|/worlds/ww2-ga22|/worlds/ww2-gzft|/worlds/ww2-l4ju|/worlds/ww2-r0x3|/worlds/ww2-s3hj|/worlds/ww2-u7ng|/worlds/ww2-vesn|/worlds/ww2-x3d1|/worlds/ww2-x6ni|/worlds/ww2-xwo2,182|376|384|482|548|640|731|732|739|1027|1054|1072,二战模拟器 副本
全部,SAME_TITLE_DIFFERENT_HREF,二战：1935世界,5,/worlds/ww2-u3ye|/worlds/ww2-world-1935-bd2n|/worlds/ww2-world-1935-itl7|/worlds/ww2-world-1935-kme5|/worlds/ww2-world-1935-tu3y,145|249|810|855|873,二战：1935世界
全部,SAME_TITLE_DIFFERENT_HREF,以色列总理模拟器,2,/worlds/yi-se-lie-zong-li-mo-ni-qi-1cax|/worlds/yi-se-lie-zong-li-mo-ni-qi-wnck,1095|1163,以色列总理模拟器
全部,SAME_TITLE_DIFFERENT_HREF,冷战模拟器,8,/worlds/cold-war-1947|/worlds/cold-war-80oj|/worlds/cold-war-8712|/worlds/cold-war-e2xr|/worlds/leng-zhan-mo-ni-qi-lb9w|/worlds/leng-zhan-mo-ni-qi-rr9c|/worlds/simulador-de-guerra-fr-a-h3c4|/worlds/simulador-de-guerra-fr-a-zi27,12|626|726|734|777|797|844|938,冷战模拟器
全部,SAME_TITLE_DIFFERENT_HREF,勇敢新世界：2020,2,/worlds/yong-gan-xin-shi-jie-2020-37cj|/worlds/yong-gan-xin-shi-jie-2020-5e1fb9,25|1104,勇敢新世界：2020
全部,SAME_TITLE_DIFFERENT_HREF,十字军之王3,13,/worlds/crusader-kings-3|/worlds/crusader-kings-3-1rt0|/worlds/crusader-kings-3-b92c|/worlds/crusader-kings-3-eh8b|/worlds/crusader-kings-3-iqga|/worlds/crusader-kings-3-iwwz|/worlds/crusader-kings-3-leas|/worlds/crusader-kings-3-m8oc|/worlds/crusader-kings-3-mv0k|/worlds/crusader-kings-3-oo8b|/worlds/crusader-kings-3-vey3|/worlds/shi-zi-jun-zhi-wang-3-ohtm|/worlds/shi-zi-jun-zhi-wang-3-tapi,13|124|203|391|477|492|553|570|571|706|713|1035|1068,十字军之王3
全部,SAME_TITLE_DIFFERENT_HREF,十字军之王3 副本,2,/worlds/crusader-kings-3-1bkp|/worlds/crusader-kings-3-s9k2,1073|1074,十字军之王3 副本
全部,SAME_TITLE_DIFFERENT_HREF,十字军之王：法兰西,6,/worlds/crusader-2f56|/worlds/crusader-3uqq|/worlds/crusader-ak43|/worlds/crusader-kings|/worlds/crusader-rxzi|/worlds/shi-zi-jun-zhi-wang-fa-lan-xi-p904,27|974|975|976|977|1008,十字军之王：法兰西
全部,SAME_TITLE_DIFFERENT_HREF,博人传：新时代,14,/worlds/boruto-next-generations-38ef|/worlds/boruto-next-generations-b2i1|/worlds/boruto-next-generations-bisa|/worlds/boruto-next-generations-efvz|/worlds/boruto-next-generations-epk1|/worlds/boruto-next-generations-khx7|/worlds/boruto-next-generations-krvw|/worlds/boruto-next-generations-myxe|/worlds/boruto-next-generations-nomx|/worlds/boruto-next-generations-nwg8|/worlds/boruto-next-generations-o2lc|/worlds/boruto-next-generations-vc40|/worlds/boruto-next-generations-wg2o|/worlds/boruto-next-generations-x4qz,1088|1106|1112|1113|1114|1138|1139|1143|1170|1171|1174|1178|1180|1181,博人传：新时代
全部,SAME_TITLE_DIFFERENT_HREF,历史模拟器：崇祯,7,/worlds/chongzhen|/worlds/chongzhen-2k7u|/worlds/chongzhen-eldg|/worlds/chongzhen-ndz6|/worlds/chongzhen-s1t7|/worlds/chongzhen-sbto|/worlds/chongzhen-tiox,15|128|507|513|543|695|1002,历史模拟器：崇祯
全部,SAME_TITLE_DIFFERENT_HREF,原神,2,/worlds/genshin-impact-6kxd|/worlds/genshin-impact-md6n,41|107,原神
全部,SAME_TITLE_DIFFERENT_HREF,吻，吻，留堂,6,/worlds/kiss-kiss-detention-4zdy|/worlds/kiss-kiss-detention-e4du|/worlds/kiss-kiss-detention-ehi5|/worlds/kiss-kiss-detention-njct|/worlds/kiss-kiss-detention-qrzc|/worlds/kiss-kiss-detention-xpwq,20|355|522|523|579|1063,吻，吻，留堂
全部,SAME_TITLE_DIFFERENT_HREF,咒术回战,2,/worlds/jjk-99oq|/worlds/jujutsukaisen-m02z,277|996,咒术回战
全部,SAME_TITLE_DIFFERENT_HREF,咒术回战世界-更多人物，更高自由！,13,/worlds/jujutsu-1lyz|/worlds/jujutsu-350x|/worlds/jujutsu-3frq|/worlds/jujutsu-4gp9|/worlds/jujutsu-74cx|/worlds/jujutsu-7mni|/worlds/jujutsu-abkr|/worlds/jujutsu-bh65|/worlds/jujutsu-ce5w|/worlds/jujutsu-fek8|/worlds/jujutsu-oxrn|/worlds/jujutsu-yn8k|/worlds/jujutsu-zv89,7|146|345|400|409|426|641|667|701|716|924|990|1006,咒术回战世界-更多人物，更高自由！
全部,SAME_TITLE_DIFFERENT_HREF,咒术回战世界：更多角色，更高自由度！,9,/worlds/jujutsu-22if|/worlds/jujutsu-c8t9|/worlds/jujutsu-ezna|/worlds/jujutsu-iwot|/worlds/jujutsu-leev|/worlds/jujutsu-pw0n|/worlds/jujutsu-sakr|/worlds/jujutsu-sb49|/worlds/jujutsu-sgad,320|393|405|498|537|538|577|578|599,咒术回战世界：更多角色，更高自由度！
全部,SAME_TITLE_DIFFERENT_HREF,墨西哥总统模拟器,3,/worlds/simulador-de-presidente-de-m-xico-ibx0|/worlds/simulador-de-presidente-de-m-xico-szsr|/worlds/simulador-de-presidente-de-m-xico-wf8l,37|1031|1032,墨西哥总统模拟器
全部,SAME_TITLE_DIFFERENT_HREF,宝可梦 (帕希欧),2,/worlds/pok-mon-passio-gcrc|/worlds/pok-mon-passio-xlq0,1092|1124,宝可梦 (帕希欧)
全部,SAME_TITLE_DIFFERENT_HREF,宝可梦 🔴,3,/worlds/bao-ke-meng-jswr|/worlds/pokemon-hjk6|/worlds/pokemon-v0qz,8|87|461,宝可梦 🔴
全部,SAME_TITLE_DIFFERENT_HREF,宝可梦：开局阿尔宙斯，修改万物资质,2,/worlds/bao-ke-meng-kai-ju-a-er-zhou-si-xiu-gai--t9mb|/worlds/bao-ke-meng-kai-ju-a-er-zhou-si-xiu-gai-5f9a6d43fd16,176|691,宝可梦：开局阿尔宙斯，修改万物资质
全部,SAME_TITLE_DIFFERENT_HREF,少年泰坦,2,/worlds/teen-titans-iwp4|/worlds/teen-titans-pm99,98|255,少年泰坦
全部,SAME_TITLE_DIFFERENT_HREF,恋上救生员,5,/worlds/falling-for-the-lifeguard-gdvm|/worlds/falling-for-the-lifeguard-h4y5|/worlds/falling-for-the-lifeguard-ndh5|/worlds/falling-for-the-lifeguard-u42x|/worlds/falling-for-the-lifeguard-uhh0,22|162|504|560|580,恋上救生员
全部,SAME_TITLE_DIFFERENT_HREF,我的世界,3,/worlds/mi-mundo-fx8f|/worlds/mi-mundo-vus6|/worlds/my-world-cht3,191|266|787,我的世界
全部,SAME_TITLE_DIFFERENT_HREF,战国模拟器,5,/worlds/warring-6518|/worlds/warring-68tm|/worlds/warring-73j4|/worlds/warring-94yd|/worlds/warring-states,26|184|583|910|947,战国模拟器
全部,SAME_TITLE_DIFFERENT_HREF,放纵的鬼灭之刃,2,/worlds/demon-slayer-simulator-di8e|/worlds/demon-slayer-simulator-yaae,160|567,放纵的鬼灭之刃
全部,SAME_TITLE_DIFFERENT_HREF,文明模拟器,2,/worlds/civilization-simulator|/worlds/wen-ming-mo-ni-qi-ar4w,39|715,文明模拟器
全部,SAME_TITLE_DIFFERENT_HREF,日本高中模拟器2018,33,/worlds/japanese-high-23t4|/worlds/japanese-high-2l6e|/worlds/japanese-high-5214|/worlds/japanese-high-5hmx|/worlds/japanese-high-6qzc|/worlds/japanese-high-75p9|/worlds/japanese-high-783e|/worlds/japanese-high-7e1z|/worlds/japanese-high-aco4|/worlds/japanese-high-b2e2|/worlds/japanese-high-dms2|/worlds/japanese-high-eweq|/worlds/japanese-high-gt54|/worlds/japanese-high-gt5j|/worlds/japanese-high-gvfw|/worlds/japanese-high-ijze|/worlds/japanese-high-io0k|/worlds/japanese-high-jh38|/worlds/japanese-high-jmbg|/worlds/japanese-high-k7cb|/worlds/japanese-high-mdzm|/worlds/japanese-high-mxah|/worlds/japanese-high-pt99|/worlds/japanese-high-r43i|/worlds/japanese-high-school|/worlds/japanese-high-seph|/worlds/japanese-high-u3bw|/worlds/japanese-high-u5gi|/worlds/japanese-high-uhya|/worlds/japanese-high-w0ss|/worlds/japanese-high-w9wx|/worlds/japanese-high-xa25|/worlds/japanese-high-xnjw,1086|1116|1125|1129|1131|1132|1133|1135|1140|1141|1144|1145|1146|1149|1151|1152|1153|1154|1155|1156|1157|1159|1161|1162|1164|1165|1166|1167|1168|1173|1175|1176|1177,日本高中模拟器2018
全部,SAME_TITLE_DIFFERENT_HREF,末日生存庇护所,3,/worlds/wasteland-shelter|/worlds/wasteland-shelter-6rnp|/worlds/wasteland-shelter-s278,1096|1126|1179,末日生存庇护所
全部,SAME_TITLE_DIFFERENT_HREF,权力的游戏模拟器(冰与火之歌),33,/worlds/quan-li-de-you-xi-mo-ni-qi-bing-yu-huo-z-a4bt|/worlds/westeros|/worlds/westeros-0m04|/worlds/westeros-2jmh|/worlds/westeros-2rt4|/worlds/westeros-4mbe|/worlds/westeros-6zto|/worlds/westeros-85if|/worlds/westeros-8aor|/worlds/westeros-8nm9|/worlds/westeros-9j0d|/worlds/westeros-a3nu|/worlds/westeros-a5c2|/worlds/westeros-d1x9|/worlds/westeros-d6pj|/worlds/westeros-ee88|/worlds/westeros-jm1y|/worlds/westeros-lcmu|/worlds/westeros-lrpd|/worlds/westeros-nhzo|/worlds/westeros-niu1|/worlds/westeros-nqmt|/worlds/westeros-o6yp|/worlds/westeros-p3wo|/worlds/westeros-pdxq|/worlds/westeros-rows|/worlds/westeros-vhgq|/worlds/westeros-wor6|/worlds/westeros-xe8x|/worlds/westeros-y0uw|/worlds/westeros-y58h|/worlds/westeros-yt6y|/worlds/westeros-znja,4|99|271|276|307|412|517|549|550|551|552|585|781|792|802|804|807|824|829|850|881|891|907|916|941|942|957|960|964|1004|1013|1022|1039,权力的游戏模拟器(冰与火之歌)
全部,SAME_TITLE_DIFFERENT_HREF,权力的游戏（冰与火之歌）,4,/worlds/juego-de-tronos-canci-n-de-hielo-y-fuego-lvs3|/worlds/juego-de-tronos-canci-n-de-hielo-y-fuego-mhrr|/worlds/juego-de-tronos-canci-n-de-hielo-y-fuego-vdr0|/worlds/juego-de-tronos-canci-n-de-hielo-y-fuego-zvwx,782|822|876|879,权力的游戏（冰与火之歌）
全部,SAME_TITLE_DIFFERENT_HREF,权力的游戏：游戏,2,/worlds/westeros-0zp8|/worlds/westeros-x7wu,131|525,权力的游戏：游戏
全部,SAME_TITLE_DIFFERENT_HREF,权力的游戏：血龙狂舞,5,/worlds/a-game-of-thrones-dance-of-the-dragons-15fa|/worlds/a-game-of-thrones-dance-of-the-dragons-8sur|/worlds/a-game-of-thrones-dance-of-the-dragons-bqve|/worlds/a-game-of-thrones-dance-of-the-dragons-vt31|/worlds/a-game-of-thrones-dance-of-the-dragons-ysdz,28|205|557|812|988,权力的游戏：血龙狂舞
全部,SAME_TITLE_DIFFERENT_HREF,樱花高中的爱与恨,5,/worlds/love-and-hate-at-sakura-high-2liw|/worlds/love-and-hate-at-sakura-high-7r62|/worlds/love-and-hate-at-sakura-high-8mmt|/worlds/love-and-hate-at-sakura-high-er2k|/worlds/love-and-hate-at-sakura-high-xnwu,1089|1122|1147|1148|1150,樱花高中的爱与恨
全部,SAME_TITLE_DIFFERENT_HREF,法律与秩序,2,/worlds/la-ley-y-el-orden-0y61|/worlds/la-ley-y-el-orden-2l2k,218|1005,法律与秩序
全部,SAME_TITLE_DIFFERENT_HREF,测试2,3,/worlds/ce-shi-2-luwq|/worlds/ce-shi-2-soub|/worlds/ce-shi-2-x51y,96|762|1064,测试2
全部,SAME_TITLE_DIFFERENT_HREF,测试应用升级世界 001,8,/worlds/test-map-world-001-ft9r|/worlds/test-map-world-001-gytp|/worlds/test-map-world-001-k4do|/worlds/test-map-world-001-ouue|/worlds/test-map-world-001-rev0|/worlds/test-map-world-001-s098|/worlds/test-map-world-001-ukb1|/worlds/test-map-world-001-xxt9,103|536|559|699|721|743|912|925,测试应用升级世界 001
全部,SAME_TITLE_DIFFERENT_HREF,潘多拉,2,/worlds/pandora-jj96|/worlds/pandora-smjz,40|190,潘多拉
全部,SAME_TITLE_DIFFERENT_HREF,现代 2026,13,/worlds/modern-day-2026-0rjs|/worlds/modern-day-2026-2gzo|/worlds/modern-day-2026-aftk|/worlds/modern-day-2026-bjkx|/worlds/modern-day-2026-djwz|/worlds/modern-day-2026-ha9c|/worlds/modern-day-2026-hr8y|/worlds/modern-day-2026-hvee|/worlds/modern-day-2026-qyc2|/worlds/modern-day-2026-rk2l|/worlds/modern-day-2026-ugwe|/worlds/modern-day-2026-vwk5|/worlds/modern-day-2026-xcx3,308|331|351|769|796|815|828|832|841|944|972|1010|1020,现代 2026
全部,SAME_TITLE_DIFFERENT_HREF,现代世界 2026,25,/worlds/modern-day-192u|/worlds/modern-day-2026|/worlds/modern-day-59iv|/worlds/modern-day-5f8o|/worlds/modern-day-5l95|/worlds/modern-day-6sym|/worlds/modern-day-8cge|/worlds/modern-day-c4mq|/worlds/modern-day-hpal|/worlds/modern-day-ispe|/worlds/modern-day-jk6m|/worlds/modern-day-k4f9|/worlds/modern-day-kou0|/worlds/modern-day-oyge|/worlds/modern-day-r3a4|/worlds/modern-day-x9e6|/worlds/modern-day-xj27|/worlds/modern-day-y9fl|/worlds/xian-dai-shi-jie-2026-0bhd|/worlds/xian-dai-shi-jie-2026-3kn1|/worlds/xian-dai-shi-jie-2026-cr99|/worlds/xian-dai-shi-jie-2026-fx6u|/worlds/xian-dai-shi-jie-2026-hxb6|/worlds/xian-dai-shi-jie-2026-t4w5|/worlds/xian-dai-shi-jie-2026-wytq,6|66|194|196|450|451|488|496|575|593|606|627|628|629|650|719|729|817|935|943|945|951|970|1033|1047,现代世界 2026
全部,SAME_TITLE_DIFFERENT_HREF,现代世界 2026 副本,3,/worlds/modern-day-knhf|/worlds/modern-day-lg6f|/worlds/modern-day-vl7l,446|619|661,现代世界 2026 副本
全部,SAME_TITLE_DIFFERENT_HREF,现代社会 2026,2,/worlds/modern-day-2026-adid|/worlds/modern-day-2026-jm86,746|779,现代社会 2026
全部,SAME_TITLE_DIFFERENT_HREF,现代篇 2026,4,/worlds/modern-day-2026-are7|/worlds/modern-day-2026-d9nm|/worlds/modern-day-2026-gs8r|/worlds/modern-day-2026-jomy,736|744|798|818,现代篇 2026
全部,SAME_TITLE_DIFFERENT_HREF,现代篇：2026,2,/worlds/modern-day-2026-0oxe|/worlds/modern-day-2026-cwan,738|752,现代篇：2026
全部,SAME_TITLE_DIFFERENT_HREF,现代纪元 2026,2,/worlds/modern-day-2026-fmcc|/worlds/modern-day-2026-zedt,748|771,现代纪元 2026
全部,SAME_TITLE_DIFFERENT_HREF,甜心校园 (Sweet Amoris),2,/worlds/sweet-amoris-instituto-corazon-de-melon-dpe4|/worlds/sweet-amoris-instituto-corazon-de-melon-mme9,38|439,甜心校园 (Sweet Amoris)
全部,SAME_TITLE_DIFFERENT_HREF,皮囊 2007,2,/worlds/skins-2007-8cs7|/worlds/skins-2007-a8d9,101|808,皮囊 2007
全部,SAME_TITLE_DIFFERENT_HREF,石纪元宇宙,2,/worlds/dr-stone-universe-ozh5|/worlds/dr-stone-universe-xxvu,1093|1128,石纪元宇宙
全部,SAME_TITLE_DIFFERENT_HREF,第二次世界大战：1935世界,7,/worlds/segunda-guerra-mundial-mundo-1935-2lz1|/worlds/segunda-guerra-mundial-mundo-1935-fz0r|/worlds/segunda-guerra-mundial-mundo-1935-hfhz|/worlds/segunda-guerra-mundial-mundo-1935-ubu9|/worlds/segunda-guerra-mundial-mundo-1935-v1jk|/worlds/segunda-guerra-mundial-mundo-1935-wt3x|/worlds/segunda-guerra-mundial-mundo-1935-xamv,833|849|903|934|965|1003|1025,第二次世界大战：1935世界
全部,SAME_TITLE_DIFFERENT_HREF,第二次世界大战：1935年世界,2,/worlds/segunda-guerra-mundial-mundo-1935-jj01|/worlds/segunda-guerra-mundial-mundo-1935-u7dh,758|842,第二次世界大战：1935年世界
全部,SAME_TITLE_DIFFERENT_HREF,维多利亚吸血鬼模拟器,3,/worlds/crimson-4m2s|/worlds/crimson-london|/worlds/crimson-op82,1087|1115|1169,维多利亚吸血鬼模拟器
全部,SAME_TITLE_DIFFERENT_HREF,美国高中,2,/worlds/american-high-school-gt7o|/worlds/mei-guo-gao-zhong-14pt,1094|1172,美国高中
全部,SAME_TITLE_DIFFERENT_HREF,蝙蝠家族大冒险,5,/worlds/batfamily-adventures-1j9v|/worlds/batfamily-adventures-8kuy|/worlds/batfamily-adventures-i50j|/worlds/batfamily-adventures-vean|/worlds/batfamily-adventures-y2th,31|228|296|502|870,蝙蝠家族大冒险
全部,SAME_TITLE_DIFFERENT_HREF,说服疯狂偶像放你走,3,/worlds/convince-the-crazy-idol-to-let-you-out-kgi0|/worlds/convince-the-crazy-idol-to-let-you-out-whqr|/worlds/shuo-fu-feng-kuang-ou-xiang-fang-ni-zou-w7sw,43|113|339,说服疯狂偶像放你走
全部,SAME_TITLE_DIFFERENT_HREF,降世神通：最后的气宗,2,/worlds/avatar-la-leyenda-de-aang-0eet|/worlds/avatar-la-leyenda-de-aang-udee,30|338,降世神通：最后的气宗
全部,SAME_TITLE_DIFFERENT_HREF,霍格沃茨模拟器,3,/worlds/hogwarts-simulator-q5k9|/worlds/hogwarts-wing|/worlds/huo-ge-wo-ci-mo-ni-qi-a0aecd49ecc4,217|368|794,霍格沃茨模拟器
全部,SAME_TITLE_DIFFERENT_HREF,鬼灭之刃,4,/worlds/demon-slayer-fnvv|/worlds/demon-slayer-kimetsu-no-yaiba-0mis|/worlds/demon-slayer-kimetsu-no-yaiba-3swm|/worlds/demon-slayer-v4kd,19|185|847|1012,鬼灭之刃
全部,SAME_TITLE_DIFFERENT_HREF,鬼灭之刃模拟器,142,/worlds/demon-slayer-simulator|/worlds/demon-slayer-simulator-00mc|/worlds/demon-slayer-simulator-09sx|/worlds/demon-slayer-simulator-0wcg|/worlds/demon-slayer-simulator-0y17|/worlds/demon-slayer-simulator-1053|/worlds/demon-slayer-simulator-14rm|/worlds/demon-slayer-simulator-17zk|/worlds/demon-slayer-simulator-1akm|/worlds/demon-slayer-simulator-1b8o|/worlds/demon-slayer-simulator-1jgt|/worlds/demon-slayer-simulator-1wcv|/worlds/demon-slayer-simulator-23ff|/worlds/demon-slayer-simulator-2d75|/worlds/demon-slayer-simulator-2p89|/worlds/demon-slayer-simulator-2s21|/worlds/demon-slayer-simulator-31oe|/worlds/demon-slayer-simulator-32sp|/worlds/demon-slayer-simulator-3855|/worlds/demon-slayer-simulator-3ns1|/worlds/demon-slayer-simulator-42r6|/worlds/demon-slayer-simulator-45lm|/worlds/demon-slayer-simulator-45sp|/worlds/demon-slayer-simulator-4gzq|/worlds/demon-slayer-simulator-4j0u|/worlds/demon-slayer-simulator-5hyw|/worlds/demon-slayer-simulator-5k75|/worlds/demon-slayer-simulator-5lo4|/worlds/demon-slayer-simulator-5taf|/worlds/demon-slayer-simulator-66rw|/worlds/demon-slayer-simulator-68m1|/worlds/demon-slayer-simulator-6bkr|/worlds/demon-slayer-simulator-6c5i|/worlds/demon-slayer-simulator-6ds1|/worlds/demon-slayer-simulator-6qt5|/worlds/demon-slayer-simulator-6u52|/worlds/demon-slayer-simulator-7aiw|/worlds/demon-slayer-simulator-7jpe|/worlds/demon-slayer-simulator-7kw5|/worlds/demon-slayer-simulator-7ogp|/worlds/demon-slayer-simulator-80z2|/worlds/demon-slayer-simulator-8i42|/worlds/demon-slayer-simulator-8uli|/worlds/demon-slayer-simulator-97gt|/worlds/demon-slayer-simulator-9h0i|/worlds/demon-slayer-simulator-9ruu|/worlds/demon-slayer-simulator-a3dw|/worlds/demon-slayer-simulator-a7jt|/worlds/demon-slayer-simulator-a9y8|/worlds/demon-slayer-simulator-ao0y|/worlds/demon-slayer-simulator-apu9|/worlds/demon-slayer-simulator-bg1g|/worlds/demon-slayer-simulator-bqdf|/worlds/demon-slayer-simulator-br6w|/worlds/demon-slayer-simulator-ccpg|/worlds/demon-slayer-simulator-ceup|/worlds/demon-slayer-simulator-cglo|/worlds/demon-slayer-simulator-chzl|/worlds/demon-slayer-simulator-cq1z|/worlds/demon-slayer-simulator-czzo|/worlds/demon-slayer-simulator-dk1l|/worlds/demon-slayer-simulator-e8yu|/worlds/demon-slayer-simulator-ekw8|/worlds/demon-slayer-simulator-epgl|/worlds/demon-slayer-simulator-ern2|/worlds/demon-slayer-simulator-fjrj|/worlds/demon-slayer-simulator-fwmd|/worlds/demon-slayer-simulator-gxcu|/worlds/demon-slayer-simulator-h0r2|/worlds/demon-slayer-simulator-h432|/worlds/demon-slayer-simulator-h9c2|/worlds/demon-slayer-simulator-ha6v|/worlds/demon-slayer-simulator-hmk9|/worlds/demon-slayer-simulator-hqk7|/worlds/demon-slayer-simulator-i5je|/worlds/demon-slayer-simulator-i7pn|/worlds/demon-slayer-simulator-ifw8|/worlds/demon-slayer-simulator-ivos|/worlds/demon-slayer-simulator-jqj3|/worlds/demon-slayer-simulator-k544|/worlds/demon-slayer-simulator-kbkm|/worlds/demon-slayer-simulator-kcd3|/worlds/demon-slayer-simulator-km3a|/worlds/demon-slayer-simulator-kqar|/worlds/demon-slayer-simulator-l9jf|/worlds/demon-slayer-simulator-lgcb|/worlds/demon-slayer-simulator-lthz|/worlds/demon-slayer-simulator-lua0|/worlds/demon-slayer-simulator-my0c|/worlds/demon-slayer-simulator-nty3|/worlds/demon-slayer-simulator-o1z2|/worlds/demon-slayer-simulator-o7j6|/worlds/demon-slayer-simulator-ogrh|/worlds/demon-slayer-simulator-on4c|/worlds/demon-slayer-simulator-p1z4|/worlds/demon-slayer-simulator-p31c|/worlds/demon-slayer-simulator-piax|/worlds/demon-slayer-simulator-pjp1|/worlds/demon-slayer-simulator-pptj|/worlds/demon-slayer-simulator-q1f5|/worlds/demon-slayer-simulator-q2he|/worlds/demon-slayer-simulator-q4du|/worlds/demon-slayer-simulator-qhj2|/worlds/demon-slayer-simulator-qie1|/worlds/demon-slayer-simulator-qt4l|/worlds/demon-slayer-simulator-r4dg|/worlds/demon-slayer-simulator-rky6|/worlds/demon-slayer-simulator-rzkl|/worlds/demon-slayer-simulator-s148|/worlds/demon-slayer-simulator-sahr|/worlds/demon-slayer-simulator-sc06|/worlds/demon-slayer-simulator-sg0y|/worlds/demon-slayer-simulator-sjfl|/worlds/demon-slayer-simulator-svyp|/worlds/demon-slayer-simulator-t31u|/worlds/demon-slayer-simulator-t4zo|/worlds/demon-slayer-simulator-tmay|/worlds/demon-slayer-simulator-tqzy|/worlds/demon-slayer-simulator-tu9r|/worlds/demon-slayer-simulator-tv9c|/worlds/demon-slayer-simulator-txdk|/worlds/demon-slayer-simulator-uhrn|/worlds/demon-slayer-simulator-uywn|/worlds/demon-slayer-simulator-v5n4|/worlds/demon-slayer-simulator-vcrk|/worlds/demon-slayer-simulator-vdjm|/worlds/demon-slayer-simulator-w1z5|/worlds/demon-slayer-simulator-w4m5|/worlds/demon-slayer-simulator-w9fe|/worlds/demon-slayer-simulator-wlq7|/worlds/demon-slayer-simulator-wsub|/worlds/demon-slayer-simulator-xbeg|/worlds/demon-slayer-simulator-xmvn|/worlds/demon-slayer-simulator-xnl7|/worlds/demon-slayer-simulator-xv5r|/worlds/demon-slayer-simulator-y8ya|/worlds/demon-slayer-simulator-yb0s|/worlds/demon-slayer-simulator-yfez|/worlds/demon-slayer-simulator-ytic|/worlds/demon-slayer-simulator-yv90|/worlds/demon-slayer-simulator-z1bn|/worlds/demon-slayer-simulator-zq5c,1|50|73|115|121|126|148|150|155|157|158|170|183|192|206|226|231|240|241|242|246|260|263|264|273|280|282|283|287|304|321|335|352|357|378|387|389|401|411|425|453|454|456|457|462|464|465|515|519|520|530|531|542|555|634|660|669|682|761|764|768|770|773|775|776|783|786|793|795|803|809|816|819|821|846|851|853|854|862|864|865|866|867|868|869|874|875|882|885|893|894|895|896|898|900|902|904|905|911|913|914|915|920|923|926|932|933|936|937|939|940|952|953|954|955|958|969|971|980|981|987|991|992|994|997|998|1009|1015|1016|1017|1018|1024|1037|1038|1041|1042|1043|1044|1045|1055|1067|1081,鬼灭之刃模拟器
全部,SAME_TITLE_DIFFERENT_HREF,鬼灭之刃模拟器 副本,6,/worlds/demon-slayer-simulator-3vbu|/worlds/demon-slayer-simulator-44na|/worlds/demon-slayer-simulator-9asn|/worlds/demon-slayer-simulator-jg8n|/worlds/demon-slayer-simulator-p4nv|/worlds/demon-slayer-simulator-w8zg,359|396|483|484|485|814,鬼灭之刃模拟器 副本
全部,SAME_TITLE_DIFFERENT_HREF,鬼灭模拟器,13,/worlds/demon-slayer-simulator-5zzu|/worlds/demon-slayer-simulator-73ds|/worlds/demon-slayer-simulator-764h|/worlds/demon-slayer-simulator-cn3k|/worlds/demon-slayer-simulator-copy-axy3|/worlds/demon-slayer-simulator-ejxq|/worlds/demon-slayer-simulator-h1yk|/worlds/demon-slayer-simulator-hric|/worlds/demon-slayer-simulator-i0wp|/worlds/demon-slayer-simulator-kufg|/worlds/demon-slayer-simulator-mmc5|/worlds/demon-slayer-simulator-ogk3|/worlds/demon-slayer-simulator-yqbe,270|313|757|772|811|827|837|843|889|922|993|1026|1029,鬼灭模拟器
全部,SAME_TITLE_DIFFERENT_HREF,鬼灭模拟器：鬼之视角,3,/worlds/demon-slayer-simulator-kjvo|/worlds/demon-slayer-simulator-mj3t|/worlds/demon-slayer-simulator-yzjg,16|566|569,鬼灭模拟器：鬼之视角
全部,SAME_TITLE_DIFFERENT_HREF,龙之屋,3,/worlds/house-of-the-dragons-lm7w|/worlds/house-of-the-dragons-vx13|/worlds/la-casa-de-los-dragones-dw1w,64|122|253,龙之屋
全部,SAME_TITLE_DIFFERENT_HREF,龙之舞（火与血）,3,/worlds/westeros-2k0j|/worlds/westeros-jpnd|/worlds/westeros-leek,35|892|901,龙之舞（火与血）
