sample_ordinal,selection_method,canonical_world_href,observed_world_href,title,creator,all_rendered_order,title_occurs_within_all_count,ui_interaction_status,preview_result,world_detail_result,use_map_first_layer_result,cancel_result,screenshot_paths,notes
1,"sorted canonical href universe + Python random.Random(20260825).sample(10), then sorted selected output",/worlds/2030-po-sui-zhi-xu-2fb77c,/zh-cn/worlds/2030-po-sui-zhi-xu-2fb77c,2030：第三次世界大战,Kate Lee,1098,1,PENDING,,,,,,
2,"sorted canonical href universe + Python random.Random(20260825).sample(10), then sorted selected output",/worlds/boruto-next-generations-bisa,/zh-cn/worlds/boruto-next-generations-bisa,博人传：新时代,Jincox03,1139,14,PENDING,,,,,,
3,"sorted canonical href universe + Python random.Random(20260825).sample(10), then sorted selected output",/worlds/boruto-next-generations-efvz,/zh-cn/worlds/boruto-next-generations-efvz,博人传：新时代,Daniel-ff0688,1113,14,PENDING,,,,,,
4,"sorted canonical href universe + Python random.Random(20260825).sample(10), then sorted selected output",/worlds/crimson-op82,/zh-cn/worlds/crimson-op82,维多利亚吸血鬼模拟器,flor,1115,3,PENDING,,,,,,
5,"sorted canonical href universe + Python random.Random(20260825).sample(10), then sorted selected output",/worlds/dc-universo-w64s,/zh-cn/worlds/dc-universo-w64s,DC 宇宙,Yania marcela,1097,1,PENDING,,,,,,
6,"sorted canonical href universe + Python random.Random(20260825).sample(10), then sorted selected output",/worlds/japanese-high-2l6e,/zh-cn/worlds/japanese-high-2l6e,日本高中模拟器2018,Fisiajgdjqosiwiand,1135,33,PENDING,,,,,,
7,"sorted canonical href universe + Python random.Random(20260825).sample(10), then sorted selected output",/worlds/japanese-high-5214,/zh-cn/worlds/japanese-high-5214,日本高中模拟器2018,Go kitty go!,1146,33,PENDING,,,,,,
8,"sorted canonical href universe + Python random.Random(20260825).sample(10), then sorted selected output",/worlds/japanese-high-cuo0,/zh-cn/worlds/japanese-high-cuo0,星空高中仓鼠交换,mery angela,1120,1,PENDING,,,,,,
9,"sorted canonical href universe + Python random.Random(20260825).sample(10), then sorted selected output",/worlds/japanese-high-mdzm,/zh-cn/worlds/japanese-high-mdzm,日本高中模拟器2018,Go kitty go!,1149,33,PENDING,,,,,,
10,"sorted canonical href universe + Python random.Random(20260825).sample(10), then sorted selected output",/worlds/pok-mon-passio-xlq0,/zh-cn/worlds/pok-mon-passio-xlq0,宝可梦 (帕希欧),rin phonny (Ririn),1124,2,PENDING,,,,,,
