id,field,before,after
OPEN-01,权利分级,A-可优先探索,C-灵感参考
OPEN-01,使用边界,仅选择带CC0标识的具体对象并记录元数据,平台／馆藏渠道说明，不是单件资产。仅用于后续定位具体对象页；不得作为直接产品素材。
OPEN-02,权利分级,A-可优先探索,C-灵感参考
OPEN-02,使用边界,仅选择公共领域条目并保留对象URL,平台／馆藏渠道说明，不是单件资产。仅用于后续定位具体对象页；不得作为直接产品素材。
OPEN-03,权利分级,A-可优先探索,C-灵感参考
OPEN-03,使用边界,下载资产本身而非网站示例图；不要使用网站logo或示例render,平台／馆藏渠道说明，不是单件资产。仅用于后续定位具体对象页；不得作为直接产品素材。
OPEN-04,权利分级,A-可优先探索,C-灵感参考
OPEN-04,使用边界,逐件核对对象页rights声明,平台／馆藏渠道说明，不是单件资产。仅用于后续定位具体对象页；不得作为直接产品素材。
OPEN-05,权利分级,A-条件可用,C-灵感参考
OPEN-05,使用边界,不使用标识、不暗示背书、标注来源，并核验单项第三方内容,平台／馆藏渠道说明，不是单件资产。仅用于后续定位具体对象页；不得作为直接产品素材。
E01,权利分级,A-可实际使用,M-待确认
E01,使用边界,按 Pexels License 下载原图并留存资产页；不得原样转售或暗示背书,按 Pexels License 下载原图并留存资产页；不得原样转售或暗示背书 卫生清理：当前仅保存平台／站点主页，未能证明该截图或候选对应可下载的单件资产；已降级，需补具体页后方可恢复 A／L。
E02,权利分级,A-可实际使用,M-待确认
E02,使用边界,按 Pexels License 下载原图并留存资产页；不得原样转售或暗示背书,按 Pexels License 下载原图并留存资产页；不得原样转售或暗示背书 卫生清理：当前仅保存平台／站点主页，未能证明该截图或候选对应可下载的单件资产；已降级，需补具体页后方可恢复 A／L。
E03,权利分级,A-可实际使用,M-待确认
E03,使用边界,按 Pexels License 下载原图并留存资产页；不得原样转售或暗示背书,按 Pexels License 下载原图并留存资产页；不得原样转售或暗示背书 卫生清理：当前仅保存平台／站点主页，未能证明该截图或候选对应可下载的单件资产；已降级，需补具体页后方可恢复 A／L。
E04,权利分级,A-可实际使用,M-待确认
E04,使用边界,选择具体原图并归档摄影师和当前 Unsplash License；避免素材库式再分发,选择具体原图并归档摄影师和当前 Unsplash License；避免素材库式再分发 卫生清理：当前仅保存平台／站点主页，未能证明该截图或候选对应可下载的单件资产；已降级，需补具体页后方可恢复 A／L。
E05,权利分级,A-可实际使用,M-待确认
E05,使用边界,选择具体原图并归档摄影师和当前 Unsplash License；避免素材库式再分发,选择具体原图并归档摄影师和当前 Unsplash License；避免素材库式再分发 卫生清理：当前仅保存平台／站点主页，未能证明该截图或候选对应可下载的单件资产；已降级，需补具体页后方可恢复 A／L。
E06,权利分级,A-可实际使用,M-待确认
E06,使用边界,选择具体原图并归档摄影师和当前 Unsplash License；避免素材库式再分发,选择具体原图并归档摄影师和当前 Unsplash License；避免素材库式再分发 卫生清理：当前仅保存平台／站点主页，未能证明该截图或候选对应可下载的单件资产；已降级，需补具体页后方可恢复 A／L。
E07,权利分级,A-PD候选,M-待确认
E07,使用边界,回到具体 Wikimedia 对象页确认许可证并保留作者和来源,回到具体 Wikimedia 对象页确认许可证并保留作者和来源 卫生清理：当前仅保存平台／站点主页，未能证明该截图或候选对应可下载的单件资产；已降级，需补具体页后方可恢复 A／L。
E08,权利分级,A-PD候选,M-待确认
E08,使用边界,回到具体 Wikimedia 对象页确认许可证并保留作者和来源,回到具体 Wikimedia 对象页确认许可证并保留作者和来源 卫生清理：当前仅保存平台／站点主页，未能证明该截图或候选对应可下载的单件资产；已降级，需补具体页后方可恢复 A／L。
E09,权利分级,A-条件可用,M-待确认
E09,使用边界,在 NASA SVS 原页核验单项 credit；不使用 NASA 标识或暗示背书,在 NASA SVS 原页核验单项 credit；不使用 NASA 标识或暗示背书 卫生清理：当前仅保存平台／站点主页，未能证明该截图或候选对应可下载的单件资产；已降级，需补具体页后方可恢复 A／L。
E10,来源线索,NASA SVS,NASA SVS / NASA Climate Spiral 1880-Present（官方单件页）
E10,来源链接,https://svs.gsfc.nasa.gov/,https://svs.gsfc.nasa.gov/5190/
E10,使用边界,在 NASA SVS 原页核验单项 credit；不使用 NASA 标识或暗示背书,已补官方单件页。使用前保存具体 credit、下载文件和版本；不得使用 NASA 标识或暗示背书。
E11,权利分级,A-条件可用,M-待确认
E11,使用边界,在 NASA SVS 原页核验单项 credit；不使用 NASA 标识或暗示背书,在 NASA SVS 原页核验单项 credit；不使用 NASA 标识或暗示背书 卫生清理：当前仅保存平台／站点主页，未能证明该截图或候选对应可下载的单件资产；已降级，需补具体页后方可恢复 A／L。
E12,权利分级,A-条件可用,M-待确认
E12,使用边界,在 NASA SVS 原页核验单项 credit；不使用 NASA 标识或暗示背书,在 NASA SVS 原页核验单项 credit；不使用 NASA 标识或暗示背书 卫生清理：当前仅保存平台／站点主页，未能证明该截图或候选对应可下载的单件资产；已降级，需补具体页后方可恢复 A／L。
E13,权利分级,A-条件可用,M-待确认
E13,使用边界,在 NASA SVS 原页核验单项 credit；不使用 NASA 标识或暗示背书,在 NASA SVS 原页核验单项 credit；不使用 NASA 标识或暗示背书 卫生清理：当前仅保存平台／站点主页，未能证明该截图或候选对应可下载的单件资产；已降级，需补具体页后方可恢复 A／L。
E14,权利分级,A-条件可用,M-待确认
E14,使用边界,在 NASA SVS 原页核验单项 credit；不使用 NASA 标识或暗示背书,在 NASA SVS 原页核验单项 credit；不使用 NASA 标识或暗示背书 卫生清理：当前仅保存平台／站点主页，未能证明该截图或候选对应可下载的单件资产；已降级，需补具体页后方可恢复 A／L。
E15,权利分级,A-条件可用,M-待确认
E15,使用边界,在 NASA SVS 原页核验单项 credit；不使用 NASA 标识或暗示背书,在 NASA SVS 原页核验单项 credit；不使用 NASA 标识或暗示背书 卫生清理：当前仅保存平台／站点主页，未能证明该截图或候选对应可下载的单件资产；已降级，需补具体页后方可恢复 A／L。
E16,权利分级,A-PD候选,M-待确认
E16,使用边界,追溯具体原作和数字化对象的权利信息后使用,追溯具体原作和数字化对象的权利信息后使用 卫生清理：当前仅保存平台／站点主页，未能证明该截图或候选对应可下载的单件资产；已降级，需补具体页后方可恢复 A／L。
E17,来源线索,Smithsonian NMAH,Smithsonian NMAH / 1831 World Map by Marianne S. Fernald（具体对象页）
E17,来源链接,https://americanhistory.si.edu/,https://americanhistory.si.edu/collections/object/nmah_1692385
E17,权利分级,A-PD候选,M-待确认
E17,使用边界,仅使用带 CC0 标识的 Smithsonian 具体对象并记录元数据,已补具体对象页，但本次未核得 CC0／Public Domain 单件标识；在取得权利元数据前仅作参考，不进入生产下载队列。
E18,权利分级,A-PD候选,M-待确认
E18,使用边界,核验对应对象页 rights 声明并保存链接,核验对应对象页 rights 声明并保存链接 卫生清理：该记录仍为集合、搜索目录或平台级采购入口，未保存对应单件页面；不得直接纳入生产下载队列。
E19,权利分级,A-PD候选,M-待确认
E19,使用边界,核验对应对象页 rights 声明并保存链接,核验对应对象页 rights 声明并保存链接 卫生清理：该记录仍为集合、搜索目录或平台级采购入口，未保存对应单件页面；不得直接纳入生产下载队列。
E20,权利分级,A-PD候选,M-待确认
E20,使用边界,追溯具体原作和数字化对象的权利信息后使用,追溯具体原作和数字化对象的权利信息后使用 卫生清理：该记录仍为集合、搜索目录或平台级采购入口，未保存对应单件页面；不得直接纳入生产下载队列。
E21,权利分级,A-PD候选,M-待确认
E21,使用边界,追溯具体原作和数字化对象的权利信息后使用,追溯具体原作和数字化对象的权利信息后使用 卫生清理：该记录仍为集合、搜索目录或平台级采购入口，未保存对应单件页面；不得直接纳入生产下载队列。
E23,权利分级,A-PD候选,M-待确认
E23,使用边界,确认具体 NYPL 对象为 Public Domain 并保留对象链接,确认具体 NYPL 对象为 Public Domain 并保留对象链接 卫生清理：当前仅保存平台／站点主页，未能证明该截图或候选对应可下载的单件资产；已降级，需补具体页后方可恢复 A／L。
E24,来源线索,Kenney,Kenney / Mini Characters（官方单件页）
E24,来源链接,https://kenney.nl/assets,https://kenney.nl/assets/mini-characters
E24,使用边界,Kenney 资产页为 CC0；下载包中保留 license 文件且不使用品牌 logo,官方单件页标注 Creative Commons CC0 并提供下载；保留下载包内 license 文件，不使用 Kenney logo。
E27,来源线索,Quaternius,Quaternius / Ultimate Animated Character Pack（官方单件页）
E27,来源链接,https://quaternius.com/,https://quaternius.com/packs/ultimatedanimatedcharacter.html
E27,使用边界,Quaternius 单项资产为 CC0 时可商用；保留下载包 license,已补官方 pack 页；页面与下载包中的 CC0 声明为准，保存所用版本与 license 文件。
E28,来源线索,Quaternius,Quaternius / Modular Character Outfits - Fantasy（官方单件页）
E28,来源链接,https://quaternius.com/,https://quaternius.com/packs/modularcharacteroutfitsfantasy.html
E28,权利分级,A-可实际使用,C-灵感参考
E28,使用边界,Quaternius 单项资产为 CC0 时可商用；保留下载包 license,已由 Q09 提供同一资源的精确生产记录；此旧记录只保留为视觉参考，生产选型使用 Q09。
E30,权利分级,A-可实际使用,M-待确认
E30,使用边界,条目明确 CC0；下载原件和 license 文件而非预览图,条目明确 CC0；下载原件和 license 文件而非预览图 卫生清理：当前仅保存平台／站点主页，未能证明该截图或候选对应可下载的单件资产；已降级，需补具体页后方可恢复 A／L。
E31,权利分级,A-可实际使用,M-待确认
E31,使用边界,Quaternius 单项资产为 CC0 时可商用；保留下载包 license,Quaternius 单项资产为 CC0 时可商用；保留下载包 license 卫生清理：当前仅保存平台／站点主页，未能证明该截图或候选对应可下载的单件资产；已降级，需补具体页后方可恢复 A／L。
E32,权利分级,A-可实际使用,M-待确认
E32,使用边界,Quaternius 单项资产为 CC0 时可商用；保留下载包 license,Quaternius 单项资产为 CC0 时可商用；保留下载包 license 卫生清理：当前仅保存平台／站点主页，未能证明该截图或候选对应可下载的单件资产；已降级，需补具体页后方可恢复 A／L。
E33,来源线索,Eclair Assets itch.io,Eclair Assets / Nature Kit GLB Pack（itch.io 单件页）
E33,来源链接,https://eclair-assets.itch.io/,https://eclair-assets.itch.io/nature-kit-glb-pack-329-free-cc0-3d-models
E33,使用边界,条目宣称 CC0；下载时保存资产页截图和 license 文件,已补具体 itch.io 页面；条目宣称 CC0，下载时保留该页和包内 license 文件。
E34,来源线索,Quaternius,Quaternius / Stylized Nature MegaKit（官方单件页）
E34,来源链接,https://quaternius.com/,https://quaternius.com/packs/stylizednaturemegakit.html
E34,使用边界,Quaternius 单项资产为 CC0 时可商用；保留下载包 license,已补官方 pack 页；页面与下载包中的 CC0 声明为准，保存所用版本与 license 文件。
E36,来源线索,Poly Haven,Poly Haven / Hidden Alley Community Project（官方项目页）
E36,来源链接,https://polyhaven.com/,https://blog.polyhaven.com/hidden-alley/
E36,权利分级,A-可实际使用,A-条件可用
E36,使用边界,从 Poly Haven 下载 CC0 原始模型纹理 HDRI；不得使用网页示例图和 logo,已补官方项目页。仅从项目页链接下载标明 CC0 的场景或组成资产；不可使用网站 logo、网页图文或将项目名用于背书。
E38,来源线索,Quaternius,Quaternius / Fantasy Props MegaKit（官方单件页）
E38,来源链接,https://quaternius.com/,https://quaternius.com/packs/fantasypropsmegakit.html
E38,权利分级,A-可实际使用,C-灵感参考
E38,使用边界,Quaternius 单项资产为 CC0 时可商用；保留下载包 license,已由 Q04 提供同一资源的精确生产记录；此旧记录只保留为视觉参考，生产选型使用 Q04。
E39,来源线索,Poly Haven,Poly Haven / Hidden Alley Community Project（官方项目页）
E39,来源链接,https://polyhaven.com/,https://blog.polyhaven.com/hidden-alley/
E39,权利分级,A-可实际使用,C-灵感参考
E39,使用边界,从 Poly Haven 下载 CC0 原始模型纹理 HDRI；不得使用网页示例图和 logo,与 E36 是同一项目的替代预览，保留为视觉参考；生产选型使用 E36 或 PH 系列的单件资源。
E40,权利分级,A-可实际使用,M-待确认
E40,使用边界,仅下载标记为 Mixkit Free License 的具体视频并保存许可证据,仅下载标记为 Mixkit Free License 的具体视频并保存许可证据 卫生清理：该记录仍为集合、搜索目录或平台级采购入口，未保存对应单件页面；不得直接纳入生产下载队列。
E41,权利分级,A-可实际使用,M-待确认
E41,使用边界,仅下载标记为 Mixkit Free License 的具体视频并保存许可证据,仅下载标记为 Mixkit Free License 的具体视频并保存许可证据 卫生清理：该记录仍为集合、搜索目录或平台级采购入口，未保存对应单件页面；不得直接纳入生产下载队列。
E42,权利分级,A-可实际使用,M-待确认
E42,使用边界,仅下载标记为 Mixkit Free License 的具体视频并保存许可证据,仅下载标记为 Mixkit Free License 的具体视频并保存许可证据 卫生清理：该记录仍为集合、搜索目录或平台级采购入口，未保存对应单件页面；不得直接纳入生产下载队列。
E43,权利分级,A-可实际使用,M-待确认
E43,使用边界,按 Pexels License 下载原视频并留存资产页；不得原样转售或暗示背书,按 Pexels License 下载原视频并留存资产页；不得原样转售或暗示背书 卫生清理：该记录仍为集合、搜索目录或平台级采购入口，未保存对应单件页面；不得直接纳入生产下载队列。
E44,权利分级,A-可实际使用,M-待确认
E44,使用边界,按 Pexels License 下载原视频并留存资产页；不得原样转售或暗示背书,按 Pexels License 下载原视频并留存资产页；不得原样转售或暗示背书 卫生清理：该记录仍为集合、搜索目录或平台级采购入口，未保存对应单件页面；不得直接纳入生产下载队列。
E45,权利分级,A-可实际使用,M-待确认
E45,使用边界,按 Pexels License 下载原视频并留存资产页；不得原样转售或暗示背书,按 Pexels License 下载原视频并留存资产页；不得原样转售或暗示背书 卫生清理：该记录仍为集合、搜索目录或平台级采购入口，未保存对应单件页面；不得直接纳入生产下载队列。
E46,来源线索,NASA SVS,NASA SVS / Draining the Oceans（官方单件页）
E46,来源链接,https://svs.gsfc.nasa.gov/,https://svs.gsfc.nasa.gov/4823/
E46,使用边界,在 NASA SVS 原页核验单项 credit；不使用 NASA 标识或暗示背书,已补官方单件页；使用前保存具体 credit、下载文件和版本；不得使用 NASA 标识或暗示背书。
E47,权利分级,A-可实际使用,M-待确认
E47,使用边界,按 Pexels License 下载原视频并留存资产页；不得原样转售或暗示背书,按 Pexels License 下载原视频并留存资产页；不得原样转售或暗示背书 卫生清理：该记录仍为集合、搜索目录或平台级采购入口，未保存对应单件页面；不得直接纳入生产下载队列。
E48,权利分级,A-可实际使用,M-待确认
E48,使用边界,选择具体原图并归档摄影师和当前 Unsplash License；避免素材库式再分发,选择具体原图并归档摄影师和当前 Unsplash License；避免素材库式再分发 卫生清理：当前仅保存平台／站点主页，未能证明该截图或候选对应可下载的单件资产；已降级，需补具体页后方可恢复 A／L。 卫生清理：该记录仍为集合、搜索目录或平台级采购入口，未保存对应单件页面；不得直接纳入生产下载队列。
E49,使用边界,转发站不是许可依据；回到 Wikimedia 原始对象确认许可证,转发站不是许可依据；回到 Wikimedia 原始对象确认许可证 卫生清理：该记录仍为集合、搜索目录或平台级采购入口，未保存对应单件页面；不得直接纳入生产下载队列。
E50,权利分级,A-可实际使用,M-待确认
E50,使用边界,按 Pexels License 下载原视频并留存资产页；不得原样转售或暗示背书,按 Pexels License 下载原视频并留存资产页；不得原样转售或暗示背书 卫生清理：该记录仍为集合、搜索目录或平台级采购入口，未保存对应单件页面；不得直接纳入生产下载队列。
E51,权利分级,A-可实际使用,M-待确认
E51,使用边界,选择具体原图并归档摄影师和当前 Unsplash License；避免素材库式再分发,选择具体原图并归档摄影师和当前 Unsplash License；避免素材库式再分发 卫生清理：当前仅保存平台／站点主页，未能证明该截图或候选对应可下载的单件资产；已降级，需补具体页后方可恢复 A／L。 卫生清理：该记录仍为集合、搜索目录或平台级采购入口，未保存对应单件页面；不得直接纳入生产下载队列。
E52,权利分级,A-可实际使用,M-待确认
E52,使用边界,按 Pexels License 下载原图并留存资产页；不得原样转售或暗示背书,按 Pexels License 下载原图并留存资产页；不得原样转售或暗示背书 卫生清理：当前仅保存平台／站点主页，未能证明该截图或候选对应可下载的单件资产；已降级，需补具体页后方可恢复 A／L。 卫生清理：该记录仍为集合、搜索目录或平台级采购入口，未保存对应单件页面；不得直接纳入生产下载队列。
E53,权利分级,A-可实际使用,M-待确认
E53,使用边界,选择具体原图并归档摄影师和当前 Unsplash License；避免素材库式再分发,选择具体原图并归档摄影师和当前 Unsplash License；避免素材库式再分发 卫生清理：当前仅保存平台／站点主页，未能证明该截图或候选对应可下载的单件资产；已降级，需补具体页后方可恢复 A／L。 卫生清理：该记录仍为集合、搜索目录或平台级采购入口，未保存对应单件页面；不得直接纳入生产下载队列。
E54,权利分级,L-可采购,M-待确认
E54,使用边界,通过 Envato 取得针对项目的有效许可；不使用预览图,通过 Envato 取得针对项目的有效许可；不使用预览图 卫生清理：当前仅保存平台／站点主页，未能证明该截图或候选对应可下载的单件资产；已降级，需补具体页后方可恢复 A／L。 卫生清理：该记录仍为集合、搜索目录或平台级采购入口，未保存对应单件页面；不得直接纳入生产下载队列。
E55,权利分级,L-可采购,M-待确认
E55,使用边界,通过 Envato 取得针对项目的有效许可；不使用预览图,通过 Envato 取得针对项目的有效许可；不使用预览图 卫生清理：当前仅保存平台／站点主页，未能证明该截图或候选对应可下载的单件资产；已降级，需补具体页后方可恢复 A／L。 卫生清理：该记录仍为集合、搜索目录或平台级采购入口，未保存对应单件页面；不得直接纳入生产下载队列。
E56,权利分级,L-可采购,M-待确认
E56,使用边界,购买或获取 Fab 单项许可并核验引擎和分发限制,购买或获取 Fab 单项许可并核验引擎和分发限制 卫生清理：当前仅保存平台／站点主页，未能证明该截图或候选对应可下载的单件资产；已降级，需补具体页后方可恢复 A／L。 卫生清理：该记录仍为集合、搜索目录或平台级采购入口，未保存对应单件页面；不得直接纳入生产下载队列。
E57,权利分级,L-可采购,M-待确认
E57,使用边界,购买 Adobe Stock 单项授权；禁止使用预览图,购买 Adobe Stock 单项授权；禁止使用预览图 卫生清理：当前仅保存平台／站点主页，未能证明该截图或候选对应可下载的单件资产；已降级，需补具体页后方可恢复 A／L。 卫生清理：该记录仍为集合、搜索目录或平台级采购入口，未保存对应单件页面；不得直接纳入生产下载队列。
E58,权利分级,L-可采购,M-待确认
E58,使用边界,购买 Adobe Stock 单项授权；禁止使用预览图,购买 Adobe Stock 单项授权；禁止使用预览图 卫生清理：当前仅保存平台／站点主页，未能证明该截图或候选对应可下载的单件资产；已降级，需补具体页后方可恢复 A／L。 卫生清理：该记录仍为集合、搜索目录或平台级采购入口，未保存对应单件页面；不得直接纳入生产下载队列。
E59,权利分级,L-可获取,M-待确认
E59,使用边界,逐项核验 Fab 或 Unreal 许可与引擎和分发限制,逐项核验 Fab 或 Unreal 许可与引擎和分发限制 卫生清理：当前仅保存平台／站点主页，未能证明该截图或候选对应可下载的单件资产；已降级，需补具体页后方可恢复 A／L。 卫生清理：该记录仍为集合、搜索目录或平台级采购入口，未保存对应单件页面；不得直接纳入生产下载队列。
E60,权利分级,L-可采购,M-待确认
E60,使用边界,购买 Adobe Stock 单项授权；禁止使用预览图,购买 Adobe Stock 单项授权；禁止使用预览图 卫生清理：当前仅保存平台／站点主页，未能证明该截图或候选对应可下载的单件资产；已降级，需补具体页后方可恢复 A／L。 卫生清理：该记录仍为集合、搜索目录或平台级采购入口，未保存对应单件页面；不得直接纳入生产下载队列。
E61,权利分级,L-可采购,M-待确认
E61,使用边界,购买或获取 Fab 单项许可并核验引擎和分发限制,购买或获取 Fab 单项许可并核验引擎和分发限制 卫生清理：当前仅保存平台／站点主页，未能证明该截图或候选对应可下载的单件资产；已降级，需补具体页后方可恢复 A／L。 卫生清理：该记录仍为集合、搜索目录或平台级采购入口，未保存对应单件页面；不得直接纳入生产下载队列。
