path,size_bytes
README.md,3316
archive/ARCHIVE_MANIFEST.md,1480
archive/legacy-package-manifests/LEGACY_PACKAGE_INDEX.md,1285
archive/readmes/README_世界角色素材库.md,9554
archive/readmes/README_世界角色素材库_v0.2.md,6421
archive/readmes/README_世界角色素材库_v0.3.md,5943
archive/readmes/README_世界角色素材库_v0.4.md,6824
archive/readmes/README_世界角色素材库_v0.5.md,6256
archive/scripts/build_library.py,25017
archive/scripts/build_library_v02.py,32491
archive/scripts/build_library_v03.py,34522
archive/scripts/build_library_v04.py,39002
archive/scripts/build_library_v05.py,32396
archive/scripts/build_pre_final_handoff_docs.py,34119
archive/scripts/update_visual_status_v051.py,9319
archive/spreadsheets/World_Character_素材库_v0.1.xlsx,31752
archive/spreadsheets/World_Character_素材库_v0.2.xlsx,49169
archive/spreadsheets/World_Character_素材库_v0.3.xlsx,66657
archive/spreadsheets/World_Character_素材库_v0.4.xlsx,86044
archive/spreadsheets/World_Character_素材库_v0.5.xlsx,101178
assets/diagrams/v03_world_system_maps.d2,6378
assets/diagrams/v03_world_system_maps.dot,6984
assets/diagrams/v03_world_system_maps.png,487320
assets/diagrams/v03_world_system_maps.svg,57686
assets/original-images/original_w01_fogharbor_cover.png,5921914
assets/original-images/original_w02_daylight_heist_cover.png,6246050
assets/original-images/original_w03_paper_lantern_town_scene.png,7009237
assets/original-images/original_w04_ice_shelter_scene.png,6429810
assets/original-images/original_w05_red_silk_dynasty_scene.png,5711266
assets/original-images/original_w06_star_choir_cover.png,5875255
assets/original-images/original_w07_whalebone_convenience_keyart.png,5132983
assets/original-images/original_w08_rain_train_keyart.png,5563005
assets/original-images/original_w09_asteroid_wedding_keyart.png,5317544
assets/original-images/original_w10_three_walls_keyart.png,6302864
assets/original-images/original_w11_inverted_library_keyart.png,6396922
assets/original-images/original_w12_glass_rainforest_keyart.png,8425136
assets/original-images/original_w13_migratory_court_keyart.png,7242907
assets/original-images/original_w14_lunar_4am_keyart.png,5044583
assets/original-images/original_w15_deepsea_school_keyart.png,6100008
assets/original-images/original_w16_river_lanterns_keyart.png,5601332
assets/original-images/original_w17_bridge_market_keyart.png,6369520
assets/original-images/original_w18_qingchuan_regatta_keyart.png,6536597
assets/original-images/original_w19_double_stage_keyart.png,4922997
assets/original-images/original_w20_zero_tower_cutaway.png,6304515
assets/original-images/original_w21_amber_republic_constitution_keyart.png,6364804
assets/original-images/original_w22_birch_street_keyart.png,6143565
assets/original-images/original_w23_equator_survey_keyart.png,6199854
assets/original-images/original_w24_stonesleeper_city_keyart.png,6714066
assets/original-images/original_w25_asteroid_salvage_keyart.png,5769705
assets/original-images/original_w26_five_worlds_flat_keyart.png,4896156
assets/original-images/original_w27_shift_ward_keyart.png,4609289
assets/original-images/original_w28_pier_hotel_keyart.png,5322941
assets/original-images/original_w29_echo_label_keyart.png,5439768
assets/original-images/original_w30_render_studio_keyart.png,4774322
assets/original-images/original_w31_rainbox_startup_keyart.png,6114093
assets/original-images/original_w32_graphite_floor_keyart.png,5159038
assets/original-images/original_w33_civic_court_keyart.png,5583640
assets/original-images/original_w34_morning_news_keyart.png,4654050
assets/original-images/original_w35_wind_airport_keyart.png,5936795
assets/original-images/original_w36_saltmarsh_keyart.png,6962176
data/current/world_character_library_data_v0.5.1_visual_update.json,149769
data/historical/world_character_library_data.json,149769
data/historical/world_character_library_data_v0.2.json,49949
data/historical/world_character_library_data_v0.3.json,81408
data/historical/world_character_library_data_v0.4.json,117754
data/historical/world_character_library_data_v0.5.json,146829
docs/original/原创世界与角色底库.md,27992
docs/original/原创世界扩充_v0.2.md,22927
docs/original/原创世界扩充_v0.3.md,23090
docs/original/原创世界扩充_v0.4.md,27716
docs/original/原创世界扩充_v0.5.md,20620
docs/original/原创角色与关系扩充_v0.2.md,21255
docs/original/原创角色地点阵营关系扩充_v0.3.md,24276
docs/original/原创角色地点阵营关系扩充_v0.4.md,28168
docs/original/原创角色地点阵营关系扩充_v0.5.md,19178
docs/research/来源核对日志.md,20230
docs/research/第三方IP扩充参考_v0.2.md,9708
docs/research/第三方IP扩充参考_v0.3.md,8591
docs/research/第三方IP扩充参考_v0.4.md,7888
docs/research/第三方IP扩充参考_v0.5.md,4876
docs/research/第三方IP模拟参考库.md,14925
docs/visual-briefs/视觉与动态参考扩充_v0.2.md,6440
docs/visual-briefs/视觉与动态参考扩充_v0.3.md,9862
docs/visual-briefs/视觉与动态参考扩充_v0.4.md,9302
docs/visual-briefs/视觉与动态参考扩充_v0.5.md,8097
docs/visual-briefs/视觉与动态参考索引.md,8679
docs/visual-briefs/视觉生成状态_v0.5.1.md,2238
final/current/World_Character_素材库_v0.5.1_视觉更新.xlsx,105589
handoff/ASSET_FILE_INVENTORY.csv,16
handoff/FINAL_VISUAL_HANDOFF.md,4295
handoff/HANDOFF_INTEGRITY_REPORT.json,1597
handoff/VISUAL_QUEUE_MANIFEST.md,45449
handoff/VISUAL_QUEUE_STATUS.csv,10584
handoff/_build_report.json,1598
assets/original-images/original_w37_northloop_control_keyart.png,5912484
assets/original-images/original_w38_arc_forum_keyart.png,5819371
assets/original-images/original_w39_tide_logistics_keyart.png,5524884
assets/original-images/original_w40_antler_teacher_college_keyart.png,5668444
assets/original-images/original_w41_daylight_station_keyart.png,5932496
assets/original-images/original_w42_firehouse_keyart.png,5622437
assets/original-images/original_w43_food_commons_keyart.png,6294729
assets/original-images/original_w44_border_exchange_keyart.png,4993424
assets/original-images/original_w45_hinge_department_store_keyart.png,5901549
assets/original-images/original_w46_afterecho_museum_keyart.png,5742457
assets/original-images/original_w47_ringtide_seawall_keyart.png,5728054
assets/original-images/original_w48_mirror_migration_keyart.png,5601977
