VQ ID,World ID,World Name,Target,Current Status,Existing Asset,Needed Action,Output Filename,Aspect Ratio,Rights Label,Source Brief
VQ-17,W-17,桥下周六市集,桥下周六市集 — World key art,COMPLETE,assets/original-images/original_w17_bridge_market_keyart.png,Generated and verified; candidate asset; human rights review required.,original_w17_bridge_market_keyart.png,16:9,ORIG-AI-VIS,docs/visual-briefs/视觉与动态参考扩充_v0.3.md
VQ-18,W-18,晴川划船联赛,晴川划船联赛 — World key art,COMPLETE,assets/original-images/original_w18_qingchuan_regatta_keyart.png,Generated and verified; candidate asset; human rights review required.,original_w18_qingchuan_regatta_keyart.png,16:9,ORIG-AI-VIS,docs/visual-briefs/视觉与动态参考扩充_v0.3.md
VQ-19,W-19,双层舞台,双层舞台 — World key art,COMPLETE,assets/original-images/original_w19_double_stage_keyart.png,Generated and verified; candidate asset; human rights review required.,original_w19_double_stage_keyart.png,16:9,ORIG-AI-VIS,docs/visual-briefs/视觉与动态参考扩充_v0.3.md
VQ-20,W-20,零号楼 365,零号楼 365 — World key art,COMPLETE,assets/original-images/original_w20_zero_tower_cutaway.png,Generated and verified; candidate asset; human rights review required.,original_w20_zero_tower_cutaway.png,16:9,ORIG-AI-VIS,docs/visual-briefs/视觉与动态参考扩充_v0.3.md
VQ-21,W-21,琥珀共和国建国第三年,琥珀共和国建国第三年 — World key art,COMPLETE,assets/original-images/original_w21_amber_republic_constitution_keyart.png,Generated and verified; candidate asset; human rights review required.,original_w21_amber_republic_constitution_keyart.png,16:9,ORIG-AI-VIS,docs/visual-briefs/视觉与动态参考扩充_v0.3.md
VQ-22,W-22,桦树街 77 号,桦树街 77 号 — World key art,COMPLETE,assets/original-images/original_w22_birch_street_keyart.png,Generated and verified; candidate asset; human rights review required.,original_w22_birch_street_keyart.png,16:9,ORIG-AI-VIS,docs/visual-briefs/视觉与动态参考扩充_v0.3.md
VQ-23,W-23,赤道测绘社,赤道测绘社 — World key art,COMPLETE,assets/original-images/original_w23_equator_survey_keyart.png,Generated and verified; candidate asset; human rights review required.,original_w23_equator_survey_keyart.png,16:9,ORIG-AI-VIS,docs/visual-briefs/视觉与动态参考扩充_v0.3.md
VQ-24,W-24,石眠者的城市,石眠者的城市 — World key art,COMPLETE,assets/original-images/original_w24_stonesleeper_city_keyart.png,Generated and verified; candidate asset; human rights review required.,original_w24_stonesleeper_city_keyart.png,16:9,ORIG-AI-VIS,docs/visual-briefs/视觉与动态参考扩充_v0.3.md
VQ-25,W-25,小行星拾荒舰队,小行星拾荒舰队 — World key art,COMPLETE,assets/original-images/original_w25_asteroid_salvage_keyart.png,Generated and verified; candidate asset; human rights review required.,original_w25_asteroid_salvage_keyart.png,16:9,ORIG-AI-VIS,docs/visual-briefs/视觉与动态参考扩充_v0.3.md
VQ-26,W-26,五条世界线的合租合同,五条世界线的合租合同 — World key art,COMPLETE,assets/original-images/original_w26_five_worlds_flat_keyart.png,Generated and verified; candidate asset; human rights review required.,original_w26_five_worlds_flat_keyart.png,16:9,ORIG-AI-VIS,docs/visual-briefs/视觉与动态参考扩充_v0.3.md
VQ-27,W-27,交班病房,交班病房 — World key art,COMPLETE,assets/original-images/original_w27_shift_ward_keyart.png,Generated and verified; candidate asset; human rights review required.,original_w27_shift_ward_keyart.png,16:9,ORIG-AI-VIS,docs/visual-briefs/视觉与动态参考扩充_v0.4.md
VQ-28,W-28,第九码头酒店,第九码头酒店 — World key art,COMPLETE,assets/original-images/original_w28_pier_hotel_keyart.png,Generated and verified; candidate asset; human rights review required.,original_w28_pier_hotel_keyart.png,16:9,ORIG-AI-VIS,docs/visual-briefs/视觉与动态参考扩充_v0.4.md
VQ-29,W-29,回声厂牌,回声厂牌 — World key art,COMPLETE,assets/original-images/original_w29_echo_label_keyart.png,Generated and verified; candidate asset; human rights review required.,original_w29_echo_label_keyart.png,16:9,ORIG-AI-VIS,docs/visual-briefs/视觉与动态参考扩充_v0.4.md
VQ-30,W-30,昼夜渲染室,昼夜渲染室 — World key art,COMPLETE,assets/original-images/original_w30_render_studio_keyart.png,Generated and verified; candidate asset; human rights review required.,original_w30_render_studio_keyart.png,16:9,ORIG-AI-VIS,docs/visual-briefs/视觉与动态参考扩充_v0.4.md
VQ-31,W-31,雨盒科技,雨盒科技 — World key art,COMPLETE,assets/original-images/original_w31_rainbox_startup_keyart.png,Generated and verified; candidate asset; human rights review required.,original_w31_rainbox_startup_keyart.png,16:9,ORIG-AI-VIS,docs/visual-briefs/视觉与动态参考扩充_v0.4.md
VQ-32,W-32,石墨集团四十一层,石墨集团四十一层 — World key art,COMPLETE,assets/original-images/original_w32_graphite_floor_keyart.png,Generated and verified; candidate asset; human rights review required.,original_w32_graphite_floor_keyart.png,16:9,ORIG-AI-VIS,docs/visual-briefs/视觉与动态参考扩充_v0.4.md
VQ-33,W-33,公民法庭 4A,公民法庭 4A — World key art,COMPLETE,assets/original-images/original_w33_civic_court_keyart.png,Generated and verified; candidate asset; human rights review required.,original_w33_civic_court_keyart.png,16:9,ORIG-AI-VIS,docs/visual-briefs/视觉与动态参考扩充_v0.4.md
VQ-34,W-34,晨间七号,晨间七号 — World key art,COMPLETE,assets/original-images/original_w34_morning_news_keyart.png,Generated and verified; candidate asset; human rights review required.,original_w34_morning_news_keyart.png,16:9,ORIG-AI-VIS,docs/visual-briefs/视觉与动态参考扩充_v0.4.md
VQ-35,W-35,风向机场,风向机场 — World key art,COMPLETE,assets/original-images/original_w35_wind_airport_keyart.png,Generated and verified; candidate asset; human rights review required.,original_w35_wind_airport_keyart.png,16:9,ORIG-AI-VIS,docs/visual-briefs/视觉与动态参考扩充_v0.4.md
VQ-36,W-36,盐沼合作渔场,盐沼合作渔场 — World key art,COMPLETE,assets/original-images/original_w36_saltmarsh_keyart.png,Generated and verified; candidate asset; human rights review required.,original_w36_saltmarsh_keyart.png,16:9,ORIG-AI-VIS,docs/visual-briefs/视觉与动态参考扩充_v0.4.md
VQ-37,W-37,北环调度室,北环调度室 — World key art,COMPLETE,assets/original-images/original_w37_northloop_control_keyart.png,Generated and verified; candidate asset; human rights review required.,original_w37_northloop_control_keyart.png,16:9,ORIG-AI-VIS,docs/visual-briefs/视觉与动态参考扩充_v0.4.md
VQ-38,W-38,弧光论坛,弧光论坛 — World key art,COMPLETE,assets/original-images/original_w38_arc_forum_keyart.png,Generated and verified; candidate asset; human rights review required.,original_w38_arc_forum_keyart.png,16:9,ORIG-AI-VIS,docs/visual-briefs/视觉与动态参考扩充_v0.4.md
VQ-39,W-39,逆潮物流网,逆潮物流网 — World key art,COMPLETE,assets/original-images/original_w39_tide_logistics_keyart.png,Generated and verified; candidate asset; human rights review required.,original_w39_tide_logistics_keyart.png,16:9,ORIG-AI-VIS,docs/visual-briefs/视觉与动态参考扩充_v0.5.md
VQ-40,W-40,鹿角岛师范学院,鹿角岛师范学院 — World key art,COMPLETE,assets/original-images/original_w40_antler_teacher_college_keyart.png,Generated and verified; candidate asset; human rights review required.,original_w40_antler_teacher_college_keyart.png,16:9,ORIG-AI-VIS,docs/visual-briefs/视觉与动态参考扩充_v0.5.md
VQ-41,W-41,白昼试验站,白昼试验站 — World key art,COMPLETE,assets/original-images/original_w41_daylight_station_keyart.png,Generated and verified; candidate asset; human rights review required.,original_w41_daylight_station_keyart.png,16:9,ORIG-AI-VIS,docs/visual-briefs/视觉与动态参考扩充_v0.5.md
VQ-42,W-42,栖灯消防分队,栖灯消防分队 — World key art,COMPLETE,assets/original-images/original_w42_firehouse_keyart.png,Generated and verified; candidate asset; human rights review required.,original_w42_firehouse_keyart.png,16:9,ORIG-AI-VIS,docs/visual-briefs/视觉与动态参考扩充_v0.5.md
VQ-43,W-43,白瓷公社餐桌,白瓷公社餐桌 — World key art,COMPLETE,assets/original-images/original_w43_food_commons_keyart.png,Generated and verified; candidate asset; human rights review required.,original_w43_food_commons_keyart.png,16:9,ORIG-AI-VIS,docs/visual-briefs/视觉与动态参考扩充_v0.5.md
VQ-44,W-44,边界交换站,边界交换站 — World key art,COMPLETE,assets/original-images/original_w44_border_exchange_keyart.png,Generated and verified; candidate asset; human rights review required.,original_w44_border_exchange_keyart.png,16:9,ORIG-AI-VIS,docs/visual-briefs/视觉与动态参考扩充_v0.5.md
VQ-45,W-45,合页百货公司,合页百货公司 — World key art,COMPLETE,assets/original-images/original_w45_hinge_department_store_keyart.png,Generated and verified; candidate asset; human rights review required.,original_w45_hinge_department_store_keyart.png,16:9,ORIG-AI-VIS,docs/visual-briefs/视觉与动态参考扩充_v0.5.md
VQ-46,W-46,余音美术馆,余音美术馆 — World key art,COMPLETE,assets/original-images/original_w46_afterecho_museum_keyart.png,Generated and verified; candidate asset; human rights review required.,original_w46_afterecho_museum_keyart.png,16:9,ORIG-AI-VIS,docs/visual-briefs/视觉与动态参考扩充_v0.5.md
VQ-47,W-47,环时堤岸局,环时堤岸局 — World key art,COMPLETE,assets/original-images/original_w47_ringtide_seawall_keyart.png,Generated and verified; candidate asset; human rights review required.,original_w47_ringtide_seawall_keyart.png,16:9,ORIG-AI-VIS,docs/visual-briefs/视觉与动态参考扩充_v0.5.md
VQ-48,W-48,镜界迁居署,镜界迁居署 — World key art,COMPLETE,assets/original-images/original_w48_mirror_migration_keyart.png,Generated and verified; candidate asset; human rights review required.,original_w48_mirror_migration_keyart.png,16:9,ORIG-AI-VIS,docs/visual-briefs/视觉与动态参考扩充_v0.5.md
