id,主题,标题或描述,来源线索,来源链接,适合用在哪里,可借鉴的视觉特点,风格关键词,权利分级,使用边界
QX01,角色、NPC与角色动画资产,Animated Women Pack,Quaternius / 官方单件 pack page,https://quaternius.com/packs/animatedwomen.html,居民、NPC、职业、情绪、移动和动作状态验证,官方低多边形 3D 资产包，支持以模块化方式搭建世界地点、居民或状态动画；具体格式和包内容以单件页为准。,Quaternius CC0 3D Animated Women,A-可实际使用,Quaternius 单项页面与下载包中的 CC0 声明为最终依据。部分完整包／源文件可能存在付费下载选项；下载所用版本后归档 license 文件与来源 URL。
QX02,城市、社区与公共交通资产,Downtown City MegaKit,Quaternius / 官方单件 pack page,https://quaternius.com/packs/downtowncitymegakit.html,大型文明、小型社区、建筑、道路、公共交通和城市生活,官方低多边形 3D 资产包，支持以模块化方式搭建世界地点、居民或状态动画；具体格式和包内容以单件页为准。,Quaternius CC0 3D Downtowncitymegakit,A-可实际使用,Quaternius 单项页面与下载包中的 CC0 声明为最终依据。部分完整包／源文件可能存在付费下载选项；下载所用版本后归档 license 文件与来源 URL。
QX03,角色、NPC与角色动画资产,Animated Knight Pack,Quaternius / 官方单件 pack page,https://quaternius.com/packs/knightcharacter.html,居民、NPC、职业、情绪、移动和动作状态验证,官方低多边形 3D 资产包，支持以模块化方式搭建世界地点、居民或状态动画；具体格式和包内容以单件页为准。,Quaternius CC0 3D Knightcharacter,A-可实际使用,Quaternius 单项页面与下载包中的 CC0 声明为最终依据。部分完整包／源文件可能存在付费下载选项；下载所用版本后归档 license 文件与来源 URL。
QX04,城市、社区与公共交通资产,Medieval Village Pack,Quaternius / 官方单件 pack page,https://quaternius.com/packs/medievalvillage.html,大型文明、小型社区、建筑、道路、公共交通和城市生活,官方低多边形 3D 资产包，支持以模块化方式搭建世界地点、居民或状态动画；具体格式和包内容以单件页为准。,Quaternius CC0 3D Medievalvillage,A-可实际使用,Quaternius 单项页面与下载包中的 CC0 声明为最终依据。部分完整包／源文件可能存在付费下载选项；下载所用版本后归档 license 文件与来源 URL。
QX05,城市、社区与公共交通资产,Medieval Village MegaKit,Quaternius / 官方单件 pack page,https://quaternius.com/packs/medievalvillagemegakit.html,大型文明、小型社区、建筑、道路、公共交通和城市生活,官方低多边形 3D 资产包，支持以模块化方式搭建世界地点、居民或状态动画；具体格式和包内容以单件页为准。,Quaternius CC0 3D Medievalvillagemegakit,A-可实际使用,Quaternius 单项页面与下载包中的 CC0 声明为最终依据。部分完整包／源文件可能存在付费下载选项；下载所用版本后归档 license 文件与来源 URL。
QX06,科幻地点与文明资产,Sci-Fi Gun Pack,Quaternius / 官方单件 pack page,https://quaternius.com/packs/scifigun.html,科幻室内外地点、星际文明、装备和科技派系,官方低多边形 3D 资产包，支持以模块化方式搭建世界地点、居民或状态动画；具体格式和包内容以单件页为准。,Quaternius CC0 3D Scifigun,A-可实际使用,Quaternius 单项页面与下载包中的 CC0 声明为最终依据。部分完整包／源文件可能存在付费下载选项；下载所用版本后归档 license 文件与来源 URL。
QX07,科幻地点与文明资产,Sci-Fi Modular Gun Pack,Quaternius / 官方单件 pack page,https://quaternius.com/packs/scifimodularguns.html,科幻室内外地点、星际文明、装备和科技派系,官方低多边形 3D 资产包，支持以模块化方式搭建世界地点、居民或状态动画；具体格式和包内容以单件页为准。,Quaternius CC0 3D Scifimodular Guns,A-可实际使用,Quaternius 单项页面与下载包中的 CC0 声明为最终依据。部分完整包／源文件可能存在付费下载选项；下载所用版本后归档 license 文件与来源 URL。
QX08,室内、家具与生活空间资产,Sushi Restaurant Kit,Quaternius / 官方单件 pack page,https://quaternius.com/packs/sushirestaurantkit.html,家庭、商店、餐厅、公共空间和现代生活场景的 3D 原型,官方低多边形 3D 资产包，支持以模块化方式搭建世界地点、居民或状态动画；具体格式和包内容以单件页为准。,Quaternius CC0 3D Sushirestaurantkit,A-可实际使用,Quaternius 单项页面与下载包中的 CC0 声明为最终依据。部分完整包／源文件可能存在付费下载选项；下载所用版本后归档 license 文件与来源 URL。
QX09,角色、NPC与角色动画资产,Ultimate Modular Women Pack,Quaternius / 官方单件 pack page,https://quaternius.com/packs/ultimatemodularwomen.html,居民、NPC、职业、情绪、移动和动作状态验证,官方低多边形 3D 资产包，支持以模块化方式搭建世界地点、居民或状态动画；具体格式和包内容以单件页为准。,Quaternius CC0 3D Ultimate Modular Women,A-可实际使用,Quaternius 单项页面与下载包中的 CC0 声明为最终依据。部分完整包／源文件可能存在付费下载选项；下载所用版本后归档 license 文件与来源 URL。
QX10,科幻地点与文明资产,Animated Guns Pack,Quaternius / 官方单件 pack page,https://quaternius.com/packs/animatedguns.html,科幻室内外地点、星际文明、装备和科技派系,官方低多边形 3D 资产包，支持以模块化方式搭建世界地点、居民或状态动画；具体格式和包内容以单件页为准。,Quaternius CC0 3D Animated Guns,A-可实际使用,Quaternius 单项页面与下载包中的 CC0 声明为最终依据。部分完整包／源文件可能存在付费下载选项；下载所用版本后归档 license 文件与来源 URL。
QX11,角色、NPC与角色动画资产,Animated Men Pack,Quaternius / 官方单件 pack page,https://quaternius.com/packs/animatedmen.html,居民、NPC、职业、情绪、移动和动作状态验证,官方低多边形 3D 资产包，支持以模块化方式搭建世界地点、居民或状态动画；具体格式和包内容以单件页为准。,Quaternius CC0 3D Animated Men,A-可实际使用,Quaternius 单项页面与下载包中的 CC0 声明为最终依据。部分完整包／源文件可能存在付费下载选项；下载所用版本后归档 license 文件与来源 URL。
QX12,生物、Creature与生态资产,Animated Zombie Pack,Quaternius / 官方单件 pack page,https://quaternius.com/packs/animatedzombie.html,生态区、物种图鉴、世界事件和生物行为原型,官方低多边形 3D 资产包，支持以模块化方式搭建世界地点、居民或状态动画；具体格式和包内容以单件页为准。,Quaternius CC0 3D Animated Zombie,A-可实际使用,Quaternius 单项页面与下载包中的 CC0 声明为最终依据。部分完整包／源文件可能存在付费下载选项；下载所用版本后归档 license 文件与来源 URL。
QX13,角色、NPC与角色动画资产,Background Posed Humans Pack,Quaternius / 官方单件 pack page,https://quaternius.com/packs/backgroundposedhumans.html,居民、NPC、职业、情绪、移动和动作状态验证,官方低多边形 3D 资产包，支持以模块化方式搭建世界地点、居民或状态动画；具体格式和包内容以单件页为准。,Quaternius CC0 3D Backgroundposedhumans,A-可实际使用,Quaternius 单项页面与下载包中的 CC0 声明为最终依据。部分完整包／源文件可能存在付费下载选项；下载所用版本后归档 license 文件与来源 URL。
QX14,室内、家具与生活空间资产,Junk Food Pack,Quaternius / 官方单件 pack page,https://quaternius.com/packs/junkfood.html,家庭、商店、餐厅、公共空间和现代生活场景的 3D 原型,官方低多边形 3D 资产包，支持以模块化方式搭建世界地点、居民或状态动画；具体格式和包内容以单件页为准。,Quaternius CC0 3D Junkfood,A-可实际使用,Quaternius 单项页面与下载包中的 CC0 声明为最终依据。部分完整包／源文件可能存在付费下载选项；下载所用版本后归档 license 文件与来源 URL。
QX15,奇幻地点、建筑与道具资产,Modular Weapons Pack,Quaternius / 官方单件 pack page,https://quaternius.com/packs/medievalweapons.html,奇幻室内外地点、遗迹、道具和世界探索场景,官方低多边形 3D 资产包，支持以模块化方式搭建世界地点、居民或状态动画；具体格式和包内容以单件页为准。,Quaternius CC0 3D Medievalweapons,A-可实际使用,Quaternius 单项页面与下载包中的 CC0 声明为最终依据。部分完整包／源文件可能存在付费下载选项；下载所用版本后归档 license 文件与来源 URL。
QX16,科幻地点与文明资产,Modular Sci-Fi Megakit,Quaternius / 官方单件 pack page,https://quaternius.com/packs/modularscifimegakit.html,科幻室内外地点、星际文明、装备和科技派系,官方低多边形 3D 资产包，支持以模块化方式搭建世界地点、居民或状态动画；具体格式和包内容以单件页为准。,Quaternius CC0 3D Modular Scifimegakit,A-可实际使用,Quaternius 单项页面与下载包中的 CC0 声明为最终依据。部分完整包／源文件可能存在付费下载选项；下载所用版本后归档 license 文件与来源 URL。
QX17,奇幻地点、建筑与道具资产,Pirate Kit,Quaternius / 官方单件 pack page,https://quaternius.com/packs/piratekit.html,奇幻室内外地点、遗迹、道具和世界探索场景,官方低多边形 3D 资产包，支持以模块化方式搭建世界地点、居民或状态动画；具体格式和包内容以单件页为准。,Quaternius CC0 3D Piratekit,A-可实际使用,Quaternius 单项页面与下载包中的 CC0 声明为最终依据。部分完整包／源文件可能存在付费下载选项；下载所用版本后归档 license 文件与来源 URL。
QX18,角色、NPC与角色动画资产,RPG Character Pack,Quaternius / 官方单件 pack page,https://quaternius.com/packs/rpgcharacters.html,居民、NPC、职业、情绪、移动和动作状态验证,官方低多边形 3D 资产包，支持以模块化方式搭建世界地点、居民或状态动画；具体格式和包内容以单件页为准。,Quaternius CC0 3D Rpgcharacters,A-可实际使用,Quaternius 单项页面与下载包中的 CC0 声明为最终依据。部分完整包／源文件可能存在付费下载选项；下载所用版本后归档 license 文件与来源 URL。
QX19,科幻地点与文明资产,Sci-Fi Essentials Kit,Quaternius / 官方单件 pack page,https://quaternius.com/packs/scifiessentialskit.html,科幻室内外地点、星际文明、装备和科技派系,官方低多边形 3D 资产包，支持以模块化方式搭建世界地点、居民或状态动画；具体格式和包内容以单件页为准。,Quaternius CC0 3D Scifiessentialskit,A-可实际使用,Quaternius 单项页面与下载包中的 CC0 声明为最终依据。部分完整包／源文件可能存在付费下载选项；下载所用版本后归档 license 文件与来源 URL。
QX20,城市、社区与公共交通资产,Ships Pack,Quaternius / 官方单件 pack page,https://quaternius.com/packs/ships.html,大型文明、小型社区、建筑、道路、公共交通和城市生活,官方低多边形 3D 资产包，支持以模块化方式搭建世界地点、居民或状态动画；具体格式和包内容以单件页为准。,Quaternius CC0 3D Ships,A-可实际使用,Quaternius 单项页面与下载包中的 CC0 声明为最终依据。部分完整包／源文件可能存在付费下载选项；下载所用版本后归档 license 文件与来源 URL。
QX21,植被、地形与世界环境资产,Simple Nature Pack,Quaternius / 官方单件 pack page,https://quaternius.com/packs/simplenature.html,植被、农业、自然环境和可变化世界地块,官方低多边形 3D 资产包，支持以模块化方式搭建世界地点、居民或状态动画；具体格式和包内容以单件页为准。,Quaternius CC0 3D Simplenature,A-可实际使用,Quaternius 单项页面与下载包中的 CC0 声明为最终依据。部分完整包／源文件可能存在付费下载选项；下载所用版本后归档 license 文件与来源 URL。
QX22,植被、地形与世界环境资产,Stylized Tree Pack,Quaternius / 官方单件 pack page,https://quaternius.com/packs/stylizedtree.html,植被、农业、自然环境和可变化世界地块,官方低多边形 3D 资产包，支持以模块化方式搭建世界地点、居民或状态动画；具体格式和包内容以单件页为准。,Quaternius CC0 3D Stylizedtree,A-可实际使用,Quaternius 单项页面与下载包中的 CC0 声明为最终依据。部分完整包／源文件可能存在付费下载选项；下载所用版本后归档 license 文件与来源 URL。
QX23,科幻地点与文明资产,Steampunk Turret Pack,Quaternius / 官方单件 pack page,https://quaternius.com/packs/turretpack.html,科幻室内外地点、星际文明、装备和科技派系,官方低多边形 3D 资产包，支持以模块化方式搭建世界地点、居民或状态动画；具体格式和包内容以单件页为准。,Quaternius CC0 3D Turretpack,A-可实际使用,Quaternius 单项页面与下载包中的 CC0 声明为最终依据。部分完整包／源文件可能存在付费下载选项；下载所用版本后归档 license 文件与来源 URL。
QX24,植被、地形与世界环境资产,Ultimate Crops Pack,Quaternius / 官方单件 pack page,https://quaternius.com/packs/ultimatecrops.html,植被、农业、自然环境和可变化世界地块,官方低多边形 3D 资产包，支持以模块化方式搭建世界地点、居民或状态动画；具体格式和包内容以单件页为准。,Quaternius CC0 3D Ultimate Crops,A-可实际使用,Quaternius 单项页面与下载包中的 CC0 声明为最终依据。部分完整包／源文件可能存在付费下载选项；下载所用版本后归档 license 文件与来源 URL。
QX25,奇幻地点、建筑与道具资产,Ultimate Fantasy RTS,Quaternius / 官方单件 pack page,https://quaternius.com/packs/ultimatefantasyrts.html,奇幻室内外地点、遗迹、道具和世界探索场景,官方低多边形 3D 资产包，支持以模块化方式搭建世界地点、居民或状态动画；具体格式和包内容以单件页为准。,Quaternius CC0 3D Ultimate Fantasyrts,A-可实际使用,Quaternius 单项页面与下载包中的 CC0 声明为最终依据。部分完整包／源文件可能存在付费下载选项；下载所用版本后归档 license 文件与来源 URL。
QX26,室内、家具与生活空间资产,Ultimate Food Pack,Quaternius / 官方单件 pack page,https://quaternius.com/packs/ultimatefood.html,家庭、商店、餐厅、公共空间和现代生活场景的 3D 原型,官方低多边形 3D 资产包，支持以模块化方式搭建世界地点、居民或状态动画；具体格式和包内容以单件页为准。,Quaternius CC0 3D Ultimate Food,A-可实际使用,Quaternius 单项页面与下载包中的 CC0 声明为最终依据。部分完整包／源文件可能存在付费下载选项；下载所用版本后归档 license 文件与来源 URL。
QX27,室内、家具与生活空间资产,Ultimate Furniture Pack,Quaternius / 官方单件 pack page,https://quaternius.com/packs/ultimatefurniture.html,家庭、商店、餐厅、公共空间和现代生活场景的 3D 原型,官方低多边形 3D 资产包，支持以模块化方式搭建世界地点、居民或状态动画；具体格式和包内容以单件页为准。,Quaternius CC0 3D Ultimate Furniture,A-可实际使用,Quaternius 单项页面与下载包中的 CC0 声明为最终依据。部分完整包／源文件可能存在付费下载选项；下载所用版本后归档 license 文件与来源 URL。
QX28,科幻地点与文明资产,Ultimate Guns Pack,Quaternius / 官方单件 pack page,https://quaternius.com/packs/ultimategun.html,科幻室内外地点、星际文明、装备和科技派系,官方低多边形 3D 资产包，支持以模块化方式搭建世界地点、居民或状态动画；具体格式和包内容以单件页为准。,Quaternius CC0 3D Ultimate Gun,A-可实际使用,Quaternius 单项页面与下载包中的 CC0 声明为最终依据。部分完整包／源文件可能存在付费下载选项；下载所用版本后归档 license 文件与来源 URL。
QX29,室内、家具与生活空间资产,Ultimate House Interior Pack,Quaternius / 官方单件 pack page,https://quaternius.com/packs/ultimatehomeinterior.html,家庭、商店、餐厅、公共空间和现代生活场景的 3D 原型,官方低多边形 3D 资产包，支持以模块化方式搭建世界地点、居民或状态动画；具体格式和包内容以单件页为准。,Quaternius CC0 3D Ultimate Homeinterior,A-可实际使用,Quaternius 单项页面与下载包中的 CC0 声明为最终依据。部分完整包／源文件可能存在付费下载选项；下载所用版本后归档 license 文件与来源 URL。
QX30,角色、NPC与角色动画资产,Ultimate Modular Men Pack,Quaternius / 官方单件 pack page,https://quaternius.com/packs/ultimatemodularcharacters.html,居民、NPC、职业、情绪、移动和动作状态验证,官方低多边形 3D 资产包，支持以模块化方式搭建世界地点、居民或状态动画；具体格式和包内容以单件页为准。,Quaternius CC0 3D Ultimate Modular Characters,A-可实际使用,Quaternius 单项页面与下载包中的 CC0 声明为最终依据。部分完整包／源文件可能存在付费下载选项；下载所用版本后归档 license 文件与来源 URL。
QX31,奇幻地点、建筑与道具资产,Ultimate Modular Ruins Pack,Quaternius / 官方单件 pack page,https://quaternius.com/packs/ultimatemodularruins.html,奇幻室内外地点、遗迹、道具和世界探索场景,官方低多边形 3D 资产包，支持以模块化方式搭建世界地点、居民或状态动画；具体格式和包内容以单件页为准。,Quaternius CC0 3D Ultimate Modular Ruins,A-可实际使用,Quaternius 单项页面与下载包中的 CC0 声明为最终依据。部分完整包／源文件可能存在付费下载选项；下载所用版本后归档 license 文件与来源 URL。
QX32,科幻地点与文明资产,Ultimate Modular Sci-Fi Pack,Quaternius / 官方单件 pack page,https://quaternius.com/packs/ultimatemodularscifi.html,科幻室内外地点、星际文明、装备和科技派系,官方低多边形 3D 资产包，支持以模块化方式搭建世界地点、居民或状态动画；具体格式和包内容以单件页为准。,Quaternius CC0 3D Ultimate Modular Scifi,A-可实际使用,Quaternius 单项页面与下载包中的 CC0 声明为最终依据。部分完整包／源文件可能存在付费下载选项；下载所用版本后归档 license 文件与来源 URL。
QX33,生物、Creature与生态资产,Ultimate Monsters,Quaternius / 官方单件 pack page,https://quaternius.com/packs/ultimatemonsters.html,生态区、物种图鉴、世界事件和生物行为原型,官方低多边形 3D 资产包，支持以模块化方式搭建世界地点、居民或状态动画；具体格式和包内容以单件页为准。,Quaternius CC0 3D Ultimate Monsters,A-可实际使用,Quaternius 单项页面与下载包中的 CC0 声明为最终依据。部分完整包／源文件可能存在付费下载选项；下载所用版本后归档 license 文件与来源 URL。
QX34,植被、地形与世界环境资产,Ultimate Nature Pack,Quaternius / 官方单件 pack page,https://quaternius.com/packs/ultimatenature.html,植被、农业、自然环境和可变化世界地块,官方低多边形 3D 资产包，支持以模块化方式搭建世界地点、居民或状态动画；具体格式和包内容以单件页为准。,Quaternius CC0 3D Ultimate Nature,A-可实际使用,Quaternius 单项页面与下载包中的 CC0 声明为最终依据。部分完整包／源文件可能存在付费下载选项；下载所用版本后归档 license 文件与来源 URL。
QX35,科幻地点与文明资产,Ultimate Space Kit,Quaternius / 官方单件 pack page,https://quaternius.com/packs/ultimatespacekit.html,科幻室内外地点、星际文明、装备和科技派系,官方低多边形 3D 资产包，支持以模块化方式搭建世界地点、居民或状态动画；具体格式和包内容以单件页为准。,Quaternius CC0 3D Ultimate Spacekit,A-可实际使用,Quaternius 单项页面与下载包中的 CC0 声明为最终依据。部分完整包／源文件可能存在付费下载选项；下载所用版本后归档 license 文件与来源 URL。
QX36,植被、地形与世界环境资产,Ultimate Stylized Nature Pack,Quaternius / 官方单件 pack page,https://quaternius.com/packs/ultimatestylizednature.html,植被、农业、自然环境和可变化世界地块,官方低多边形 3D 资产包，支持以模块化方式搭建世界地点、居民或状态动画；具体格式和包内容以单件页为准。,Quaternius CC0 3D Ultimate Stylizednature,A-可实际使用,Quaternius 单项页面与下载包中的 CC0 声明为最终依据。部分完整包／源文件可能存在付费下载选项；下载所用版本后归档 license 文件与来源 URL。
