id,主题,标题或描述,来源线索,来源链接,适合用在哪里,可借鉴的视觉特点,风格关键词,权利分级,使用边界,asset_id,asset_type,thumbnail_url,category
PH01,HDRI与环境光照,Winter Lake 01,Poly Haven / Sergej Majboroda,https://polyhaven.com/a/winter_lake_01,世界环境、天气时间变化与 3D 场景环境光照,"真实环境光与反射信息；分类为 Coast & Water/Rivers & Lakes/Lakeshores；标签：field, lake, snow, winter, frozen",field lake snow winter frozen,A-可实际使用,Poly Haven 原始资产为 CC0；通过单件页下载原始文件，记录版本与作者。API 记录的最大分辨率：16500×8250。不得复用网站 logo、网页文案或示例 render。,winter_lake_01,HDRI,https://cdn.polyhaven.com/asset_img/thumbs/winter_lake_01.png?width=256&height=256,Coast & Water/Rivers & Lakes/Lakeshores
PH02,HDRI与环境光照,Bell Park Pier,Poly Haven / Greg Zaal,https://polyhaven.com/a/bell_park_pier,世界环境、天气时间变化与 3D 场景环境光照,"真实环境光与反射信息；分类为 Coast & Water/Harbours & Piers/Piers & Jetties；标签：water, dam, lake, pier, boat, hill",water dam lake pier boat hill mountain,A-可实际使用,Poly Haven 原始资产为 CC0；通过单件页下载原始文件，记录版本与作者。API 记录的最大分辨率：16384×8192。不得复用网站 logo、网页文案或示例 render。,bell_park_pier,HDRI,https://cdn.polyhaven.com/asset_img/thumbs/bell_park_pier.png?width=256&height=256,Coast & Water/Harbours & Piers/Piers & Jetties
PH03,HDRI与环境光照,Pond Bridge Night,Poly Haven / Greg Zaal,https://polyhaven.com/a/pond_bridge_night,现代城市、文明地点与夜间／天气光照原型,"真实环境光与反射信息；分类为 Parks & Gardens/Parks/Lakeside Parks；标签：tree, forest, pond, statue, bridge, street light",tree forest pond statue bridge street light path,A-可实际使用,Poly Haven 原始资产为 CC0；通过单件页下载原始文件，记录版本与作者。API 记录的最大分辨率：16384×8192。不得复用网站 logo、网页文案或示例 render。,pond_bridge_night,HDRI,https://cdn.polyhaven.com/asset_img/thumbs/pond_bridge_night.png?width=256&height=256,Parks & Gardens/Parks/Lakeside Parks
PH04,HDRI与环境光照,Spruit Dawn,Poly Haven / Greg Zaal,https://polyhaven.com/a/spruit_dawn,世界环境、天气时间变化与 3D 场景环境光照,"真实环境光与反射信息；分类为 Coast & Water/Rivers & Lakes/Riverbanks；标签：tree, river, grass, path, field, park",tree river grass path field park mist power line,A-可实际使用,Poly Haven 原始资产为 CC0；通过单件页下载原始文件，记录版本与作者。API 记录的最大分辨率：16384×8192。不得复用网站 logo、网页文案或示例 render。,spruit_dawn,HDRI,https://cdn.polyhaven.com/asset_img/thumbs/spruit_dawn.png?width=256&height=256,Coast & Water/Rivers & Lakes/Riverbanks
PH05,HDRI与环境光照,Near The River 02,Poly Haven / Sergej Majboroda,https://polyhaven.com/a/near_the_river_02,世界环境、天气时间变化与 3D 场景环境光照,"真实环境光与反射信息；分类为 Coast & Water/Rivers & Lakes/Riverbanks；标签：path, tree, field, long grass, dry, backplates",path tree field long grass dry backplates,A-可实际使用,Poly Haven 原始资产为 CC0；通过单件页下载原始文件，记录版本与作者。API 记录的最大分辨率：16384×8192。不得复用网站 logo、网页文案或示例 render。,near_the_river_02,HDRI,https://cdn.polyhaven.com/asset_img/thumbs/near_the_river_02.png?width=256&height=256,Coast & Water/Rivers & Lakes/Riverbanks
PH06,HDRI与环境光照,Shanghai Bund,Poly Haven / Greg Zaal,https://polyhaven.com/a/shanghai_bund,现代城市、文明地点与夜间／天气光照原型,"真实环境光与反射信息；分类为 Coast & Water/Harbours & Piers/Promenades & Seafronts；标签：skyscraper, skyline, china, neon, promenade, building",skyscraper skyline china neon promenade building architecture street city square,A-可实际使用,Poly Haven 原始资产为 CC0；通过单件页下载原始文件，记录版本与作者。API 记录的最大分辨率：16384×8192。不得复用网站 logo、网页文案或示例 render。,shanghai_bund,HDRI,https://cdn.polyhaven.com/asset_img/thumbs/shanghai_bund.png?width=256&height=256,Coast & Water/Harbours & Piers/Promenades & Seafronts
PH07,HDRI与环境光照,Resting Place,Poly Haven / Sergej Majboroda,https://polyhaven.com/a/resting_place,世界环境、天气时间变化与 3D 场景环境光照,"真实环境光与反射信息；分类为 Coast & Water/Rivers & Lakes/Lakeshores；标签：sun, grass, field, tree, dam, lake",sun grass field tree dam lake park hut cabin,A-可实际使用,Poly Haven 原始资产为 CC0；通过单件页下载原始文件，记录版本与作者。API 记录的最大分辨率：16384×8192。不得复用网站 logo、网页文案或示例 render。,resting_place,HDRI,https://cdn.polyhaven.com/asset_img/thumbs/resting_place.png?width=256&height=256,Coast & Water/Rivers & Lakes/Lakeshores
PH08,HDRI与环境光照,Joburg Central Sunset,"Poly Haven / Greg Zaal, Dimitrios Savva",https://polyhaven.com/a/sunset_jhbcentral,现代城市、文明地点与夜间／天气光照原型,"真实环境光与反射信息；分类为 Streets & Town/Rooftops & Balconies/City Rooftops；标签：city, roof, skyline, building, architecture, industrial",city roof skyline building architecture industrial pink twilight,A-可实际使用,Poly Haven 原始资产为 CC0；通过单件页下载原始文件，记录版本与作者。API 记录的最大分辨率：24576×12288。不得复用网站 logo、网页文案或示例 render。,sunset_jhbcentral,HDRI,https://cdn.polyhaven.com/asset_img/thumbs/sunset_jhbcentral.png?width=256&height=256,Streets & Town/Rooftops & Balconies/City Rooftops
PH09,HDRI与环境光照,Neuer Zollhof,Poly Haven / Greg Zaal,https://polyhaven.com/a/neuer_zollhof,现代城市、文明地点与夜间／天气光照原型,"真实环境光与反射信息；分类为 Streets & Town/Squares & Plazas/Waterfront Squares；标签：lamp, architecture, europe, building, street, city",lamp architecture europe building street city square,A-可实际使用,Poly Haven 原始资产为 CC0；通过单件页下载原始文件，记录版本与作者。API 记录的最大分辨率：16384×8192。不得复用网站 logo、网页文案或示例 render。,neuer_zollhof,HDRI,https://cdn.polyhaven.com/asset_img/thumbs/neuer_zollhof.png?width=256&height=256,Streets & Town/Squares & Plazas/Waterfront Squares
PH10,HDRI与环境光照,Rural Landscape,Poly Haven / Sergej Majboroda,https://polyhaven.com/a/rural_landscape,世界环境、天气时间变化与 3D 场景环境光照,"真实环境光与反射信息；分类为 Coast & Water/Rivers & Lakes/Lakeshores；标签：dirt, road, track, lake, backplates",dirt road track lake backplates,A-可实际使用,Poly Haven 原始资产为 CC0；通过单件页下载原始文件，记录版本与作者。API 记录的最大分辨率：16384×8192。不得复用网站 logo、网页文案或示例 render。,rural_landscape,HDRI,https://cdn.polyhaven.com/asset_img/thumbs/rural_landscape.png?width=256&height=256,Coast & Water/Rivers & Lakes/Lakeshores
PH11,HDRI与环境光照,Lake Pier,Poly Haven / Alexander Scholten,https://polyhaven.com/a/lake_pier,世界环境、天气时间变化与 3D 场景环境光照,"真实环境光与反射信息；分类为 Coast & Water/Harbours & Piers/Piers & Jetties；标签：pier, lake, water, ocean, concrete, harbour",pier lake water ocean concrete harbour harbor dock,A-可实际使用,Poly Haven 原始资产为 CC0；通过单件页下载原始文件，记录版本与作者。API 记录的最大分辨率：21724×10862。不得复用网站 logo、网页文案或示例 render。,lake_pier,HDRI,https://cdn.polyhaven.com/asset_img/thumbs/lake_pier.png?width=256&height=256,Coast & Water/Harbours & Piers/Piers & Jetties
PH12,HDRI与环境光照,Shudu Lake,Poly Haven / Alex Radosnov,https://polyhaven.com/a/shudu_lake,世界环境、天气时间变化与 3D 场景环境光照,"真实环境光与反射信息；分类为 Coast & Water/Rivers & Lakes/Lakeshores；标签：lake, platform, wood floor, hill, mountain, park",lake platform wood floor hill mountain park backplates,A-可实际使用,Poly Haven 原始资产为 CC0；通过单件页下载原始文件，记录版本与作者。API 记录的最大分辨率：11878×5939。不得复用网站 logo、网页文案或示例 render。,shudu_lake,HDRI,https://cdn.polyhaven.com/asset_img/thumbs/shudu_lake.png?width=256&height=256,Coast & Water/Rivers & Lakes/Lakeshores
PH13,PBR材质与表面,Red Sandstone Pavement,Poly Haven / Amal Kumar,https://polyhaven.com/a/red_sandstone_pavement,自然生态、地形、村庄与户外世界表面,"无缝 PBR 表面细节；分类为 Brick & Block/Stone Block & Paver/Sandstone Brick & Block；标签：weathered, plaster, rock, sandstone, concrete, pavement",weathered plaster rock sandstone concrete pavement floor dirty discolored brown,A-可实际使用,Poly Haven 原始资产为 CC0；通过单件页下载原始文件，记录版本与作者。API 记录的最大分辨率：8192×8192。不得复用网站 logo、网页文案或示例 render。,red_sandstone_pavement,PBR Texture,https://cdn.polyhaven.com/asset_img/thumbs/red_sandstone_pavement.png?width=256&height=256,Brick & Block/Stone Block & Paver/Sandstone Brick & Block
PH14,PBR材质与表面,Coast Sand Rocks 02,Poly Haven / Rob Tuytel,https://polyhaven.com/a/coast_sand_rocks_02,自然生态、地形、村庄与户外世界表面,"无缝 PBR 表面细节；分类为 Stone/Rock & Cliffs/Coastal Rock；标签：grass, rock face, rock, moss, rough, uneven",grass rock face rock moss rough uneven weathered stones cliff ground,A-可实际使用,Poly Haven 原始资产为 CC0；通过单件页下载原始文件，记录版本与作者。API 记录的最大分辨率：8192×8192。不得复用网站 logo、网页文案或示例 render。,coast_sand_rocks_02,PBR Texture,https://cdn.polyhaven.com/asset_img/thumbs/coast_sand_rocks_02.png?width=256&height=256,Stone/Rock & Cliffs/Coastal Rock
PH15,PBR材质与表面,Grassy Cobblestone,"Poly Haven / Dario Barresi, Charlotte Baglioni",https://polyhaven.com/a/grassy_cobblestone,自然生态、地形、村庄与户外世界表面,"无缝 PBR 表面细节；分类为 Stone/Cobblestone & Paving/Rough & Irregular Setts；标签：ground, dirt, rock, grass, dirty, path",ground dirt rock grass dirty path trampled pathway,A-可实际使用,Poly Haven 原始资产为 CC0；通过单件页下载原始文件，记录版本与作者。API 记录的最大分辨率：8192×8192。不得复用网站 logo、网页文案或示例 render。,grassy_cobblestone,PBR Texture,https://cdn.polyhaven.com/asset_img/thumbs/grassy_cobblestone.png?width=256&height=256,Stone/Cobblestone & Paving/Rough & Irregular Setts
PH16,PBR材质与表面,Concrete Rock Path,Poly Haven / Amal Kumar,https://polyhaven.com/a/concrete_rock_path,自然生态、地形、村庄与户外世界表面,"无缝 PBR 表面细节；分类为 Ground & Terrain/Rocky Ground/Rocky Paths & Trails；标签：rough, uneven, old, weathered, brown, rock",rough uneven old weathered brown rock dirty ground concrete pathway,A-可实际使用,Poly Haven 原始资产为 CC0；通过单件页下载原始文件，记录版本与作者。API 记录的最大分辨率：8192×8192。不得复用网站 logo、网页文案或示例 render。,concrete_rock_path,PBR Texture,https://cdn.polyhaven.com/asset_img/thumbs/concrete_rock_path.png?width=256&height=256,Ground & Terrain/Rocky Ground/Rocky Paths & Trails
PH17,PBR材质与表面,Sandstone Cracks,Poly Haven / Rob Tuytel,https://polyhaven.com/a/sandstone_cracks,自然生态、地形、村庄与户外世界表面,"无缝 PBR 表面细节；分类为 Stone/Slabs & Tiles/Sandstone；标签：rough, dirt, ground, sandstone, cracked, plaster",rough dirt ground sandstone cracked plaster,A-可实际使用,Poly Haven 原始资产为 CC0；通过单件页下载原始文件，记录版本与作者。API 记录的最大分辨率：8192×8192。不得复用网站 logo、网页文案或示例 render。,sandstone_cracks,PBR Texture,https://cdn.polyhaven.com/asset_img/thumbs/sandstone_cracks.png?width=256&height=256,Stone/Slabs & Tiles/Sandstone
PH18,PBR材质与表面,Granular Concrete,"Poly Haven / Dario Barresi, Michael Jenkins",https://polyhaven.com/a/granular_concrete,自然生态、地形、村庄与户外世界表面,"无缝 PBR 表面细节；分类为 Concrete/Cast Walls & Floors/Exposed Aggregate；标签：rough, stones, rock, gravel, dirt, ground",rough stones rock gravel dirt ground,A-可实际使用,Poly Haven 原始资产为 CC0；通过单件页下载原始文件，记录版本与作者。API 记录的最大分辨率：8192×8192。不得复用网站 logo、网页文案或示例 render。,granular_concrete,PBR Texture,https://cdn.polyhaven.com/asset_img/thumbs/granular_concrete.png?width=256&height=256,Concrete/Cast Walls & Floors/Exposed Aggregate
PH19,PBR材质与表面,Pavement 02,"Poly Haven / Dario Barresi, Charlotte Baglioni",https://polyhaven.com/a/pavement_02,自然生态、地形、村庄与户外世界表面,"无缝 PBR 表面细节；分类为 Brick & Block/Concrete Block & Paver/Cast-Stone Block；标签：worn, floor, sidewalk, pavement, flat, dirty",worn floor sidewalk pavement flat dirty city textured paving ground,A-可实际使用,Poly Haven 原始资产为 CC0；通过单件页下载原始文件，记录版本与作者。API 记录的最大分辨率：8192×8192。不得复用网站 logo、网页文案或示例 render。,pavement_02,PBR Texture,https://cdn.polyhaven.com/asset_img/thumbs/pavement_02.png?width=256&height=256,Brick & Block/Concrete Block & Paver/Cast-Stone Block
PH20,PBR材质与表面,Rock Ground 02,Poly Haven / Rob Tuytel,https://polyhaven.com/a/rock_ground_02,自然生态、地形、村庄与户外世界表面,"无缝 PBR 表面细节；分类为 Ground & Terrain/Rocky Ground；标签：rough, broken, gravel, ground, scattered plants , stones",rough broken gravel ground scattered plants  stones loose stones dirt sand rocks,A-可实际使用,Poly Haven 原始资产为 CC0；通过单件页下载原始文件，记录版本与作者。API 记录的最大分辨率：8192×8192。不得复用网站 logo、网页文案或示例 render。,rock_ground_02,PBR Texture,https://cdn.polyhaven.com/asset_img/thumbs/rock_ground_02.png?width=256&height=256,Ground & Terrain/Rocky Ground
PH21,PBR材质与表面,Floor Pavement,"Poly Haven / Dario Barresi, Charlotte Baglioni",https://polyhaven.com/a/floor_pavement,现代建筑、室内空间、道具与城市表面材质,"无缝 PBR 表面细节；分类为 Brick & Block/Concrete Block & Paver/Interlocking Pavers；标签：ground, sidewalk, cracked, damaged, floor, pavement",ground sidewalk cracked damaged floor pavement cement square,A-可实际使用,Poly Haven 原始资产为 CC0；通过单件页下载原始文件，记录版本与作者。API 记录的最大分辨率：8192×8192。不得复用网站 logo、网页文案或示例 render。,floor_pavement,PBR Texture,https://cdn.polyhaven.com/asset_img/thumbs/floor_pavement.png?width=256&height=256,Brick & Block/Concrete Block & Paver/Interlocking Pavers
PH22,PBR材质与表面,Burned Ground 01,Poly Haven / Rob Tuytel,https://polyhaven.com/a/burned_ground_01,自然生态、地形、村庄与户外世界表面,"无缝 PBR 表面细节；分类为 Ground & Terrain/Rocky Ground/Stony Dirt；标签：mud, burned, fire, dirt, ash, plant debris",mud burned fire dirt ash plant debris plant litter leaves dry leaves dry grass,A-可实际使用,Poly Haven 原始资产为 CC0；通过单件页下载原始文件，记录版本与作者。API 记录的最大分辨率：8192×8192。不得复用网站 logo、网页文案或示例 render。,burned_ground_01,PBR Texture,https://cdn.polyhaven.com/asset_img/thumbs/burned_ground_01.png?width=256&height=256,Ground & Terrain/Rocky Ground/Stony Dirt
PH23,3D建筑与道具,Street Lamp 02,Poly Haven / Josh Dean,https://polyhaven.com/a/street_lamp_02,城市、村庄、现代地点和文明空间原型,"真实扫描 3D 物件细节；分类为 Lighting/Street & Outdoor/Street Lamps；标签：street, road, light, lamppost, outdoor, pole",street road light lamppost outdoor pole sidewalk night urban city,A-可实际使用,Poly Haven 原始资产为 CC0；通过单件页下载原始文件，记录版本与作者。API 记录的最大分辨率：8192×8192。不得复用网站 logo、网页文案或示例 render。,street_lamp_02,3D Model,https://cdn.polyhaven.com/asset_img/thumbs/street_lamp_02.png?width=256&height=256,Lighting/Street & Outdoor/Street Lamps
PH24,3D建筑与道具,Modular Street Seating,Poly Haven / Stuart Attenborrow,https://polyhaven.com/a/modular_street_seating,城市、村庄、现代地点和文明空间原型,"真实扫描 3D 物件细节；分类为 Furniture/Seating/Benches；标签：chair, outdoor, urban, cityscape, contemporary, bench",chair outdoor urban cityscape contemporary bench city infrastructure,A-可实际使用,Poly Haven 原始资产为 CC0；通过单件页下载原始文件，记录版本与作者。API 记录的最大分辨率：4096×4096。不得复用网站 logo、网页文案或示例 render。,modular_street_seating,3D Model,https://cdn.polyhaven.com/asset_img/thumbs/modular_street_seating.png?width=256&height=256,Furniture/Seating/Benches
PH25,3D建筑与道具,Outdoor Table Chair Set 01,Poly Haven / James Ray Cock,https://polyhaven.com/a/outdoor_table_chair_set_01,城市、村庄、现代地点和文明空间原型,"真实扫描 3D 物件细节；分类为 Furniture/Seating/Outdoor Seating；标签：outdoor, foldable, folding, seating, coffee, diner",outdoor foldable folding seating coffee diner street urban deli wood,A-可实际使用,Poly Haven 原始资产为 CC0；通过单件页下载原始文件，记录版本与作者。API 记录的最大分辨率：4096×4096。不得复用网站 logo、网页文案或示例 render。,outdoor_table_chair_set_01,3D Model,https://cdn.polyhaven.com/asset_img/thumbs/outdoor_table_chair_set_01.png?width=256&height=256,Furniture/Seating/Outdoor Seating
PH26,3D建筑与道具,Modular Urban Apartments Facade,Poly Haven / James Ray Cock,https://polyhaven.com/a/modular_urban_apartments_facade,城市、村庄、现代地点和文明空间原型,"真实扫描 3D 物件细节；分类为 Architecture/Facades & Modules/Building Facades；标签：building, urban, modular, contemporary, apartments, city",building urban modular contemporary apartments city home house architecture residential,A-可实际使用,Poly Haven 原始资产为 CC0；通过单件页下载原始文件，记录版本与作者。API 记录的最大分辨率：8192×8192。不得复用网站 logo、网页文案或示例 render。,modular_urban_apartments_facade,3D Model,https://cdn.polyhaven.com/asset_img/thumbs/modular_urban_apartments_facade.png?width=256&height=256,Architecture/Facades & Modules/Building Facades
PH27,3D建筑与道具,Rollershutter Window 03,Poly Haven / MP,https://polyhaven.com/a/rollershutter_window_03,城市、村庄、现代地点和文明空间原型,"真实扫描 3D 物件细节；分类为 Architecture/Windows & Shutters/Roller Shutters；标签：roller garage door, shutter door, security shutter, warehouse door, shutters, garage door",roller garage door shutter door security shutter warehouse door shutters garage door,A-可实际使用,Poly Haven 原始资产为 CC0；通过单件页下载原始文件，记录版本与作者。API 记录的最大分辨率：8192×8192。不得复用网站 logo、网页文案或示例 render。,rollershutter_window_03,3D Model,https://cdn.polyhaven.com/asset_img/thumbs/rollershutter_window_03.png?width=256&height=256,Architecture/Windows & Shutters/Roller Shutters
PH28,3D建筑与道具,Modular Factory Facade,Poly Haven / James Ray Cock,https://polyhaven.com/a/modular_factory_facade,城市、村庄、现代地点和文明空间原型,"真实扫描 3D 物件细节；分类为 Architecture/Facades & Modules/Building Facades；标签：industrial, factory, modular, architecture, warehouse, facade",industrial factory modular architecture warehouse facade exterior,A-可实际使用,Poly Haven 原始资产为 CC0；通过单件页下载原始文件，记录版本与作者。API 记录的最大分辨率：8192×8192。不得复用网站 logo、网页文案或示例 render。,modular_factory_facade,3D Model,https://cdn.polyhaven.com/asset_img/thumbs/modular_factory_facade.png?width=256&height=256,Architecture/Facades & Modules/Building Facades
PH29,3D建筑与道具,Security Light,Poly Haven / Maximilian Schuster,https://polyhaven.com/a/security_light,城市、村庄、现代地点和文明空间原型,"真实扫描 3D 物件细节；分类为 Lighting/Street & Outdoor/Security & Flood Lights；标签：outdoor, exterior, alleyway, entrance, infrastructure",outdoor exterior alleyway entrance infrastructure,A-可实际使用,Poly Haven 原始资产为 CC0；通过单件页下载原始文件，记录版本与作者。API 记录的最大分辨率：8192×8192。不得复用网站 logo、网页文案或示例 render。,security_light,3D Model,https://cdn.polyhaven.com/asset_img/thumbs/security_light.png?width=256&height=256,Lighting/Street & Outdoor/Security & Flood Lights
PH30,3D建筑与道具,Modular Chainlink Fence,"Poly Haven / James Ray Cock, Amal Kumar",https://polyhaven.com/a/modular_chainlink_fence,城市、村庄、现代地点和文明空间原型,"真实扫描 3D 物件细节；分类为 Architecture/Fences & Barriers；标签：infrastructure, city, urban, fencing, barrier, security",infrastructure city urban fencing barrier security fencing boundary wall wire,A-可实际使用,Poly Haven 原始资产为 CC0；通过单件页下载原始文件，记录版本与作者。API 记录的最大分辨率：8192×8192。不得复用网站 logo、网页文案或示例 render。,modular_chainlink_fence,3D Model,https://cdn.polyhaven.com/asset_img/thumbs/modular_chainlink_fence.png?width=256&height=256,Architecture/Fences & Barriers
