id,主题,标题或描述,来源线索,来源链接,适合用在哪里,可借鉴的视觉特点,风格关键词,权利分级,使用边界,preview_image,asset_category
K01,城市、村庄与文明资产,City Kit (Roads),Kenney / 官方 3D 资产页,https://kenney.nl/assets/city-kit-roads,城市、村庄、交通、商业与工业地点的快速原型,统一风格的可下载游戏资产包，适合快速验证场景层级与物件可读性。,Kenney 3D CC0 资产包 City Kit (Roads),A-可实际使用,Kenney 官方支持页说明资产页游戏资产为 CC0，可用于商业项目且无需署名；应保留单件页和下载包内 license 文件，不得使用 Kenney logo。,https://kenney.nl/media/pages/assets/city-kit-roads/8021370415-1787042780/sample.png,3D
K02,城市、村庄与文明资产,City Kit (Commercial),Kenney / 官方 3D 资产页,https://kenney.nl/assets/city-kit-commercial,城市、村庄、交通、商业与工业地点的快速原型,统一风格的可下载游戏资产包，适合快速验证场景层级与物件可读性。,Kenney 3D CC0 资产包 City Kit (Commercial),A-可实际使用,Kenney 官方支持页说明资产页游戏资产为 CC0，可用于商业项目且无需署名；应保留单件页和下载包内 license 文件，不得使用 Kenney logo。,https://kenney.nl/media/pages/assets/city-kit-commercial/ca60ea54ef-1747481474/sample.png,3D
K03,城市、村庄与文明资产,City Kit (Industrial),Kenney / 官方 3D 资产页,https://kenney.nl/assets/city-kit-industrial,城市、村庄、交通、商业与工业地点的快速原型,统一风格的可下载游戏资产包，适合快速验证场景层级与物件可读性。,Kenney 3D CC0 资产包 City Kit (Industrial),A-可实际使用,Kenney 官方支持页说明资产页游戏资产为 CC0，可用于商业项目且无需署名；应保留单件页和下载包内 license 文件，不得使用 Kenney logo。,https://kenney.nl/media/pages/assets/city-kit-industrial/18dcc5d6ce-1750838287/sample.png,3D
K04,城市、村庄与文明资产,Building Kit,Kenney / 官方 3D 资产页,https://kenney.nl/assets/building-kit,城市、村庄、交通、商业与工业地点的快速原型,统一风格的可下载游戏资产包，适合快速验证场景层级与物件可读性。,Kenney 3D CC0 资产包 Building Kit,A-可实际使用,Kenney 官方支持页说明资产页游戏资产为 CC0，可用于商业项目且无需署名；应保留单件页和下载包内 license 文件，不得使用 Kenney logo。,https://kenney.nl/media/pages/assets/building-kit/617be3e07b-1718801879/sample.png,3D
K05,城市、村庄与文明资产,Modular Buildings,Kenney / 官方 3D 资产页,https://kenney.nl/assets/modular-buildings,城市、村庄、交通、商业与工业地点的快速原型,统一风格的可下载游戏资产包，适合快速验证场景层级与物件可读性。,Kenney 3D CC0 资产包 Modular Buildings,A-可实际使用,Kenney 官方支持页说明资产页游戏资产为 CC0，可用于商业项目且无需署名；应保留单件页和下载包内 license 文件，不得使用 Kenney logo。,https://kenney.nl/media/pages/assets/modular-buildings/cbda060603-1707397438/sample.png,3D
K06,城市、村庄与文明资产,3D Road Tiles,Kenney / 官方 3D 资产页,https://kenney.nl/assets/3d-road-tiles,城市、村庄、交通、商业与工业地点的快速原型,统一风格的可下载游戏资产包，适合快速验证场景层级与物件可读性。,Kenney 3D CC0 资产包 3D Road Tiles,A-可实际使用,Kenney 官方支持页说明资产页游戏资产为 CC0，可用于商业项目且无需署名；应保留单件页和下载包内 license 文件，不得使用 Kenney logo。,https://kenney.nl/media/pages/assets/3d-road-tiles/525cc2181c-1677581258/sample.png,3D
K07,自然、奇幻地点与生态资产,Mini Dungeon,Kenney / 官方 3D 资产页,https://kenney.nl/assets/mini-dungeon,自然生态、地下空间、冒险地点和奇幻世界原型,统一风格的可下载游戏资产包，适合快速验证场景层级与物件可读性。,Kenney 3D CC0 资产包 Mini Dungeon,A-可实际使用,Kenney 官方支持页说明资产页游戏资产为 CC0，可用于商业项目且无需署名；应保留单件页和下载包内 license 文件，不得使用 Kenney logo。,https://kenney.nl/media/pages/assets/mini-dungeon/5b23e91c6e-1785314288/sample.png,3D
K08,自然、奇幻地点与生态资产,Mini Forest,Kenney / 官方 3D 资产页,https://kenney.nl/assets/mini-forest,自然生态、地下空间、冒险地点和奇幻世界原型,统一风格的可下载游戏资产包，适合快速验证场景层级与物件可读性。,Kenney 3D CC0 资产包 Mini Forest,A-可实际使用,Kenney 官方支持页说明资产页游戏资产为 CC0，可用于商业项目且无需署名；应保留单件页和下载包内 license 文件，不得使用 Kenney logo。,https://kenney.nl/media/pages/assets/mini-forest/cb98284e11-1784024076/sample.png,3D
K09,自然、奇幻地点与生态资产,Modular Cave Kit,Kenney / 官方 3D 资产页,https://kenney.nl/assets/modular-cave-kit,自然生态、地下空间、冒险地点和奇幻世界原型,统一风格的可下载游戏资产包，适合快速验证场景层级与物件可读性。,Kenney 3D CC0 资产包 Modular Cave Kit,A-可实际使用,Kenney 官方支持页说明资产页游戏资产为 CC0，可用于商业项目且无需署名；应保留单件页和下载包内 license 文件，不得使用 Kenney logo。,https://kenney.nl/media/pages/assets/modular-cave-kit/ced1b74dc1-1783667089/sample.png,3D
K10,城市、村庄与文明资产,Factory Kit,Kenney / 官方 3D 资产页,https://kenney.nl/assets/factory-kit,城市、村庄、交通、商业与工业地点的快速原型,统一风格的可下载游戏资产包，适合快速验证场景层级与物件可读性。,Kenney 3D CC0 资产包 Factory Kit,A-可实际使用,Kenney 官方支持页说明资产页游戏资产为 CC0，可用于商业项目且无需署名；应保留单件页和下载包内 license 文件，不得使用 Kenney logo。,https://kenney.nl/media/pages/assets/factory-kit/7e1e831724-1777639590/sample.png,3D
K11,城市、村庄与文明资产,Car Kit,Kenney / 官方 3D 资产页,https://kenney.nl/assets/car-kit,城市、村庄、交通、商业与工业地点的快速原型,统一风格的可下载游戏资产包，适合快速验证场景层级与物件可读性。,Kenney 3D CC0 资产包 Car Kit,A-可实际使用,Kenney 官方支持页说明资产页游戏资产为 CC0，可用于商业项目且无需署名；应保留单件页和下载包内 license 文件，不得使用 Kenney logo。,https://kenney.nl/media/pages/assets/car-kit/81f9d77bc7-1775131953/preview.png,3D
K12,2D世界与地图资产,Platformer Kit,Kenney / 官方 3D 资产页,https://kenney.nl/assets/platformer-kit,世界地图、像素地点、卡片和低保真体验原型,统一风格的可下载游戏资产包，适合快速验证场景层级与物件可读性。,Kenney 3D CC0 资产包 Platformer Kit,A-可实际使用,Kenney 官方支持页说明资产页游戏资产为 CC0，可用于商业项目且无需署名；应保留单件页和下载包内 license 文件，不得使用 Kenney logo。,https://kenney.nl/media/pages/assets/platformer-kit/12fa6cafde-1775122247/sample.png,3D
K13,角色、生物与居民资产,Cube Pets,Kenney / 官方 3D 资产页,https://kenney.nl/assets/cube-pets,居民原型、职业体系、生物图鉴和行为状态验证,统一风格的可下载游戏资产包，适合快速验证场景层级与物件可读性。,Kenney 3D CC0 资产包 Cube Pets,A-可实际使用,Kenney 官方支持页说明资产页游戏资产为 CC0，可用于商业项目且无需署名；应保留单件页和下载包内 license 文件，不得使用 Kenney logo。,https://kenney.nl/media/pages/assets/cube-pets/c97e02d815-1774520248/preview.png,3D
K14,自然、奇幻地点与生态资产,Modular Dungeon Kit,Kenney / 官方 3D 资产页,https://kenney.nl/assets/modular-dungeon-kit,自然生态、地下空间、冒险地点和奇幻世界原型,统一风格的可下载游戏资产包，适合快速验证场景层级与物件可读性。,Kenney 3D CC0 资产包 Modular Dungeon Kit,A-可实际使用,Kenney 官方支持页说明资产页游戏资产为 CC0，可用于商业项目且无需署名；应保留单件页和下载包内 license 文件，不得使用 Kenney logo。,https://kenney.nl/media/pages/assets/modular-dungeon-kit/fe4b7d1cba-1771926047/sample.png,3D
K15,自然、奇幻地点与生态资产,Pirate Kit,Kenney / 官方 3D 资产页,https://kenney.nl/assets/pirate-kit,自然生态、地下空间、冒险地点和奇幻世界原型,统一风格的可下载游戏资产包，适合快速验证场景层级与物件可读性。,Kenney 3D CC0 资产包 Pirate Kit,A-可实际使用,Kenney 官方支持页说明资产页游戏资产为 CC0，可用于商业项目且无需署名；应保留单件页和下载包内 license 文件，不得使用 Kenney logo。,https://kenney.nl/media/pages/assets/pirate-kit/32cfbe372c-1771333087/sample.png,3D
K16,科幻地点与文明资产,Modular Space Kit,Kenney / 官方 3D 资产页,https://kenney.nl/assets/modular-space-kit,科幻基地、星际文明、装备和世界事件原型,统一风格的可下载游戏资产包，适合快速验证场景层级与物件可读性。,Kenney 3D CC0 资产包 Modular Space Kit,A-可实际使用,Kenney 官方支持页说明资产页游戏资产为 CC0，可用于商业项目且无需署名；应保留单件页和下载包内 license 文件，不得使用 Kenney logo。,https://kenney.nl/media/pages/assets/modular-space-kit/0d6aef3da9-1771146082/sample.png,3D
K17,自然、奇幻地点与生态资产,Graveyard Kit,Kenney / 官方 3D 资产页,https://kenney.nl/assets/graveyard-kit,自然生态、地下空间、冒险地点和奇幻世界原型,统一风格的可下载游戏资产包，适合快速验证场景层级与物件可读性。,Kenney 3D CC0 资产包 Graveyard Kit,A-可实际使用,Kenney 官方支持页说明资产页游戏资产为 CC0，可用于商业项目且无需署名；应保留单件页和下载包内 license 文件，不得使用 Kenney logo。,https://kenney.nl/media/pages/assets/graveyard-kit/9f3be82eb6-1760691801/sample.png,3D
K18,城市、村庄与文明资产,Fantasy Town Kit,Kenney / 官方 3D 资产页,https://kenney.nl/assets/fantasy-town-kit,城市、村庄、交通、商业与工业地点的快速原型,统一风格的可下载游戏资产包，适合快速验证场景层级与物件可读性。,Kenney 3D CC0 资产包 Fantasy Town Kit,A-可实际使用,Kenney 官方支持页说明资产页游戏资产为 CC0，可用于商业项目且无需署名；应保留单件页和下载包内 license 文件，不得使用 Kenney logo。,https://kenney.nl/media/pages/assets/fantasy-town-kit/c13eafebab-1754222363/sample.png,3D
K19,角色、生物与居民资产,Roguelike Characters,Kenney / 官方 2D 资产页,https://kenney.nl/assets/roguelike-characters,居民原型、职业体系、生物图鉴和行为状态验证,统一风格的可下载游戏资产包，适合快速验证场景层级与物件可读性。,Kenney 2D CC0 资产包 Roguelike Characters,A-可实际使用,Kenney 官方支持页说明资产页游戏资产为 CC0，可用于商业项目且无需署名；应保留单件页和下载包内 license 文件，不得使用 Kenney logo。,https://kenney.nl/media/pages/assets/roguelike-characters/da661e4fb3-1677694932/sample.png,2D
K20,科幻地点与文明资产,UI Pack - Sci-Fi,Kenney / 官方 2D 资产页,https://kenney.nl/assets/ui-pack-sci-fi,科幻基地、星际文明、装备和世界事件原型,统一风格的可下载游戏资产包，适合快速验证场景层级与物件可读性。,Kenney 2D CC0 资产包 UI Pack - Sci-Fi,A-可实际使用,Kenney 官方支持页说明资产页游戏资产为 CC0，可用于商业项目且无需署名；应保留单件页和下载包内 license 文件，不得使用 Kenney logo。,https://kenney.nl/media/pages/assets/ui-pack-sci-fi/00227142e5-1724181103/sample.png,2D
K21,2D世界与地图资产,Pixel Platformer Food Expansion,Kenney / 官方 2D 资产页,https://kenney.nl/assets/pixel-platformer-food-expansion,世界地图、像素地点、卡片和低保真体验原型,统一风格的可下载游戏资产包，适合快速验证场景层级与物件可读性。,Kenney 2D CC0 资产包 Pixel Platformer Food Expansion,A-可实际使用,Kenney 官方支持页说明资产页游戏资产为 CC0，可用于商业项目且无需署名；应保留单件页和下载包内 license 文件，不得使用 Kenney logo。,https://kenney.nl/media/pages/assets/pixel-platformer-food-expansion/5180b9af94-1696596505/sample.png,2D
K22,城市、村庄与文明资产,Pixel Platformer Industrial Expansion,Kenney / 官方 2D 资产页,https://kenney.nl/assets/pixel-platformer-industrial-expansion,城市、村庄、交通、商业与工业地点的快速原型,统一风格的可下载游戏资产包，适合快速验证场景层级与物件可读性。,Kenney 2D CC0 资产包 Pixel Platformer Industrial Expansion,A-可实际使用,Kenney 官方支持页说明资产页游戏资产为 CC0，可用于商业项目且无需署名；应保留单件页和下载包内 license 文件，不得使用 Kenney logo。,https://kenney.nl/media/pages/assets/pixel-platformer-industrial-expansion/f2ac43e198-1668793437/sample.png,2D
K23,2D世界与地图资产,Scribble Platformer Expansion,Kenney / 官方 2D 资产页,https://kenney.nl/assets/scribble-platformer-expansion,世界地图、像素地点、卡片和低保真体验原型,统一风格的可下载游戏资产包，适合快速验证场景层级与物件可读性。,Kenney 2D CC0 资产包 Scribble Platformer Expansion,A-可实际使用,Kenney 官方支持页说明资产页游戏资产为 CC0，可用于商业项目且无需署名；应保留单件页和下载包内 license 文件，不得使用 Kenney logo。,https://kenney.nl/media/pages/assets/scribble-platformer-expansion/d99897f3c7-1787574403/sample.png,2D
K24,2D世界与地图资产,New Platformer Pack,Kenney / 官方 2D 资产页,https://kenney.nl/assets/new-platformer-pack,世界地图、像素地点、卡片和低保真体验原型,统一风格的可下载游戏资产包，适合快速验证场景层级与物件可读性。,Kenney 2D CC0 资产包 New Platformer Pack,A-可实际使用,Kenney 官方支持页说明资产页游戏资产为 CC0，可用于商业项目且无需署名；应保留单件页和下载包内 license 文件，不得使用 Kenney logo。,https://kenney.nl/media/pages/assets/new-platformer-pack/85e6d78737-1746559490/sample-a.png,2D
K25,城市、村庄与文明资产,Tiny Town,Kenney / 官方 2D 资产页,https://kenney.nl/assets/tiny-town,城市、村庄、交通、商业与工业地点的快速原型,统一风格的可下载游戏资产包，适合快速验证场景层级与物件可读性。,Kenney 2D CC0 资产包 Tiny Town,A-可实际使用,Kenney 官方支持页说明资产页游戏资产为 CC0，可用于商业项目且无需署名；应保留单件页和下载包内 license 文件，不得使用 Kenney logo。,https://kenney.nl/media/pages/assets/tiny-town/e241a9f6c0-1674742338/sample.png,2D
K26,2D世界与地图资产,Minimap Pack,Kenney / 官方 2D 资产页,https://kenney.nl/assets/minimap-pack,世界地图、像素地点、卡片和低保真体验原型,统一风格的可下载游戏资产包，适合快速验证场景层级与物件可读性。,Kenney 2D CC0 资产包 Minimap Pack,A-可实际使用,Kenney 官方支持页说明资产页游戏资产为 CC0，可用于商业项目且无需署名；应保留单件页和下载包内 license 文件，不得使用 Kenney logo。,https://kenney.nl/media/pages/assets/minimap-pack/a9ddfeb545-1730884731/sample.png,2D
K27,2D世界与地图资产,UI Pack - Pixel Adventure,Kenney / 官方 2D 资产页,https://kenney.nl/assets/ui-pack-pixel-adventure,世界地图、像素地点、卡片和低保真体验原型,统一风格的可下载游戏资产包，适合快速验证场景层级与物件可读性。,Kenney 2D CC0 资产包 UI Pack - Pixel Adventure,A-可实际使用,Kenney 官方支持页说明资产页游戏资产为 CC0，可用于商业项目且无需署名；应保留单件页和下载包内 license 文件，不得使用 Kenney logo。,https://kenney.nl/media/pages/assets/ui-pack-pixel-adventure/07714c9849-1725434429/sample.png,2D
K28,2D世界与地图资产,UI Pack - Adventure,Kenney / 官方 2D 资产页,https://kenney.nl/assets/ui-pack-adventure,世界地图、像素地点、卡片和低保真体验原型,统一风格的可下载游戏资产包，适合快速验证场景层级与物件可读性。,Kenney 2D CC0 资产包 UI Pack - Adventure,A-可实际使用,Kenney 官方支持页说明资产页游戏资产为 CC0，可用于商业项目且无需署名；应保留单件页和下载包内 license 文件，不得使用 Kenney logo。,https://kenney.nl/media/pages/assets/ui-pack-adventure/6ee19514ca-1723597272/sample.png,2D
K29,角色、生物与居民资产,UI Pack (RPG Expansion),Kenney / 官方 UI 资产页,https://kenney.nl/assets/ui-pack-rpg-expansion,居民原型、职业体系、生物图鉴和行为状态验证,统一风格的可下载游戏资产包，适合快速验证场景层级与物件可读性。,Kenney UI CC0 资产包 UI Pack (RPG Expansion),A-可实际使用,Kenney 官方支持页说明资产页游戏资产为 CC0，可用于商业项目且无需署名；应保留单件页和下载包内 license 文件，不得使用 Kenney logo。,https://kenney.nl/media/pages/assets/ui-pack-rpg-expansion/3cbd16d800-1677661820/sample.png,UI
K30,城市、村庄与文明资产,Road Textures,Kenney / 官方 Textures 资产页,https://kenney.nl/assets/road-textures,城市、村庄、交通、商业与工业地点的快速原型,统一风格的可下载游戏资产包，适合快速验证场景层级与物件可读性。,Kenney Textures CC0 资产包 Road Textures,A-可实际使用,Kenney 官方支持页说明资产页游戏资产为 CC0，可用于商业项目且无需署名；应保留单件页和下载包内 license 文件，不得使用 Kenney logo。,https://kenney.nl/media/pages/assets/road-textures/ff59060e3f-1677578345/preview.png,Textures
K31,2D纹理与地图表面,Retro Textures Fantasy,Kenney / 官方 Textures 资产页,https://kenney.nl/assets/retro-textures-fantasy,2D 地图、地块、背景和低成本原型表面,统一风格的可下载游戏资产包，适合快速验证场景层级与物件可读性。,Kenney Textures CC0 资产包 Retro Textures Fantasy,A-可实际使用,Kenney 官方支持页说明资产页游戏资产为 CC0，可用于商业项目且无需署名；应保留单件页和下载包内 license 文件，不得使用 Kenney logo。,https://kenney.nl/media/pages/assets/retro-textures-fantasy/1ac0cad8d6-1768475452/sample.png,Textures
K32,2D纹理与地图表面,Prototype Textures,Kenney / 官方 Textures 资产页,https://kenney.nl/assets/prototype-textures,2D 地图、地块、背景和低成本原型表面,统一风格的可下载游戏资产包，适合快速验证场景层级与物件可读性。,Kenney Textures CC0 资产包 Prototype Textures,A-可实际使用,Kenney 官方支持页说明资产页游戏资产为 CC0，可用于商业项目且无需署名；应保留单件页和下载包内 license 文件，不得使用 Kenney logo。,https://kenney.nl/media/pages/assets/prototype-textures/f2ebc51899-1677578302/sample.png,Textures
K33,2D纹理与地图表面,Pattern Pack Extra,Kenney / 官方 Textures 资产页,https://kenney.nl/assets/pattern-pack-extra,2D 地图、地块、背景和低成本原型表面,统一风格的可下载游戏资产包，适合快速验证场景层级与物件可读性。,Kenney Textures CC0 资产包 Pattern Pack Extra,A-可实际使用,Kenney 官方支持页说明资产页游戏资产为 CC0，可用于商业项目且无需署名；应保留单件页和下载包内 license 文件，不得使用 Kenney logo。,https://kenney.nl/media/pages/assets/pattern-pack-extra/f17ae7862d-1786358091/preview.png,Textures
