object_type,creator_url,identity,timestamp,preconditions,control_label,control_type,input_case,input_value_or_fixture,action,visible_feedback,button_state,normalized_value,persistence_result,recovery_navigation,screenshot_or_video,confidence,status,notes
World,https://worldos.cc/worlds/create,Owner idakellams159,2026-08-25T06:31:03+08:00,Pristine and no cover,Save name,text,whitespace only,"three ASCII spaces",Input only whitespace,No inline error observed; actual input normalized to empty,true,"",Not persisted,not applicable,/home/ubuntu/screenshots/worldos_cc_2026-08-25_06-31-03_9034.webp; /home/ubuntu/console_outputs/exec_result_2026-08-25_06-31-21_120.txt,High,REJECTED,Create world stayed disabled; cover is also missing so this does not isolate all mandatory contributors
World,https://worldos.cc/worlds/create,Owner idakellams159,2026-08-25T06:32:14+08:00,Pristine with whitespace name and no cover,Cover upload,file,wrong MIME,MANUS-P2-upload-test.txt,Submit through the page file input,The selected file field reset to 'no file chosen' while cover region showed a blue loading placeholder; no explicit accept/reject/error text was visible,false,UNKNOWN,UNKNOWN,not applicable,/home/ubuntu/screenshots/worldos_cc_2026-08-25_06-32-14_7065.webp; /home/ubuntu/screenshots/worldos_cc_2026-08-25_06-32-23_7010.webp,Medium,UNKNOWN,Do not infer server acceptance from the transient loader; subsequent valid-PNG test will determine whether cover state reaches a usable final state
World,https://worldos.cc/worlds/create,Owner idakellams159,2026-08-25T06:32:48+08:00,Whitespace name and no prior valid cover,Cover upload,file,valid small PNG,MANUS-P2-upload-test.png,Upload then Apply crop,Visible Crop cover modal opened and Apply produced a persisted red 1x1-derived cover preview,false,cover image URL visible in page markup,In current unsaved creator state,not yet reloaded,/home/ubuntu/screenshots/worldos_cc_2026-08-25_06-32-48_8475.webp; /home/ubuntu/screenshots/worldos_cc_2026-08-25_06-33-00_6411.webp,High,ACCEPTED,Upload path requires a crop-confirmation modal; the file field itself resets after upload
World,https://worldos.cc/worlds/create,Owner idakellams159,2026-08-25T06:33:21+08:00,Valid applied PNG cover; no category required,Save name,text,leading/trailing spaces + Chinese,"  MANUS-P2-CREATOR-WORLD-世界  ",Input valid dedicated name,Visible field rendering removed surrounding spaces and showed MANUS-P2-CREATOR-WORLD-世界,false,visible UI omitted surrounding spaces,Current unsaved creator state,not yet reloaded,/home/ubuntu/screenshots/worldos_cc_2026-08-25_06-33-21_9772.webp; /home/ubuntu/console_outputs/exec_result_2026-08-25_06-33-33_162.txt,Medium,ACCEPTED,Create world became enabled after valid cover + name; console's first-text-input selector did not bind to the rendered name field and is not used as value proof
World,https://worldos.cc/worlds/manus-p2-creator-world-shi-jie-5pfy/edit,Owner idakellams159,2026-08-25T06:34:14+08:00,Valid trimmed name and applied PNG cover,Create world,primary button,valid minimal combination,MANUS-P2-CREATOR-WORLD-世界 + PNG,Click Create world,Save feedback changed to editing route; visible primary action became Publish v2,false,UNCHANGED visible name,Editor draft persisted at direct edit URL,direct reopen pending,/home/ubuntu/screenshots/worldos_cc_2026-08-25_06-34-05_7033.webp; /home/ubuntu/screenshots/worldos_cc_2026-08-25_06-34-14_4472.webp,High,ACCEPTED,Created draft only; designated HANDOFF_TO_TASK2 and not deleted
World,https://worldos.cc/worlds/manus-p2-creator-world-shi-jie-5pfy/edit,Owner idakellams159,2026-08-25T06:34:33+08:00,Existing saved World draft,Tagline,text,Chinese plus emoji,阶段二 自动保存验证 ✨,Input and wait for autosave,Visible feedback changed from 'Saving draft…' to 'Draft saved'; banner stated unpublished changes are visible only to Owner,false,Input still rendered complete Chinese+emoji,Draft saved before reload,reload pending,/home/ubuntu/screenshots/worldos_cc_2026-08-25_06-34-33_7166.webp; /home/ubuntu/screenshots/worldos_cc_2026-08-25_06-34-44_6678.webp,High,ACCEPTED,Strong autosave indicator and private-draft state; publish is a separate action
World,https://worldos.cc/worlds/manus-p2-creator-world-shi-jie-5pfy/edit,Owner idakellams159,2026-08-25T06:35:06+08:00,World draft saved and Tagline focused,Hard reload shortcut,keyboard,Control+Shift+R,Hard reload attempt,Shortcut was rendered as Meta+Shift+R and appended literal 'R' to focused tagline rather than triggering reload; subsequent correction surfaced 'Draft updated elsewhere — click to reload',not applicable,Corrected tagline restored in current form state,Reload not yet independently verified, /home/ubuntu/screenshots/worldos_cc_2026-08-25_06-35-06_1609.webp; /home/ubuntu/screenshots/worldos_cc_2026-08-25_06-35-25_7945.webp,High,UNEXPECTED,Use direct URL navigation as a non-keyboard reload-recovery alternative; this is an automation-key mapping limitation rather than a demonstrated product defect
World,https://worldos.cc/worlds/manus-p2-creator-world-shi-jie-5pfy/edit,Owner idakellams159,2026-08-25T06:35:51+08:00,Previously saved unpublished World draft,Direct reopen,recovery,edit URL reopen,Direct navigate to same edit URL,Visible feedback: 'Draft restored'; name, valid cover and Chinese+emoji Tagline all rendered,false,Values intact,Recovered successfully from direct reopen,direct reopen,/home/ubuntu/screenshots/worldos_cc_2026-08-25_06-35-51_9404.webp,High,PERSISTED,This provides actual autosave/reload-recovery evidence; the preceding keyboard hard-reload simulation did not work as a browser reload
World,https://worldos.cc/worlds/manus-p2-creator-world-shi-jie-5pfy/edit,Owner idakellams159,2026-08-25T06:36:36+08:00,Existing restored draft,Introduction,textarea,newline + Chinese + emoji,"MANUS-P2 Creator validation\n第二行：Unicode 与 emoji ✅",Input multiline text then wait,Edit-area rendering showed two lines and preserved Unicode/emoji; state changed to Draft saved,false,Visual preview retained line break,Autosaved to draft,preview/edit active,/home/ubuntu/screenshots/worldos_cc_2026-08-25_06-36-36_8443.webp; /home/ubuntu/screenshots/worldos_cc_2026-08-25_06-36-46_9129.webp,High,ACCEPTED,No explicit maxlength/counter or validation error appeared at this small valid value
World,https://worldos.cc/worlds/manus-p2-creator-world-shi-jie-5pfy/edit,Owner idakellams159,2026-08-25T06:37:33+08:00,Saved valid unpublished World draft,Publish v2,primary publish button,empty changelog,empty,Open publish dialog,Modal stated Changelog* and showed 0/12000; confirm Publish v2 button was disabled,true,not applicable,No publication occurred,not applicable,/home/ubuntu/screenshots/worldos_cc_2026-08-25_06-37-33_9775.webp; /home/ubuntu/screenshots/worldos_cc_2026-08-25_06-37-44_9879.webp,High,REJECTED,Version title is visually optional; Changelog is mandatory
World,https://worldos.cc/worlds/manus-p2-creator-world-shi-jie-5pfy/edit,Owner idakellams159,2026-08-25T06:38:40+08:00,Publish dialog open with empty required changelog,Changelog,textarea,valid minimal text,MANUS-P2 public discovery timing test.,Coordinate-based normal input attempt,No value was written; DOM still reported empty changelog and confirm button disabled,true,empty,No publication occurred,not applicable,/home/ubuntu/screenshots/worldos_cc_2026-08-25_06-38-40_6521.webp; /home/ubuntu/console_outputs/exec_result_2026-08-25_06-39-02_293.txt,High,UNKNOWN,Failure is an automation coordinate-binding issue; not treated as product-side rejection
World,https://worldos.cc/worlds/manus-p2-creator-world-shi-jie-5pfy/edit,Owner idakellams159,2026-08-25T06:41:21+08:00,Valid named Public World with cover and saved draft,Publish v2,release confirmation,valid changelog,MANUS-P2 public discovery timing test.,Confirmed Publish v2 in normal UI,Modal closed; page showed Saved and toast 'Published. Other languages are being generated; the original language is shown until they are ready.',true,not applicable,Published v2 confirmed on Owner edit page,not applicable,/home/ubuntu/screenshots/worldos_cc_2026-08-25_06-41-12_3085.webp; /home/ubuntu/screenshots/worldos_cc_2026-08-25_06-41-21_2905.webp,High,ACCEPTED,T+0 short-window publication observation begins at visible-success screenshot timestamp; timestamp is browser artifact naming convention
World,https://worldos.cc/worlds/manus-p2-creator-world-shi-jie-5pfy/edit,Owner idakellams159,2026-08-25T06:48:37+08:00,Published v2 World reopened as Owner,Save name,text,rename to unique ASCII MANUS-P2 value,MANUS-P2-IDX-WORLD-RENAMED,Replace existing visible name,Input displayed replacement and editor showed Saving draft…,false,MANUS-P2-IDX-WORLD-RENAMED,Autosave completion pending,not yet reopened,/home/ubuntu/screenshots/worldos_cc_2026-08-25_06-48-37_4557.webp,High,ACCEPTED,This is a draft rename only until Publish v3 completes; no new public timeline starts yet
World,https://worldos.cc/worlds/manus-p2-creator-world-shi-jie-5pfy/edit,Owner idakellams159,2026-08-25T06:48:49+08:00,Renamed World draft shown as Draft saved,Publish v3,release confirmation,empty changelog,empty,Open publish dialog,Publish world update modal showed Version title optional and Changelog* 0/12000; final Publish v3 disabled,true,not applicable,No v3 publication yet,not applicable,/home/ubuntu/screenshots/worldos_cc_2026-08-25_06-48-49_1850.webp; /home/ubuntu/screenshots/worldos_cc_2026-08-25_06-48-59_4839.webp,High,REJECTED,Same mandatory changelog gate observed for rename release
Character,https://worldos.cc/characters?create=1,Owner idakellams159,2026-08-25T14:56:00+08:00,New Character dialog pristine,Character profile,textarea,whitespace only,three ASCII spaces,Input through normal field control,No inline error text appeared; final dialog Create remained visibly disabled,true,UNKNOWN raw field rendering,Not created,not applicable,/home/ubuntu/screenshots/worldos_cc_2026-08-25_06-55-50_978.txt; /home/ubuntu/screenshots/worldos_cc_2026-08-25_06-56-00_8512.webp,High,REJECTED,Product-required profile cannot be satisfied by whitespace; normalization itself was not independently confirmed
Character,https://worldos.cc/characters?create=1,Owner idakellams159,2026-08-25T14:57:02+08:00,New Character dialog with empty Name/Profile,Name + Character profile,text/textarea,valid Unicode multiline,MANUS-P2-CREATOR-CHAR-世界 + multiline profile,Attempted normal multi-field fill using DOM-query global indices,Input tool reported index mismatch (rendered index 145 resolved to BUTTON and 146 to DIV); neither value was written,false,empty,Not created,not applicable,/home/ubuntu/screenshots/worldos_cc_2026-08-25_06-57-02_5502.webp; /home/ubuntu/console_outputs/exec_result_2026-08-25_06-56-38_150.txt,High,UNKNOWN,Automation index namespaces diverged; not interpreted as platform validation outcome. Alternative normal coordinate-targeted entry follows.
Character,https://worldos.cc/characters?create=1,Owner idakellams159,2026-08-25T14:58:23+08:00,New Character dialog with empty fields,Name,text,valid dedicated Unicode name,MANUS-P2-CREATOR-CHAR-世界,Coordinate-targeted normal input at confirmed field center,Name DOM value and rendered field both showed complete test name; profile remained empty so Create stayed unavailable,false,MANUS-P2-CREATOR-CHAR-世界,Not created yet,not applicable,/home/ubuntu/screenshots/worldos_cc_2026-08-25_06-58-09_7125.webp; /home/ubuntu/console_outputs/exec_result_2026-08-25_06-58-23_840.txt,High,ACCEPTED,Name has no visible maxlength; this test is only valid-value verification
Character,https://worldos.cc/characters?create=1,Owner idakellams159,2026-08-25T14:58:52+08:00,New Character dialog with valid dedicated Name,Character profile,textarea,valid multiline Unicode plus emoji,"MANUS-P2 character profile\n中文、English 与 emoji ✅",Coordinate-targeted normal input,Rendered profile retained newline/Chinese/English/emoji and final dialog Create button became enabled,false,Value confirmed by DOM,Ready to create,not yet created,/home/ubuntu/screenshots/worldos_cc_2026-08-25_06-58-45_6590.webp; /home/ubuntu/console_outputs/exec_result_2026-08-25_06-58-52_773.txt,High,ACCEPTED,Final Create button at modal coordinates approximately x803 y889 in full browser viewport
Character,https://worldos.cc/characters?create=1,Owner idakellams159,2026-08-25T14:59:30+08:00,Valid Name and multiline Unicode profile with Create enabled,Create,primary button,valid required-field combination,MANUS-P2-CREATOR-CHAR-世界 + profile,Click final Create in normal UI,Creation dialog closed; form inputs no longer existed in DOM and only global Create remained on directory shell,false,not applicable,Character creation accepted; detail URL discovery pending,not yet opened,/home/ubuntu/screenshots/worldos_cc_2026-08-25_06-59-16_2226.webp; /home/ubuntu/console_outputs/exec_result_2026-08-25_06-59-30_127.txt,High,ACCEPTED,HANDOFF_TO_TASK2 candidate; no paid/private features used
Character,https://worldos.cc/characters?create=1,Owner idakellams159,2026-08-25T14:59:58+08:00,Created MANUS-P2 Character and exact name entered in directory search,Directory search,discovery,retrieval by exact entered title,MANUS-P2-CREATOR-CHAR-世界,Press Enter in normal Character Directory search,Single owner card appeared; English UI rendered visible title as MANUS-P2-CREATOR-CHAR-World and intro as 'MANUS-P2 character profile Chinese, English, and emojis ✅',not applicable,Visible directory presentation transformed Chinese suffix/text into English in this UI locale,Created object discoverable; detail route pending,not yet opened,/home/ubuntu/screenshots/worldos_cc_2026-08-25_06-59-58_5295.webp,High,ACCEPTED,Record as observed locale presentation only; do not judge UGC translation quality
Character,https://worldos.cc/characters?create=1,Owner idakellams159,2026-08-25T15:01:11+08:00,Existing created Character opened in Edit,Public intro,textarea,valid Unicode plus emoji,MANUS-P2 public intro ✓,Input in normal edit form,Field rendered the complete value; final Save character was enabled,false,Value visible in edit field,Unsaved update at capture,save pending,/home/ubuntu/screenshots/worldos_cc_2026-08-25_07-01-04_6460.webp; /home/ubuntu/console_outputs/exec_result_2026-08-25_07-01-11_884.txt,High,ACCEPTED,Save character final button geometry in browser CSS was x≈752 y≈853 w≈114 h≈28
Character,https://worldos.cc/characters?create=1,Owner idakellams159,2026-08-25T15:01:48+08:00,Character edit form with valid Public intro update,Save character,primary button,valid update,MANUS-P2 public intro ✓,Click Save character then wait,Save form closed and filtered directory card updated its public text to MANUS-P2 public intro ✓,false,not applicable,Update persisted into owner directory presentation,reopen pending,/home/ubuntu/screenshots/worldos_cc_2026-08-25_07-01-40_8195.webp; /home/ubuntu/screenshots/worldos_cc_2026-08-25_07-01-48_5025.webp,High,ACCEPTED,Character Creator uses explicit save closure rather than an observed autosave indicator
Character,https://worldos.cc/characters?create=1,Owner idakellams159,2026-08-25T15:02:17+08:00,Previously saved Character update visible in filtered directory,Direct in-app detail reopen then Edit,recovery,save/update recovery,MANUS-P2 public intro ✓,Open card then Edit through normal UI,Detail preview rendered saved public intro; edit form re-populated Name, original Profile including Chinese/English/emoji, and Public intro update,false,All observed values intact,Recovered through directory-card → detail → Edit route chain,in-app reopen,/home/ubuntu/screenshots/worldos_cc_2026-08-25_07-02-09_8028.webp; /home/ubuntu/screenshots/worldos_cc_2026-08-25_07-02-17_9830.webp,High,PERSISTED,Character does not expose a canonical detail URL in the observed modal flow; this is an actual in-app reopen recovery, not direct-URL recovery
App,https://worldos.cc/apps/create,Owner idakellams159,2026-08-25T15:04:23+08:00,Hand-authored minimal HTML plus MANUS-P2 slug/name/configuration,Save draft,primary button,valid static app,"slug=manus-p2-creator-app; name=MANUS-P2-CREATOR-APP-世界; static HTML",Click Save draft in normal UI,Immediately after click header Save draft appeared muted/disabled while fields remained rendered; no URL or success text yet,false,All entered content visibly retained,Draft-save completion pending,reopen pending,/home/ubuntu/screenshots/worldos_cc_2026-08-25_07-04-13_6812.webp; /home/ubuntu/screenshots/worldos_cc_2026-08-25_07-04-23_1860.webp,Medium,UNKNOWN,Next loaded-state observation is required before claiming save success
App,https://worldos.cc/apps/create,Owner idakellams159,2026-08-25T15:04:58+08:00,Studio had visibly reported Draft saved for valid MANUS-P2 static app,Direct reopen,recovery,same create URL,https://worldos.cc/apps/create,Navigate directly to the same normal App Creator route,Route reopened as Untitled app with no HTML and no configured metadata; prior draft did not visibly restore,false,not applicable,No restoration at the generic create route,Direct reopen,/home/ubuntu/screenshots/worldos_cc_2026-08-25_07-04-47_8388.webp; /home/ubuntu/screenshots/worldos_cc_2026-08-25_07-04-58_3707.webp,High,NOT_PERSISTED,The observed Draft saved feedback was real but this generic route was not a recoverable draft URL. Do not infer permanent server loss or claim a product defect without a draft-specific route; canonical draft URL remains UNKNOWN
App,https://worldos.cc/apps/create,Owner idakellams159,2026-08-25T15:05:56+08:00,Second unique MANUS-P2-PUB static App fully configured with hand-authored HTML,Publish,primary button,valid static app,"slug=manus-p2-creator-app-pub; name=MANUS-P2-CREATOR-APP-PUB",Click Publish in normal UI,Immediately after click header Publish appeared muted/disabled while configured fields stayed present; no final success/error/route feedback yet,false,All entered values retained,Publication completion pending,not applicable,/home/ubuntu/screenshots/worldos_cc_2026-08-25_07-05-48_6480.webp; /home/ubuntu/screenshots/worldos_cc_2026-08-25_07-05-56_7508.webp,Medium,UNKNOWN,No App discovery testing will follow even if publication succeeds; App is excluded from Task 2
App,https://worldos.cc/apps/manus-p2-creator-app-pub,Owner idakellams159,2026-08-25T15:06:20+08:00,Valid second MANUS-P2-PUB static app submitted for publication,Publish,primary button,valid static app,MANUS-P2-CREATOR-APP-PUB,Wait for publish completion,Route changed to public detail URL; H1, Owner, Community label, tagline, detail text, HTML live-demo rendering, Edit and Delete controls were visible,false,not applicable,Published public App detail confirmed,public detail route,/home/ubuntu/screenshots/worldos_cc_2026-08-25_07-06-20_8347.webp,High,ACCEPTED,Task 2 explicitly excludes App discovery: no market/search/timeline checks will be performed
App,https://worldos.cc/apps/manus-p2-creator-app-pub,Owner idakellams159,2026-08-25T15:06:31+08:00,Published App detail page,Edit,post-publish lifecycle,normal Edit link,/apps/create?slug=manus-p2-creator-app-pub,Click Edit,Underlying page extraction showed App Studio with the saved App title while outer route still displayed detail shell; navigation stabilization pending,false,not applicable,Edit entry exposed,not yet reopened,/home/ubuntu/screenshots/worldos_cc_2026-08-25_07-06-31_8182.webp,Medium,UNKNOWN,Need a loaded-state observation before claiming edit-route recovery
App,https://worldos.cc/apps/create?slug=manus-p2-creator-app-pub,Owner idakellams159,2026-08-25T15:06:58+08:00,Published static MANUS-P2 App opened through its normal Edit link,Direct reopen,recovery,slug-specific edit URL,https://worldos.cc/apps/create?slug=manus-p2-creator-app-pub,Direct navigate then Configure,Studio title, live preview, slug, Name, tagline, details, instructions, JSON defaults and configured Community state re-rendered from the published App,false,All observed published values intact,Full recovery confirmed via canonical slug-specific edit route,slug-specific edit URL,/home/ubuntu/screenshots/worldos_cc_2026-08-25_07-06-46_1946.webp; /home/ubuntu/screenshots/worldos_cc_2026-08-25_07-06-58_3070.webp,High,PERSISTED,Contrasts with generic /apps/create draft route not restoring an unnamed current draft
