id,主题,标题或描述,来源线索,来源链接,适合用在哪里,可借鉴的视觉特点,风格关键词,权利分级,使用边界,asset_category
KX01,角色、NPC与生物资产,Animated Characters Protagonists,Kenney / 官方 3D 单件资产页,https://kenney.nl/assets/animated-characters-protagonists,居民、NPC、职业角色、生物图鉴和行为状态验证,统一风格、可下载的 2D／3D 游戏资产包；单件页可获取预览与下载文件，适合生产原型及可读性验证。,Kenney 3D CC0 Animated Characters Protagonists,A-可实际使用,Kenney 官方支持页说明资产页游戏资产为 CC0，可用于商业项目且无需署名；应保留单件页及下载包的 license 文件，不得使用 Kenney logo。,3D
KX02,角色、NPC与生物资产,Animated Characters Retro,Kenney / 官方 3D 单件资产页,https://kenney.nl/assets/animated-characters-retro,居民、NPC、职业角色、生物图鉴和行为状态验证,统一风格、可下载的 2D／3D 游戏资产包；单件页可获取预览与下载文件，适合生产原型及可读性验证。,Kenney 3D CC0 Animated Characters Retro,A-可实际使用,Kenney 官方支持页说明资产页游戏资产为 CC0，可用于商业项目且无需署名；应保留单件页及下载包的 license 文件，不得使用 Kenney logo。,3D
KX03,角色、NPC与生物资产,Animated Characters Survivors,Kenney / 官方 3D 单件资产页,https://kenney.nl/assets/animated-characters-survivors,居民、NPC、职业角色、生物图鉴和行为状态验证,统一风格、可下载的 2D／3D 游戏资产包；单件页可获取预览与下载文件，适合生产原型及可读性验证。,Kenney 3D CC0 Animated Characters Survivors,A-可实际使用,Kenney 官方支持页说明资产页游戏资产为 CC0，可用于商业项目且无需署名；应保留单件页及下载包的 license 文件，不得使用 Kenney logo。,3D
KX04,角色、NPC与生物资产,Blocky Characters,Kenney / 官方 3D 单件资产页,https://kenney.nl/assets/blocky-characters,居民、NPC、职业角色、生物图鉴和行为状态验证,统一风格、可下载的 2D／3D 游戏资产包；单件页可获取预览与下载文件，适合生产原型及可读性验证。,Kenney 3D CC0 Blocky Characters,A-可实际使用,Kenney 官方支持页说明资产页游戏资产为 CC0，可用于商业项目且无需署名；应保留单件页及下载包的 license 文件，不得使用 Kenney logo。,3D
KX05,世界环境、建筑与道具资产,City Kit (Suburban),Kenney / 官方 3D 单件资产页,https://kenney.nl/assets/city-kit-suburban,自然环境、建筑、道具、地块和世界地点的快速生产,统一风格、可下载的 2D／3D 游戏资产包；单件页可获取预览与下载文件，适合生产原型及可读性验证。,Kenney 3D CC0 City Kit (Suburban),A-可实际使用,Kenney 官方支持页说明资产页游戏资产为 CC0，可用于商业项目且无需署名；应保留单件页及下载包的 license 文件，不得使用 Kenney logo。,3D
KX06,室内、商店与社区资产,Food Kit,Kenney / 官方 3D 单件资产页,https://kenney.nl/assets/food-kit,家庭、餐厅、商店、公共设施与小型社区的快速 2D／3D 原型,统一风格、可下载的 2D／3D 游戏资产包；单件页可获取预览与下载文件，适合生产原型及可读性验证。,Kenney 3D CC0 Food Kit,A-可实际使用,Kenney 官方支持页说明资产页游戏资产为 CC0，可用于商业项目且无需署名；应保留单件页及下载包的 license 文件，不得使用 Kenney logo。,3D
KX07,室内、商店与社区资产,Furniture Kit,Kenney / 官方 3D 单件资产页,https://kenney.nl/assets/furniture-kit,家庭、餐厅、商店、公共设施与小型社区的快速 2D／3D 原型,统一风格、可下载的 2D／3D 游戏资产包；单件页可获取预览与下载文件，适合生产原型及可读性验证。,Kenney 3D CC0 Furniture Kit,A-可实际使用,Kenney 官方支持页说明资产页游戏资产为 CC0，可用于商业项目且无需署名；应保留单件页及下载包的 license 文件，不得使用 Kenney logo。,3D
KX08,室内、商店与社区资产,Mini Market,Kenney / 官方 3D 单件资产页,https://kenney.nl/assets/mini-market,家庭、餐厅、商店、公共设施与小型社区的快速 2D／3D 原型,统一风格、可下载的 2D／3D 游戏资产包；单件页可获取预览与下载文件，适合生产原型及可读性验证。,Kenney 3D CC0 Mini Market,A-可实际使用,Kenney 官方支持页说明资产页游戏资产为 CC0，可用于商业项目且无需署名；应保留单件页及下载包的 license 文件，不得使用 Kenney logo。,3D
KX09,世界环境、建筑与道具资产,Nature Kit,Kenney / 官方 3D 单件资产页,https://kenney.nl/assets/nature-kit,自然环境、建筑、道具、地块和世界地点的快速生产,统一风格、可下载的 2D／3D 游戏资产包；单件页可获取预览与下载文件，适合生产原型及可读性验证。,Kenney 3D CC0 Nature Kit,A-可实际使用,Kenney 官方支持页说明资产页游戏资产为 CC0，可用于商业项目且无需署名；应保留单件页及下载包的 license 文件，不得使用 Kenney logo。,3D
KX10,科幻地点与文明资产,Space Kit,Kenney / 官方 3D 单件资产页,https://kenney.nl/assets/space-kit,科幻社区、太空地点、科技设备与文明设施原型,统一风格、可下载的 2D／3D 游戏资产包；单件页可获取预览与下载文件，适合生产原型及可读性验证。,Kenney 3D CC0 Space Kit,A-可实际使用,Kenney 官方支持页说明资产页游戏资产为 CC0，可用于商业项目且无需署名；应保留单件页及下载包的 license 文件，不得使用 Kenney logo。,3D
KX11,科幻地点与文明资产,Space Station Kit,Kenney / 官方 3D 单件资产页,https://kenney.nl/assets/space-station-kit,科幻社区、太空地点、科技设备与文明设施原型,统一风格、可下载的 2D／3D 游戏资产包；单件页可获取预览与下载文件，适合生产原型及可读性验证。,Kenney 3D CC0 Space Station Kit,A-可实际使用,Kenney 官方支持页说明资产页游戏资产为 CC0，可用于商业项目且无需署名；应保留单件页及下载包的 license 文件，不得使用 Kenney logo。,3D
KX12,载具、公共交通与城市资产,Toy Car Kit,Kenney / 官方 3D 单件资产页,https://kenney.nl/assets/toy-car-kit,道路、车辆、公共交通、城市生活和文明基础设施原型,统一风格、可下载的 2D／3D 游戏资产包；单件页可获取预览与下载文件，适合生产原型及可读性验证。,Kenney 3D CC0 Toy Car Kit,A-可实际使用,Kenney 官方支持页说明资产页游戏资产为 CC0，可用于商业项目且无需署名；应保留单件页及下载包的 license 文件，不得使用 Kenney logo。,3D
KX13,载具、公共交通与城市资产,Train Kit,Kenney / 官方 3D 单件资产页,https://kenney.nl/assets/train-kit,道路、车辆、公共交通、城市生活和文明基础设施原型,统一风格、可下载的 2D／3D 游戏资产包；单件页可获取预览与下载文件，适合生产原型及可读性验证。,Kenney 3D CC0 Train Kit,A-可实际使用,Kenney 官方支持页说明资产页游戏资产为 CC0，可用于商业项目且无需署名；应保留单件页及下载包的 license 文件，不得使用 Kenney logo。,3D
KX14,世界环境、建筑与道具资产,Watercraft Kit,Kenney / 官方 3D 单件资产页,https://kenney.nl/assets/watercraft-kit,自然环境、建筑、道具、地块和世界地点的快速生产,统一风格、可下载的 2D／3D 游戏资产包；单件页可获取预览与下载文件，适合生产原型及可读性验证。,Kenney 3D CC0 Watercraft Kit,A-可实际使用,Kenney 官方支持页说明资产页游戏资产为 CC0，可用于商业项目且无需署名；应保留单件页及下载包的 license 文件，不得使用 Kenney logo。,3D
KX15,世界环境、建筑与道具资产,Blaster Kit,Kenney / 官方 3D 单件资产页,https://kenney.nl/assets/blaster-kit,自然环境、建筑、道具、地块和世界地点的快速生产,统一风格、可下载的 2D／3D 游戏资产包；单件页可获取预览与下载文件，适合生产原型及可读性验证。,Kenney 3D CC0 Blaster Kit,A-可实际使用,Kenney 官方支持页说明资产页游戏资产为 CC0，可用于商业项目且无需署名；应保留单件页及下载包的 license 文件，不得使用 Kenney logo。,3D
KX16,世界环境、建筑与道具资产,Brick Kit,Kenney / 官方 3D 单件资产页,https://kenney.nl/assets/brick-kit,自然环境、建筑、道具、地块和世界地点的快速生产,统一风格、可下载的 2D／3D 游戏资产包；单件页可获取预览与下载文件，适合生产原型及可读性验证。,Kenney 3D CC0 Brick Kit,A-可实际使用,Kenney 官方支持页说明资产页游戏资产为 CC0，可用于商业项目且无需署名；应保留单件页及下载包的 license 文件，不得使用 Kenney logo。,3D
KX17,UI图标、HUD与地图控件,Board Game Icons,Kenney / 官方 2D 单件资产页,https://kenney.nl/assets/board-game-icons,HUD、地图图标、状态面板、交互按钮与运营界面,统一风格、可下载的 2D／3D 游戏资产包；单件页可获取预览与下载文件，适合生产原型及可读性验证。,Kenney 2D CC0 Board Game Icons,A-可实际使用,Kenney 官方支持页说明资产页游戏资产为 CC0，可用于商业项目且无需署名；应保留单件页及下载包的 license 文件，不得使用 Kenney logo。,2D
KX18,载具、公共交通与城市资产,Cartography Pack,Kenney / 官方 2D 单件资产页,https://kenney.nl/assets/cartography-pack,道路、车辆、公共交通、城市生活和文明基础设施原型,统一风格、可下载的 2D／3D 游戏资产包；单件页可获取预览与下载文件，适合生产原型及可读性验证。,Kenney 2D CC0 Cartography Pack,A-可实际使用,Kenney 官方支持页说明资产页游戏资产为 CC0，可用于商业项目且无需署名；应保留单件页及下载包的 license 文件，不得使用 Kenney logo。,2D
KX19,UI图标、HUD与地图控件,Cursor Pack,Kenney / 官方 2D 单件资产页,https://kenney.nl/assets/cursor-pack,HUD、地图图标、状态面板、交互按钮与运营界面,统一风格、可下载的 2D／3D 游戏资产包；单件页可获取预览与下载文件，适合生产原型及可读性验证。,Kenney 2D CC0 Cursor Pack,A-可实际使用,Kenney 官方支持页说明资产页游戏资产为 CC0，可用于商业项目且无需署名；应保留单件页及下载包的 license 文件，不得使用 Kenney logo。,2D
KX20,UI图标、HUD与地图控件,Cursor Pixel Pack,Kenney / 官方 2D 单件资产页,https://kenney.nl/assets/cursor-pixel-pack,HUD、地图图标、状态面板、交互按钮与运营界面,统一风格、可下载的 2D／3D 游戏资产包；单件页可获取预览与下载文件，适合生产原型及可读性验证。,Kenney 2D CC0 Cursor Pixel Pack,A-可实际使用,Kenney 官方支持页说明资产页游戏资产为 CC0，可用于商业项目且无需署名；应保留单件页及下载包的 license 文件，不得使用 Kenney logo。,2D
KX21,UI图标、HUD与地图控件,Fantasy UI Borders,Kenney / 官方 2D 单件资产页,https://kenney.nl/assets/fantasy-ui-borders,HUD、地图图标、状态面板、交互按钮与运营界面,统一风格、可下载的 2D／3D 游戏资产包；单件页可获取预览与下载文件，适合生产原型及可读性验证。,Kenney 2D CC0 Fantasy UI Borders,A-可实际使用,Kenney 官方支持页说明资产页游戏资产为 CC0，可用于商业项目且无需署名；应保留单件页及下载包的 license 文件，不得使用 Kenney logo。,2D
KX22,UI图标、HUD与地图控件,Monster Builder Pack,Kenney / 官方 2D 单件资产页,https://kenney.nl/assets/monster-builder-pack,HUD、地图图标、状态面板、交互按钮与运营界面,统一风格、可下载的 2D／3D 游戏资产包；单件页可获取预览与下载文件，适合生产原型及可读性验证。,Kenney 2D CC0 Monster Builder Pack,A-可实际使用,Kenney 官方支持页说明资产页游戏资产为 CC0，可用于商业项目且无需署名；应保留单件页及下载包的 license 文件，不得使用 Kenney logo。,2D
KX23,世界环境、建筑与道具资产,Pico-8 City,Kenney / 官方 2D 单件资产页,https://kenney.nl/assets/pico-8-city,自然环境、建筑、道具、地块和世界地点的快速生产,统一风格、可下载的 2D／3D 游戏资产包；单件页可获取预览与下载文件，适合生产原型及可读性验证。,Kenney 2D CC0 Pico-8 City,A-可实际使用,Kenney 官方支持页说明资产页游戏资产为 CC0，可用于商业项目且无需署名；应保留单件页及下载包的 license 文件，不得使用 Kenney logo。,2D
KX24,世界环境、建筑与道具资产,Pixel Platformer Farm Expansion,Kenney / 官方 2D 单件资产页,https://kenney.nl/assets/pixel-platformer-farm-expansion,自然环境、建筑、道具、地块和世界地点的快速生产,统一风格、可下载的 2D／3D 游戏资产包；单件页可获取预览与下载文件，适合生产原型及可读性验证。,Kenney 2D CC0 Pixel Platformer Farm Expansion,A-可实际使用,Kenney 官方支持页说明资产页游戏资产为 CC0，可用于商业项目且无需署名；应保留单件页及下载包的 license 文件，不得使用 Kenney logo。,2D
KX25,载具、公共交通与城市资产,Pixel Vehicle Pack,Kenney / 官方 2D 单件资产页,https://kenney.nl/assets/pixel-vehicle-pack,道路、车辆、公共交通、城市生活和文明基础设施原型,统一风格、可下载的 2D／3D 游戏资产包；单件页可获取预览与下载文件，适合生产原型及可读性验证。,Kenney 2D CC0 Pixel Vehicle Pack,A-可实际使用,Kenney 官方支持页说明资产页游戏资产为 CC0，可用于商业项目且无需署名；应保留单件页及下载包的 license 文件，不得使用 Kenney logo。,2D
KX26,载具、公共交通与城市资产,Playing Cards Pack,Kenney / 官方 2D 单件资产页,https://kenney.nl/assets/playing-cards-pack,道路、车辆、公共交通、城市生活和文明基础设施原型,统一风格、可下载的 2D／3D 游戏资产包；单件页可获取预览与下载文件，适合生产原型及可读性验证。,Kenney 2D CC0 Playing Cards Pack,A-可实际使用,Kenney 官方支持页说明资产页游戏资产为 CC0，可用于商业项目且无需署名；应保留单件页及下载包的 license 文件，不得使用 Kenney logo。,2D
KX27,角色、NPC与生物资产,Shape Characters,Kenney / 官方 2D 单件资产页,https://kenney.nl/assets/shape-characters,居民、NPC、职业角色、生物图鉴和行为状态验证,统一风格、可下载的 2D／3D 游戏资产包；单件页可获取预览与下载文件，适合生产原型及可读性验证。,Kenney 2D CC0 Shape Characters,A-可实际使用,Kenney 官方支持页说明资产页游戏资产为 CC0，可用于商业项目且无需署名；应保留单件页及下载包的 license 文件，不得使用 Kenney logo。,2D
KX28,科幻地点与文明资产,Simple Space,Kenney / 官方 2D 单件资产页,https://kenney.nl/assets/simple-space,科幻社区、太空地点、科技设备与文明设施原型,统一风格、可下载的 2D／3D 游戏资产包；单件页可获取预览与下载文件，适合生产原型及可读性验证。,Kenney 2D CC0 Simple Space,A-可实际使用,Kenney 官方支持页说明资产页游戏资产为 CC0，可用于商业项目且无需署名；应保留单件页及下载包的 license 文件，不得使用 Kenney logo。,2D
KX29,世界环境、建筑与道具资产,Sketch Town,Kenney / 官方 2D 单件资产页,https://kenney.nl/assets/sketch-town,自然环境、建筑、道具、地块和世界地点的快速生产,统一风格、可下载的 2D／3D 游戏资产包；单件页可获取预览与下载文件，适合生产原型及可读性验证。,Kenney 2D CC0 Sketch Town,A-可实际使用,Kenney 官方支持页说明资产页游戏资产为 CC0，可用于商业项目且无需署名；应保留单件页及下载包的 license 文件，不得使用 Kenney logo。,2D
KX30,世界环境、建筑与道具资产,Sketch Town Expansion,Kenney / 官方 2D 单件资产页,https://kenney.nl/assets/sketch-town-expansion,自然环境、建筑、道具、地块和世界地点的快速生产,统一风格、可下载的 2D／3D 游戏资产包；单件页可获取预览与下载文件，适合生产原型及可读性验证。,Kenney 2D CC0 Sketch Town Expansion,A-可实际使用,Kenney 官方支持页说明资产页游戏资产为 CC0，可用于商业项目且无需署名；应保留单件页及下载包的 license 文件，不得使用 Kenney logo。,2D
KX31,世界环境、建筑与道具资产,Tiny Farm,Kenney / 官方 2D 单件资产页,https://kenney.nl/assets/tiny-farm,自然环境、建筑、道具、地块和世界地点的快速生产,统一风格、可下载的 2D／3D 游戏资产包；单件页可获取预览与下载文件，适合生产原型及可读性验证。,Kenney 2D CC0 Tiny Farm,A-可实际使用,Kenney 官方支持页说明资产页游戏资产为 CC0，可用于商业项目且无需署名；应保留单件页及下载包的 license 文件，不得使用 Kenney logo。,2D
KX32,角色、NPC与生物资产,Toon Characters,Kenney / 官方 2D 单件资产页,https://kenney.nl/assets/toon-characters,居民、NPC、职业角色、生物图鉴和行为状态验证,统一风格、可下载的 2D／3D 游戏资产包；单件页可获取预览与下载文件，适合生产原型及可读性验证。,Kenney 2D CC0 Toon Characters,A-可实际使用,Kenney 官方支持页说明资产页游戏资产为 CC0，可用于商业项目且无需署名；应保留单件页及下载包的 license 文件，不得使用 Kenney logo。,2D
KX33,世界环境、建筑与道具资产,Development Essentials,Kenney / 官方 Textures 单件资产页,https://kenney.nl/assets/development-essentials,自然环境、建筑、道具、地块和世界地点的快速生产,统一风格、可下载的 2D／3D 游戏资产包；单件页可获取预览与下载文件，适合生产原型及可读性验证。,Kenney Textures CC0 Development Essentials,A-可实际使用,Kenney 官方支持页说明资产页游戏资产为 CC0，可用于商业项目且无需署名；应保留单件页及下载包的 license 文件，不得使用 Kenney logo。,Textures
KX34,世界环境、建筑与道具资产,Pattern Pack,Kenney / 官方 Textures 单件资产页,https://kenney.nl/assets/pattern-pack,自然环境、建筑、道具、地块和世界地点的快速生产,统一风格、可下载的 2D／3D 游戏资产包；单件页可获取预览与下载文件，适合生产原型及可读性验证。,Kenney Textures CC0 Pattern Pack,A-可实际使用,Kenney 官方支持页说明资产页游戏资产为 CC0，可用于商业项目且无需署名；应保留单件页及下载包的 license 文件，不得使用 Kenney logo。,Textures
KX35,世界环境、建筑与道具资产,Pattern Pack Lines,Kenney / 官方 Textures 单件资产页,https://kenney.nl/assets/pattern-pack-lines,自然环境、建筑、道具、地块和世界地点的快速生产,统一风格、可下载的 2D／3D 游戏资产包；单件页可获取预览与下载文件，适合生产原型及可读性验证。,Kenney Textures CC0 Pattern Pack Lines,A-可实际使用,Kenney 官方支持页说明资产页游戏资产为 CC0，可用于商业项目且无需署名；应保留单件页及下载包的 license 文件，不得使用 Kenney logo。,Textures
KX36,世界环境、建筑与道具资产,Pattern Pack Pixel,Kenney / 官方 Textures 单件资产页,https://kenney.nl/assets/pattern-pack-pixel,自然环境、建筑、道具、地块和世界地点的快速生产,统一风格、可下载的 2D／3D 游戏资产包；单件页可获取预览与下载文件，适合生产原型及可读性验证。,Kenney Textures CC0 Pattern Pack Pixel,A-可实际使用,Kenney 官方支持页说明资产页游戏资产为 CC0，可用于商业项目且无需署名；应保留单件页及下载包的 license 文件，不得使用 Kenney logo。,Textures
