FINAL_HANDOFF.md	3267 bytes
README.md	2183 bytes
archive/brand_naming_research_baseline_superseded.md	7500 bytes
archive/loreloom_page_marked_duplicate.webp	598 bytes
archive/rosebud_page_marked_duplicate.webp	36216 bytes
archive/statecraft_page_marked_duplicate.webp	240570 bytes
archive/worldlabs_page_marked_duplicate.webp	55052 bytes
assets/loreloom_page.webp	598 bytes
assets/rosebud_page.webp	34042 bytes
assets/statecraft_page.webp	233980 bytes
assets/worldlabs_page.webp	52608 bytes
final/brand_naming_exploration_board.md	25816 bytes
logs/check_domains.sh	754 bytes
logs/domain_check_results.txt	3584 bytes
logs/file_inventory_final.tsv	0 bytes
logs/file_inventory_pre_readme.tsv	801 bytes
raw_sources/deepmind_genie3_extracted.md	23956 bytes
raw_sources/rosebud_extracted.md	1019 bytes
raw_sources/statecraft_extracted.md	15497 bytes
raw_sources/worldlabs_extracted.md	2906 bytes
