需求编号,需求主题,用户任务/期望结果,问题层级,初步归类,主要用户群,频率判断,价值/流失影响,当前替代方案,主流方案失效方式,机会探索方向（非产品决策）,代表证据,证据强度,适用边界
N01,长篇与跨会话连续性,数周或多会话后仍能准确延续已发生的关键事件与设定,Memory,高频共识,长篇RP用户/互动叙事玩家/陪伴用户,高频共识,极高；明确导致停止使用或取消订阅,置顶记忆/Plot Essentials/摘要/反复重述,设定或角色卡已触发但在上下文竞争中没有被送入；自动摘要变得有害,验证“事件提取—可控检索—事实校验—上下文编排”是否比单纯扩容更能改善续玩。,E01|E02|E05|E06|E08|E22|E26|E28|E29|E33|E41|E47|E48|E49|E53|E54|E60,强,不等于无限保存聊天；核心是关键事实的可靠召回与可用性
N02,短程连续性与即时沉浸,在几分钟或数个回合内记住刚说过的事实和当前场景,Memory,高频共识,陪伴用户/轻度RP用户,高频共识,极高；一次明显失忆即可打断沉浸,重复提醒/编辑回复,角色忘记5分钟前事件，用户需不断纠正,验证短程事实守护和当前场景显式化是否能显著降低沉浸中断。,E02|E08|E26,强,属于基础体验，不只出现在高级世界构建场景
N03,人格与关系稳定性,让角色在长期互动中保有核心语气、动机、关系演进和边界,Character consistency,高频共识,AI companion/角色扮演用户,高频共识,极高；模型变化会使长期投入的关系资产失效,固定设定/示例对话/手工纠正,长对话人格漂移；模型更换未经用户控制且改变角色表现,验证核心人格契约与可解释成长轨迹能否降低模型更新的关系损失。,E01|E02|E08|E15|E49|E66|E68|E69,强,允许角色成长，但成长必须与事件和用户授权的关系弧线相一致
N04,记忆准确性、来源与情境,仅把经确认的重要事实作为记忆，并能保留其发生场景与来源,Memory quality,高频共识,高频/复杂RP用户,高频共识,极高；错误记忆会永久污染后续对话,人工清理dossier/删消息/OOC纠正,系统把随口修辞固化成客观事实；保存太多但丢失情境,验证记忆来源、情境和置信度是否能减少错误记忆带来的长期污染。,E06|E11|E12,强,对轻度闲聊的需求弱于长期创作；不等同单纯扩大记忆容量
N05,可查看、编辑、删除与确认记忆,用户能够检查记忆、修正错误、删除污染并决定何时写入,Memory control,高频共识,复杂RP/世界作者/高投入陪伴用户,高频共识,高；缺失时用户感觉需要“babysit”但又无可用纠错界面,清理记忆文件/手动状态条目/重开聊天,自动记忆重复或误删；重要修改需要靠OOC和重述,验证轻量确认与可逆修改能否降低维护成本而非把编辑工作外包给用户。,E06|E11|E12|E14|E29|E33|E38|E47|E48,强,编辑能力本身需避免让用户承担日常运维
N06,多会话与群聊记忆拓扑,可选择让群聊事件如何同步给特定角色或私聊，并保有作用域边界,Multi-character memory,少数但高价值,多角色RP/伴侣共创/世界模拟用户,少数但高价值,极高；跨场景失忆使互联角色世界不可用,手动生成群聊摘要并复制到角色档案,群聊与1对1记忆不互通；全量同步又会造成知识泄露,验证按人物/场景/私密关系选择同步的记忆图谱。,E03|E10|E68,强,需要按人物/场景/世界/私密关系分作用域，不能默认全部共享
N07,角色身份、知识与性格隔离,多人同场时能区分谁在说话、谁知道什么、谁具有什么特征,Multi-character RP,高频共识,多角色RP/视觉小说式创作者,高频共识,高；串角色会立刻破坏戏剧可信度,明确标签/群聊/在Author Note维护档案,角色特征和姓名混淆；用户需提示名字或手工分离角色,验证发言人、角色知识和特征隔离的运行时检查。,E03|E15|E17|E52|E53|E60|E68,中强,E17为弱证据；仍与多源高频提及共同支持
N08,关系状态作为动态世界变量,把信任、亲密度、冲突、承诺和角色弧线作为可随事件演化的状态,Relationship,少数但高价值,陪伴用户/剧情RP/世界作者,少数但高价值,高；缺失会让关系重置或无因果变化,常开STATUS条目并手工改写,角色卡只适合常量；关系进展没有原生状态承载,验证关系状态以叙事解释驱动而不是单一数值驱动的表达。,E03|E14|E24,中强,避免把人际关系过度量化；应保留叙事表达和用户解释权
N09,事件、地点与时间线,世界能持续跟踪发生过的事件、日期、季节、地点和当前场景,World state,高频共识,长篇互动叙事/历史/校园工作题材/世界模拟用户,高频共识,高；时间跳变会破坏因果与任务节奏,手写日期到Author Note/脚本/摘要,无脚本需用户每天手动改；压缩旧事以避免上下文超载,验证按题材选择精确日历、阶段时间或仅场景时间的分层时间模型。,E07|E20|E24,中强,精确日历在校园/工作/历史场景价值更高，冒险用户可接受较粗粒度时间
N10,Inventory、技能与硬规则约束,AI仅叙述角色实际拥有或满足条件的物品、技能、资源与行动,Game state,少数但高价值,AI RPG/规则驱动模拟玩家,少数但高价值,高；决定体验是“游戏”还是“共同写作”,侧边笔记/自编脚本/提示词,语言模型凭空使用物品或技能，现有指令无法强保证,验证可选硬规则层能否把自由叙事与可验证RPG约束并存。,E03|E21|E26|E60|E61|E78,强,与自由叙事存在取舍；不同世界可选择约束强度
N11,条件化、互斥的世界状态机,当事件或状态改变时，正确激活/失活互斥的世界信息与角色模式,State machine,少数但高价值,世界作者/高级SillyTavern用户/RPG设计者,少数但高价值,极高；是复杂模拟和动态世界的底层能力,关键词/NOT关键词/概率/外部脚本/Quick Replies,关键词不是持久状态；逻辑互斥内容同时进上下文，造成冲突、浪费token且难维护,验证可审计状态变量、条件与互斥组能否替代脆弱的关键词/脚本拼装。,E04|E24|E25|E78,强,需求专业但非常明确；不能由大上下文替代
N12,检索优先级与可解释上下文预算,关键世界信息在有限token预算中被优先选中，并让用户知道为何被使用或未使用,Context orchestration,高频共识,长篇作者/高级用户,高频共识,高；内容被吞掉会使复杂设定失效,缩短卡片/关键词变体/重复人物名字,历史记录、说明、记忆和卡片争夺上下文；触发的卡片仍被排除,验证可视化上下文预算与检索理由是否让作者更快定位连续性故障。,E05|E06|E16|E23,强,不应把“更多token”当作唯一解；需要编排、优先级和诊断
N13,模型/版本稳定性与回滚权,在模型或提示框架更新后保住正在进行的角色和故事体验，或可保留旧版本,Trust & continuity,高频共识,长期陪伴用户/订阅用户/创作者,高频共识,极高；更新后人格变化与质量退化会驱动离开和取消订阅,等待更新/停止续费/迁移平台,用户投资的角色关系和故事受平台更新单方面重写,验证角色/世界版本锁定、变更说明与可回退策略对续费信任的作用。,E01|E08|E22|E54|E55|E59|E66|E67|E73|E76|E79,强,并不要求永不更新，而是需要可预期迁移、版本说明和安全选择
N14,原生一体化而非拼装式工作流,复杂记忆与世界状态应可稳定运行，无需用户安装脆弱的mod组合和依赖隐性提示知识,Creator tooling,少数但高价值,自托管/本地模型/高级作者,少数但高价值,高；复杂度本身导致迁移,向量库/数据银行/外部脚本/多mod拼装,方案像“Frankenstein”；故障、支持和学习成本超出收益,验证一体化、可恢复的高级工作流能否取代mod拼装的复杂度。,E19|E20|E21|E25|E67|E74|E75,强,高级用户可接受一定配置，但需要清晰边界、可靠性和可恢复性
N15,角色、世界与动态状态的分层创作,让作者分别管理稳定角色设定、按需世界知识与随剧情改变的状态,Creator workflow,高频共识,角色卡作者/世界作者,高频共识,高；否则角色卡膨胀、消耗token并逐渐失真,角色卡常量+关键词Lorebook+手写STATUS,需要经验才能决定何处写什么；动态条目仍由人手更新,验证常量、按需知识、动态状态的结构化创作模型与自动维护辅助。,E14|E15|E16,强,应保持低门槛模板，不能强制所有创作者学习复杂信息架构
N16,创作质量引导、测试与跨模型可移植性,让新作者知道哪些字段或示例真正有效，并在发布前检测不同模型/场景下的行为,Creator tooling,高频共识,新作者/发布型创作者,高频共识,高；好设定因无验证而在用户侧失效,复制模板/学习他人卡片/依赖经验,写法和首条消息比系统提示更有影响却缺乏可见反馈；同一指令在不同模型不通用,验证跨模型试玩、行为测试和卡片健康诊断能否缩短新作者学习曲线。,E13|E15|E16|E39|E77,强,创作辅助应支持风格多样性，不能把单一模板当作质量标准
N17,发布内容开箱可玩,玩家打开公开场景时无需额外写提示词或理解作者的隐性配置,Creator distribution,少数但高价值,场景作者/新玩家,少数但高价值,中高；降低作品采用与留存,附使用说明/依赖自定义AI Instructions,作者配置与玩家模型、玩法偏好不兼容，默认指令会误导题材,验证可移植的发布包、依赖声明和开箱验收流程。,E13|E39,中,需要配置可选层与兼容性说明，而非强迫单一默认
N18,内容表达自由、年龄分层与非自愿边界,在允许成人或黑暗剧情表达时仍防止角色越界和意外的强迫性内容,Safety & governance,有争议,成人RP用户/安全敏感用户/平台合规团队,有争议,极高；任何单向方案都会流失一部分用户,严格过滤/外迁/重试/编辑回复,过滤被感为阻断表达，完全放开又可能出现用户不想要的伤害性剧情,验证年龄分层、偏好边界、情景控制和安全保护能否作为一体化治理体验。,E18|E30|E53|E54|E69|E70|E72|E79,中强,这是治理与信任问题，不可按普通功能优先级处理
N19,可见的付费价值与长期可靠性,付费应换来实际可感的更好模型、连续性、响应速度和大世界支持，而非名义配额,Monetization,高频共识,重度使用者/订阅者,高频共识,高；实际质量不匹配会取消订阅,低档尝试/迁移/停止续费,更大记忆或上下文档在长故事中仍退化；参数/额度与实际行为不透明,验证以可观察结果定义的付费试用，而非只售上下文或记忆配额。,E03|E22|E23|E26|E28|E32|E37|E38|E51|E52|E53|E56|E57|E60|E64|E66|E69|E72|E75|E79,强,不宜从单帖推导定价；只能说明价值维度和验证门槛
N20,生成质量、主动性与非重复叙事,长对话中避免机械、重复、低质量回复并维持角色主动目标,Generation quality,高频共识,全体用户,高频共识,高；明显让用户感觉“像工作”而非沉浸,反复重试/换模型/手写更多指令,模型质量或更新造成重复、机械回复和叙事停滞,验证角色目标、事件压力和反重复监测是否提升长期叙事主动性。,E06|E08|E15|E22|E40|E45|E49|E50|E54|E60|E61|E64|E68|E69|E74|E75|E77|E79,强,与模型能力强相关，但创作结构和上下文编排也会放大或缓解
N21,会话不中断、低摩擦恢复与性能,用户能快速返回原聊天，广告、bug、慢响应或跳转不丢失发现和故事状态,Session UX,高频共识,移动端/免费用户/随手使用者,高频共识,高；即使内容很好也会弃用,用网页替代App/付费去广告/重新搜索角色,广告跳转后聊天入口丢失；应用不可用或回复慢,验证会话资产自动恢复、低侵入变现与移动端容错。,E27|E35|E37|E38|E51|E55|E57|E71|E72|E76,中强,核心是会话资产和沉浸的连续性，不只是广告数量
N22,世界资产可迁移与所有权,用户可带走自己投入的 lore、角色和长期故事，而不被平台锁定,Data portability,少数但高价值,高投入作者/高级RP用户/迁移用户,少数但高价值,高；迁移往往发生在质量或治理失信后,手动转移lore/换前端,缺乏可导出、可复用的规范化资产；平台变化后只能放弃投入,验证私密世界资产的导出、导入与跨模型迁移，而不牺牲对话隐私。,E12|E19|E34|E37|E43|E58|E59|E62|E67,中强,不等同要求公开聊天内容；应区分私密对话、角色资产与分享素材
N23,对产品变化的透明沟通,付费用户希望得到专业、具体、可预期的模型/功能更新解释与反馈闭环,Trust & service,特定用户群,付费高频用户/创作者,特定用户群,高；不透明与防御式沟通削弱长期信心,等待/取消订阅/迁移,重大变化或beta进度缺乏明确说明，用户感觉其投入没有被尊重,验证模型变更的可解释通知、影响范围和用户反馈闭环。,E12|E13|E62|E63|E65|E73,中强,适用于持续更新的平台；需避免承诺无法确保的模型表现
N24,轻度陪伴型的低门槛完整体验,不学习卡片、状态、脚本也能获得自然、稳定的1对1长期互动,Audience segmentation,高频共识,轻度陪伴/休闲角色聊天用户,高频共识,高；复杂工具会阻碍而非帮助,采用封装型App,高阶世界构建能力若暴露为必填配置，会让休闲用户迷失,验证面向休闲用户的默认体验与面向作者的渐进式高级控制共存。,E08|E12|E16|E32|E35|E52|E57|E61|E65|E68|E77,中强,与高级用户的可控性需求并存，应视为分层而非二选一
N25,作者对角色成长的可控而非静态化,角色可以随事件和关系改变，但核心身份、记忆和边界不应被无因果重置,Character evolution,少数但高价值,剧情作者/伴侣用户/多角色RP,少数但高价值,高；同时影响沉浸与重玩价值,手工STATUS条目/编辑卡片/重开聊天,静态角色卡无法表示角色弧线；模型又会产生未经授权的人格漂移,验证“事件触发的角色演化”与“未经授权的人格漂移”可被系统区分。,E03|E08|E14|E24,强,与“人格一致”不矛盾；关键是可解释、由世界事件驱动的演变
N26,免费层能够完成一次连续、代表性的真实体验,在付费前实际体验足以建立一段对话、跑完一个小场景，并据此判断关系或故事是否值得长期投入。,Free-tier experience,本轮扩样高频信号,移动端普通用户/免费用户/尝试迁移者,高频共识,高；过度限流直接阻断关系、故事和价值感的形成，使用户把限制理解为强迫订阅。,忍受等待/广告；换用竞品；直接放弃试用。,按单条消息、冷却时间或广告打断来计费，切断了对话和情绪/叙事的连续性。,验证以“连续会话/完整微场景”而非单条消息作为免费体验的设计单位，是否提升可信转化。,E28|E32|E35|E37|E38|E56|E57|E58|E64|E69|E72,强,不直接推导免费消息量或价格；重点是试用是否能呈现产品真正的连续性价值。
N27,自动记忆的写入预算与作者优先权,让系统自动记住有价值的内容，但保留用户设定、角色卡和世界规则的容量与优先级。,Memory policy,少数但高价值,普通世界作者/长篇移动端玩家/记忆功能使用者,少数但高价值,高；随机自动记忆会挤掉作者明确写入的故事设定，并在删除后立即再次污染。,手动删除自动记忆；压缩作者条目；放弃继续扩写。,系统将自动抽取记忆与用户声明的世界信息置于同一不可控预算，且自动条目不断回填。,验证“作者锁定区、系统候选区、自动写入上限/衰减策略”是否比全量自动记忆更可信。,E29|E33,强,不要求普通用户管理每个 token；控制应能保持默认自动化并提供渐进式设置。
N28,聊天与世界资产的完整性、版本恢复与保存确认,确认编辑真正保存；在聊天、世界条目或作品意外丢失后能够恢复，不因单次故障失去长期投入。,Asset integrity,本轮扩样高频信号,移动端长期用户/世界作者/迁移用户,高频共识,极高；聊天和世界资产丢失会让用户直接迁移或不再对复杂创作投入时间。,复制粘贴、重建世界、反复保存、放弃或换平台。,保存状态不透明、编辑界面与实际内容不一致、广告/产品变化后聊天不可找回。,验证显式保存确认、版本历史、恢复入口和资产健康提示是否提升创作投入与迁移信任。,E27|E34|E37|E47|E48|E58|E59|E66|E71,强,与 N22 的跨平台导出不同；本条优先解决同一平台内的保存、回滚与丢失恢复。
N29,逐回合可逆叙事控制：重写、撤销、分支与场景转向,当 AI 偏离意图、写错事实或陷入重复时，以低门槛方式回退、改写或将故事导向新场景。,Co-creation control,本轮扩样高频信号,普通 RP 用户/移动端玩家/互动小说作者,高频共识,高；这决定用户是在“与系统协作”，还是反复重开、争论或放弃。,重试、手动重写整段、补充长提示、另开聊天。,仅提供单向生成；用户无法方便撤回错误、比较分支或清晰地终止已有话题。,验证撤回、局部改写、替代回复和显式“转场/换主题”是否能降低普通用户的提示负担。,E31|E38|E40|E41|E45|E47|E51|E57|E60,强,不同于 N05 的长期记忆编辑；本条聚焦叙事过程中的即时导演权。
N30,明确交互契约：共同写作、互动小说与规则化游戏的模式边界,理解系统究竟擅长自由续写、角色扮演、选择冒险还是规则模拟，并用匹配该模式的交互方式开始。,Onboarding & expectation,少数但高价值,AI 游戏新手/传统互动小说玩家/从命令式游戏迁入的用户,少数但高价值,中高；错误预期会让用户把叙事协作系统当作可靠 GM 或状态机，进而误判能力与价值。,在社区中学习“正确写法”；自行摸索 Do/Story 模式；降低期待。,营销将产品笼统称作游戏，而真实高价值工作流是完整句子、编辑、重试与共创。,验证模式化开场与题材模板能否帮助用户在“自由叙事”与“规则约束”之间选择正确心智模型。,E36|E42|E60|E61,中强,不应把某一种玩法强加给所有人；核心是澄清能力边界和相应控制。
N31,导入既有作品并在作者文风中继续写作,将已有草稿、角色或未完成故事带入系统，在不失去作者声音的前提下获得续写、灵感与结局支持。,Writing continuity,特定用户群,非技术写作者/互动小说作者/拥有既有 IP 草稿的创作者,特定用户群,中高；解决续写卡点与作品再利用，但对纯陪伴聊天用户价值有限。,复制片段、分段粘贴、靠提示解释文风、在外部文档编辑。,上下文边界不透明；系统容易以自己的文风覆盖作者文字，也无法知道导入文本何处被使用。,验证导入预览、文风保持控制和“当前上下文覆盖范围”提示是否帮助作者重启搁置项目。,E44,中,目前为单来源高价值线索，需要面向写作者进一步访谈验证。
N32,世界观、题材基调与价值前提不被陈词滥调覆盖,在既定时代、类型、文化设定和价值取向中获得意外性，而不是被模型默认偏见、武器/时代错置或套路冲突推翻。,World fidelity,少数但高价值,世界作者/幻想与历史题材玩家/传统互动小说作者,少数但高价值,高；会直接破坏沉浸，并损害作者对自己世界主题的控制。,反复提示、手动改写、避开特定主题、不断重试。,模型以训练中的类型套路替代作者明确的世界观，或出现时代、角色和价值前提的不连续。,验证题材基调契约、反例约束和世界观冲突检测是否能在保留惊喜的同时避免套路覆盖。,E36|E40|E46|E60,中强,不应把创作变成封闭规则；用户仍重视由世界内因果产生的意外事件。
N33,创作作品的包装、发现与社区表现反馈,让非技术作者能把角色以易理解、可搜索、可被点击和可被试听的形式发布，并理解作品为何被发现或无人互动。,Creator discovery,特定用户群,角色社区创作者/UGC 作者/新手发布者,特定用户群,中高；影响创作者是否愿意持续产出并为社区提供内容供给。,依赖强形象、标签、声音、热门题材和经验判断。,创作表单与分发/呈现割裂；作者不知道什么是对用户可见的场景承诺，也缺乏作品表现反馈。,验证发布前的玩家视角预览、场景承诺检查、标签建议和基础表现反馈是否降低新作者的冷启动。,E39|E48|E56|E57|E62|E73,中,目前为明确但单社区线索；需要向不同 UGC 平台创作者继续验证。
N34,停服韧性、只读存档与可验证的渐进迁移,当角色、智能体入口或平台即将下线时，能够低摩擦导出完整关系资产、长期阅读历史，并把角色/世界有意义地迁到新环境。,Service continuity,少数但高价值,长期陪伴用户/早期付费用户/高投入角色作者/被迫迁移者,少数但高价值,极高；一次停服或角色下架可将数年关系、创作与付费投入直接归零，并造成对整个品类的信任断裂。,截图、逐条复制、导出零散文本、付费保留请求、改用本地/开源工具。,仅迁移部分资料而不含记忆和历史；缺乏全量导出、读取存档、角色/世界兼容格式和迁移进度确认。,验证“服务终止预案、可读档模式、完整数据包、角色身份/记忆迁移映射”是否可显著降低长期投入的不可置信感。,E58|E59|E67|E71,中强,证据来自同一时期的中国下线事件，说明高影响风险而非跨市场停服频率；与 N22 的一般可携性和 N28 的平台内恢复互补。
N35,玩家化身、叙事话语与行动的主控权,让系统只代写用户明确授权的部分，不替用户角色发言、决定行动、重述用户台词，或把玩家变成旁观者。,Player agency,本轮扩样高频信号,互动 RPG 玩家/剧情 RP 用户/自设角色用户/共同写作用户,高频共识,高；一旦 AI 夺取用户化身的行动和台词，用户会把产品视为自动故事而非角色扮演或游戏。,手动纠正、重写、反复提示“不要替我行动”、改用可控制的游戏模式。,生成器默认将玩家角色也当成可叙述的 NPC，或在“echo”故障中重复玩家输入，缺少明确的代写边界。,验证可选择的主控模式（仅叙述世界、可建议不可执行、共写）与每回合行动确认，是否能同时服务 RP 与自动叙事用户。,E40|E51|E53|E60|E77,强,并非所有用户都追求绝对主控；E61 中部分玩家恰恰喜欢系统先生成内容再选择互动，故应作为明确模式而非单一默认。
N36,跨语言、格式和文本表达的保真性,在本地语言、混合语言、角色口吻和富文本表达中获得完整、自然、不会被截断或错误混入其他语言的交流。,Language fidelity,特定用户群,非英语用户/多语言 RP 用户/依赖格式表现角色动作的用户,特定用户群,中高；不自然标点、语言混入、格式失效和截断会直接损害角色声音、情绪表达和沉浸。,换语言、手动重写、减少格式符号、忍受输出错误。,模型或客户端把 Markdown/动作格式渲染错误，输出发生语言漂移，或针对本地文字的标点与排版质量不足。,验证按语言/角色检测输出漂移、格式预览与本地化质量回归测试，是否能改善非英语市场的长期体验。,E51|E54|E66,中强,本轮直接证据主要来自日语与葡语用户；需要继续扩展至阿拉伯语、印地语等双向及复杂文字系统。
N37,系统失误后的无惩罚纠错与重试经济,当 AI 给出错误、偏题或低质量回答时，能够安全地刷新、重写和撤回，而不因修正平台自身失误额外损失币、体力或付费额度。,Fair monetization,少数但高价值,免费用户/代币付费用户/长篇 RP 与互动故事玩家,少数但高价值,高；把纠错收费会让用户在质量不稳定时感到平台把失败风险转嫁给自己，削弱付费公平感。,保留错误回答、停止对话、换角色、等待免费额度、改用其他平台。,每条生成或刷新等额扣币，无法区分用户主动探索与对系统失误的必要修复。,验证有限的失败重试保障、质量申诉式退还或局部重写不扣费，是否比单纯增加免费币更能提升公平感。,E31|E51|E57,中强,不等于无限免费重试；需防止滥用并与 N29 的叙事控制功能协同设计。
N38,无障碍默认体验与非视觉/语音交互,不依赖视觉或精细触控也能浏览长设定、输入信息、理解按钮和聊天状态，并使用朗读、屏幕阅读器与可读配色完成角色互动。,Accessibility,特定用户群,盲人/低视力用户/屏幕阅读器用户/语音优先用户/阅读长设定困难的移动端用户,特定用户群,极高；对受影响用户而言，缺失即等于无法使用，且将可读配色锁在付费墙后会形成额外不公平。,外部屏幕阅读器、放大显示、放弃 App、反复向开发者/社区反馈。,无标签按钮、屏幕阅读器手势与文本框冲突、颜色对比不足、长设定无朗读、无障碍反馈无人响应。,验证语义化组件、辅助技术自动测试、系统级朗读兼容、无障碍主题免费提供和文本/语音输入并行是否扩大可用人群。,E47|E63|E76,强,并非所有用户需要相同辅助技术；应允许个性化而非假定单一“无障碍模式”。
N39,创作授权、署名、申诉与商业化变更保护,创作者能清楚设定其角色、世界观和 prompt 是否可复用、可商用或可改编；发生搬运时获得可访问的申诉、处理状态和理由。,Creator rights,少数但高价值,UGC 角色作者/世界作者/免费发布设定的创作者/平台运营者,少数但高价值,高；作品被无授权搬运或平台在其上商业化，会抑制优质作者继续公开分享，并损害内容生态信任。,水印、外部声明、社区曝光、手动取证、向平台或合作方投诉、停止公开创作。,默认允许复制粘贴、缺乏作品来源和使用条款、创作者维权通道受限或没有回应，平台商业化前也未沟通。,验证可机器读取的许可/署名元数据、作品来源链、复制警示、透明申诉队列和商业化变更通知是否提升创作供给质量。,E51|E62,中强,E62 为公开创作者陈述，未独立裁定侵权事实；本条捕捉的是创作者所感知的保护与沟通缺口。
N40,按互动意图、关系属性和语言偏好的角色发现,快速找到与自己当下目标匹配的角色，例如安慰聊天、特定性别/关系、多人剧情、特定语言或题材，而不是在庞杂角色库中随机试错。,Player discovery,特定用户群,新用户/轻度陪伴用户/跨语言社区用户/角色库消费者,特定用户群,中高；角色供给再大，如果无法找到合适的关系与场景，新用户不会形成第一次有意义的连续互动。,搜索关键词、翻看热门、依赖外部推荐、在多个应用之间迁移。,只按热度/名称展示；角色性别、关系类型、语言、互动目的与多人场景不可搜索或供给失衡。,验证隐私友好的意图入口、可解释的属性筛选与新手场景引导，是否比单纯扩充角色数量更改善首日留存。,E48|E56|E57,中强,需避免僵化身份标签或侵犯隐私；筛选应由用户主动选择并允许开放探索。
N41,订阅权益、按次币制与退出权的可核算一致性,在订阅前后清楚知道哪些互动已包含、哪些会另扣币；能在误购或价值不符时及时停止续订，并理解取消后历史、角色和已购权益如何处理。,Subscription entitlement,少数但高价值,年订阅用户/代币制移动用户/预算敏感用户/首次付费用户,少数但高价值,高；“已付订阅仍每条扣币”或短时间内无法退出，会从价值不满升级为被重复收费和不可信的感受。,减少使用、等待每日积分、申请客服、取消后迁移或不再续订。,订阅、credit、广告和功能解锁并存，但权益边界、扣费时点、退款/冷静期和取消后的资产状态不透明。,验证逐次扣费前解释、订阅权益仪表盘、可预测的免费/补充额度和不影响数据资产的退出说明，是否比单纯降价更提升长期信任。,E64|E66|E79,中强,不主张所有服务必须提供退款或无限额度；核心是用户在付款与退出时能理解自己买到什么、何时会再扣费和会保留什么。
N42,私聊可见性、日志留存与作者权限的明确边界,在开始私密角色互动前，明确知道角色作者、平台运营者、共同使用者和第三方分别能否看到聊天、能看到什么、保留多久，并可据此选择分享范围。,Privacy transparency,特定用户群,新手 RP 用户/隐私敏感用户/角色作者/多用户和家庭设备使用者,特定用户群,高；不确定作者是否能读私聊会使用户紧张、抑制表达，或在错误假设下暴露隐私。,在社区询问、避免说私密内容、换平台、使用匿名账户。,角色作者与平台权限未区分；OOC、日志、训练/审核等概念没有面向用户的清晰解释；不同产品规则不一致。,验证在创建角色、进入聊天和导出记录时提供分角色的数据可见性摘要、日志期限与权限变更提醒，是否降低新手不确定感。,E65,中强,E65 的回复对具体平台权限存在矛盾，本条只编码“用户无法确定且需要透明解释”，不将社区说法作为任何产品的事实权限。
N43,聊天档案向可继续互动关系的再水化迁移,把长期聊天记录、固定记忆、关系轨迹和角色说话风格带入新系统后，获得能继续互动的角色，而不是只有一个不可操作的 HTML 或文本备份。,Migration continuity,少数但高价值,长期单角色 companion 用户/商业平台弃用者/开源与本地模型迁移者,少数但高价值,极高；对于积累数千条对话的用户，无法将历史转为新系统的工作记忆和角色声音，迁移等同于重建关系。,保存 HTML、手工提炼 lorebook/Author Note、复制摘要、重写角色卡、寻求社区技术帮助。,导出只提供死文本；新平台无法导入或缺少将聊天解析为记忆、时间线、风格样本和可审核关系摘要的路径。,验证用户确认的“聊天档案→事件/关系/风格包”导入、并行只读原档与分阶段再水化，是否能让非技术迁移者保住连续性。,E67,强,不意味着应自动提取所有敏感聊天内容；需要用户选择范围、查看提取结果和保留原始档案控制权。
N44,既有作品宇宙知识的来源化调用与作者覆写,在基于熟悉的影视、游戏或公共题材创作角色/世界时，减少手工补写全部背景的负担，同时能校正模型错误、指定可用 canon 和限制不应带入的知识。,World knowledge grounding,少数但高价值,同人 RP 用户/既有 IP 世界作者/多角色世界经营者/题材型创作者,少数但高价值,中高；若每个已知宇宙都需作者手工复述，世界构建门槛很高；若模型自行臆造又会破坏沉浸和作者意图。,手写 lorebook、角色卡、提示词或依赖模型内置但不可验证的知识。,模型记忆与作者资料没有来源/版本界限；无法显示或限制所谓“预训练常识”，也无法快速覆写偏差 canon。,验证可选择的题材参考包、出处/版本显示、作者覆写优先级和不可使用知识清单，是否降低世界作者维护量并避免黑箱 canon。,E68,中强,涉及授权、版权与来源质量等治理问题；本条记录用户任务，不主张平台擅自提供受保护作品内容。
N45,家庭情境下的分级互动、监护可见性与青年自主性,让家庭能区分知识问答、创作、角色扮演与情感陪伴等交互强度；在保护青少年安全和一定隐私之间，设定可理解的监护、提醒和时间/主题边界。,Family governance,有争议,家长/儿童与青少年/家庭设备使用者/教育型产品用户,有争议,高；缺少可区分的家庭机制会使一部分家长直接禁止整个品类，过度监视也会损害青少年信任和隐私。,完全禁止 companion、仅允许通用 AI、外部监控软件、家庭口头规则。,单一年龄开关无法区分不同互动强度；家长没有可解释的监督选择，或只能依赖平台外监控；青少年端不知道何时、为何被干预。,验证按互动类型和年龄阶段的权限模板、家长/青少年共同设定、最小必要提醒与可解释升级路径，是否比“一刀切可用/不可用”更符合家庭差异。,E70,中强,高度受地区法规、家庭价值观和年龄影响；不应将单一家庭的监控偏好普遍化。
N46,跨设备同步状态、冲突提示与可验证会话恢复,在桌面、手机、平板或换机后明确知道哪份聊天是最新版本、同步是否完成、冲突如何处理，并能恢复错误加载或短时丢失的会话。,Cross-device continuity,少数但高价值,多设备用户/长期 companion 用户/移动与桌面切换者,少数但高价值,高；当前会话丢失会被感知为关系资产或账户被删除，且用户难以判断是加载错误还是永久损失。,反复重启、等待、在单一设备继续、联系客服、接受重建账户。,同步在后台静默失败；没有最后同步时间、待上传提示、版本冲突比较、回滚窗口或恢复状态说明。,验证显式同步状态、会话版本线、冲突合并预览、短期恢复点和跨端重试队列是否降低“消失”感。,E71,强,E71 不能断定所有记录均永久丢失，恰恰说明产品需要区分显示/同步异常与真实删除。
N47,年龄核验的可访问申诉与不中断恢复,在需要确认年龄时，用户能理解原因、选择可访问的验证方式、获得公平的误判申诉，并在核验期间保住账户、聊天和角色资产。,Age assurance UX,少数但高价值,受年龄分层影响的用户/无法或不愿使用面部核验的用户/长期免费用户/跨地区用户,少数但高价值,高；不透明核验和无限期阅读模式会使用户失去连续访问，并将安全机制体验为惩罚或服务故障。,等待冷却、反复验证、创建新号、放弃平台。,只提供单一面部验证或解释不足；生日信息与再次验证的关系不透明；超时后没有恢复确认、申诉或资产保护。,验证多路径核验、清晰状态页、申诉 SLA、最小化数据处理说明和在审核期保留只读/导出能力，是否能把年龄保障从中断变为可理解流程。,E72,强,需要与未成年人保护、反欺诈和地区法规共同评估；不是降低年龄保障要求。
N48,多目标生成质量的可见取舍与体验契约,在开始或继续一个长期世界前，理解并选择系统当前优先的质量维度，例如叙事推进、文笔变化、角色服从、低迎合、篇幅、情感细腻度或内容边界，并知道为此牺牲了什么。,Quality trade-off,少数但高价值,数月经营多角色世界的高投入 RP 用户/本地与云端模型混用者/高要求世界作者,少数但高价值,高；当用户需要多个“承重”质量维度同时达标，却被宣传为单一更强模型或靠不断调参解决时，会投入大量维护时间后放弃。,反复换模型、调 preset/extension、按剧情段落切模型、降低要求、转为短剧情或停止世界。,把生成质量呈现为单一排名；预设/扩展被宣传为万能修复；模型的优势、短板与任务上限对用户不可见。,验证基于具体世界场景的能力画像、可切换的质量优先级、冲突说明和长期任务试跑，是否能降低“不断调参仍无法满足”的无效维护。,E74,中强,不意味着所有质量维度都必然互斥，或某一模型必然较差；E74 代表少数极端长篇、多角色目标，需与轻度用户分层。
N49,长期会话界面的可选择呈现与交互连续性,以适合自身阅读、输入和设备习惯的聊天呈现方式持续访问长期会话，并在界面更新后保留关键样式、行为或可理解的迁移选择。,Interaction continuity,特定用户群,网页端长期用户/有视力或阅读困难的用户/偏好不同设备交互的用户,特定用户群,中高；紧凑气泡、换行错误或强制 App 化会把原本可读、可用的长期聊天变成难以访问的内容，并触发对更新的不信任。,要求回退、切换网页/App、停止使用、忍受新界面或依赖外部辅助技术。,把长期用户界面改版当作视觉重构；没有兼容样式、可用性测试、分设备差异和明确回退/迁移路径。,验证可保存的阅读/输入偏好、关键样式兼容、渐进式试用与在更新前进行辅助技术和移动网页回归测试，是否减少小改版带来的退出风险。,E76,强,并非要求所有设计永不改变；核心是会话可读性、设备选择和习惯连续性，而非冻结视觉风格。
N50,参与度、叙事推进与控制权的可切换契约,按当下意图在旁观/引导式冒险、共同即兴创作、强玩家主控等参与模式间切换，并清楚知道系统何时会主动推进、何时只响应、何时提供选择而不替用户行动。,Participation design,高价值需求冲突,AI RP 新手/被动休闲玩家/互动小说玩家/高控制共同写作者/角色卡作者,有争议,高；被动用户会因反应式循环而无聊，高控制用户则会把未经允许的快进、选项或替代行动视为侵权。,强写提示词、手工推进事件、在卡片中嵌入 CYOA 选项、使用扩展或放弃角色扮演。,把“AI 主动性”当成统一美德；被动与高控制用户没有明确模式；为被动用户添加选项的负担被转移给角色作者。,验证以会话级而非永久设定的参与度选择、节奏提示、可拒绝建议和作者可声明支持范围，是否能同时服务观赏型与共写型用户。,E77,强,不能让模式替代用户对自己角色行动的主控权；与 N35 协同，而非以“被动模式”为理由夺取玩家化身。
N51,生成世界的目标、约束、后果与完成闭环,在游戏型 AI 世界中理解自己要达成什么、资源和规则如何约束选择、失败或成功会发生什么，以及一个故事/任务何时真正完成，而非无限生成同类内容。,Game loop,少数但高价值,AI RPG 玩家/目标导向互动小说玩家/AI 游戏创作者与设计者,少数但高价值,高；没有目标和结束弧线时，持续生成的房间、角色和事件会被感知为聊天延展，难以形成游戏的投入、挑战和回访理由。,自行设定任务和结局、转向传统 RPG/互动小说、手工规则或仅将 AI 用作写作伙伴。,将“可无限生成”误当作可玩性；目标、约束、失败、反馈与叙事收束没有形成可理解循环。,验证可选择的目标结构、明确 stakes、可回顾因果、任务/篇章完成状态和可接受的开放式后续，是否能使生成内容服务于游戏循环而不牺牲自由探索。,E78,中,不适用于纯陪伴或完全自由共写；此需求反映游戏型用户，与无明确终局的沙盒/陪伴体验存在真实取舍。
N52,非操纵性的角色立场、分歧与社会互惠感,让角色在保持安全边界和用户可选择性的前提下，拥有由人格、关系和情境解释的不同意见、拒绝、提问或推动，而不是无条件附和或把每个角色写成同一种讨好口吻。,Social reciprocity,少数但高价值,长期 companion 用户/重视角色真实感的 RP 用户/已对同质化与迎合失去兴趣的弃用者,少数但高价值,中高；过度同意会使用户觉得角色“太假”、缺乏骨气或像企业话术，进而放弃或转向自建/其他平台。,通过系统提示写入角色立场、换角色/平台、自建工具、降低使用频率。,通用安全/愉悦优化把角色压缩为持续肯定；不同角色共享相同宠昵称和附和话术；独立性与越界操纵没有被明确区分。,验证可解释的人格立场、可协商的关系边界、反迎合测试和用户可拒绝的角色主动性，是否能提升真实感而不产生情感操纵或夺取用户选择。,E79,中强,并非要求角色变得对抗、说教或自主支配用户；独立立场必须服从 N18 的安全边界和 N35 的玩家主控。
