维度,类别,需求条目数
频率判断,少数但高价值,22
频率判断,高频共识,19
频率判断,特定用户群,8
频率判断,有争议,3
问题层级,Creator tooling,2
问题层级,Memory,2
问题层级,Accessibility,1
问题层级,Age assurance UX,1
问题层级,Asset integrity,1
问题层级,Audience segmentation,1
问题层级,Character consistency,1
问题层级,Character evolution,1
问题层级,Co-creation control,1
问题层级,Context orchestration,1
问题层级,Creator discovery,1
问题层级,Creator distribution,1
问题层级,Creator rights,1
问题层级,Creator workflow,1
问题层级,Cross-device continuity,1
问题层级,Data portability,1
问题层级,Fair monetization,1
问题层级,Family governance,1
问题层级,Free-tier experience,1
问题层级,Game loop,1
问题层级,Game state,1
问题层级,Generation quality,1
问题层级,Interaction continuity,1
问题层级,Language fidelity,1
问题层级,Memory control,1
问题层级,Memory policy,1
问题层级,Memory quality,1
问题层级,Migration continuity,1
问题层级,Monetization,1
问题层级,Multi-character RP,1
问题层级,Multi-character memory,1
问题层级,Onboarding & expectation,1
问题层级,Participation design,1
问题层级,Player agency,1
问题层级,Player discovery,1
问题层级,Privacy transparency,1
问题层级,Quality trade-off,1
问题层级,Relationship,1
问题层级,Safety & governance,1
问题层级,Service continuity,1
问题层级,Session UX,1
问题层级,Social reciprocity,1
问题层级,State machine,1
问题层级,Subscription entitlement,1
问题层级,Trust & continuity,1
问题层级,Trust & service,1
问题层级,World fidelity,1
问题层级,World knowledge grounding,1
问题层级,World state,1
问题层级,Writing continuity,1
证据强度,强,27
证据强度,中强,21
证据强度,中,4
