来源编号,平台,社区/产品,标题,日期（页面所示）,来源类型,核心证据主题,URL
S01,Reddit,r/CharacterAI,Has Character.AI improved long-term memory recently?,2026-05（页面显示3mo）,用户帖文与评论,长期记忆/人格漂移/付费意向/多角色状态,https://www.reddit.com/r/CharacterAI/comments/1tcgahu/has_characterai_improved_longterm_memory_recently/
S02,GitHub,SillyTavern,Allow World Info Entries to Support Stateful / Conditional Activation #5193,2026-02至2026-04,功能请求与维护者回应,状态机/互斥Lore/脚本替代,https://github.com/SillyTavern/SillyTavern/issues/5193
S03,Reddit,r/AIDungeon,Dungeon AI's Memory system is Bad,页面显示2y,用户帖文与评论,卡片被忽略/上下文竞争/自动摘要,https://www.reddit.com/r/AIDungeon/comments/1ivhg9n/dungeon_ais_memory_system_is_bad/
S04,Reddit,r/replika,leaving?,页面显示7mo,用户帖文与评论,模型更换/关系稳定/取消续订/沉浸,https://www.reddit.com/r/replika/comments/1qm8jov/leaving/
S05,Reddit,r/NomiAI,NOMI Ai Review - From a Medium-Power User: Not For Me,2026-07（页面显示2mo）,高频用户评测与评论,群聊与私聊记忆隔离/错误记忆/维护负担/迁移,https://www.reddit.com/r/NomiAI/comments/1uhxvcw/nomi_ai_review_from_a_mediumpower_user_not_for_me/
S06,Reddit,r/AIDungeon,published scenarios don't need custom ai instructions,页面显示9mo,创作者讨论,开箱可玩/模型通用性/作者指令,https://www.reddit.com/r/AIDungeon/comments/1pctzg4/published_scenarios_dont_need_custom_ai/
S07,Reddit,r/SillyTavernAI,Card creation: tools best practices recommendations thread,2026-06（页面显示2mo）,创作者讨论,角色卡/世界书/状态条目/模板/多角色标记,https://www.reddit.com/r/SillyTavernAI/comments/1udm4mu/card_creation_tools_best_practices/
S08,Reddit,r/JanitorAI_Official,Need some help with Chat Memory and Multiple Characters,页面显示2y,用户求助,多角色特征混杂（弱证据，内容受限）,https://www.reddit.com/r/JanitorAI_Official/comments/1e33zo2/need_some_help_with_chat_memory_and_multiple/
S09,Reddit,r/CharacterAI,If character ai removes the f!lter I'm leaving.,页面显示2y,用户讨论,内容治理/年龄开关/角色边界,https://www.reddit.com/r/CharacterAI/comments/1id2pq8/if_character_ai_removes_the_flter_im_leaving/
S10,GitHub,SillyTavern,Yo newb here persistent injectable memory Discussion #4055,2025-05至2025-07,用户讨论与维护者回应,可演化记忆/向量存储/拼装mod导致迁移,https://github.com/SillyTavern/SillyTavern/discussions/4055
S11,Reddit,r/AIDungeon,How Do You Get the AI to Keep Track of the Days?,页面显示10mo,用户求助与评论,日历/时间线/脚本和手工补救,https://www.reddit.com/r/AIDungeon/comments/1o70brk/how_do_you_get_the_ai_to_keep_track_of_the_days/
S12,Reddit,r/AIDungeon,Force AI to use only available inventory items or skills?,页面显示2y,用户求助与评论,Inventory/技能硬约束/脚本替代,https://www.reddit.com/r/AIDungeon/comments/1h6yjhh/force_ai_to_use_only_available_inventory_items_or/
S13,Reddit,r/AIDungeon,Are the subscriptions worth it?,页面显示9mo,订阅讨论,付费的连续性与模型质量门槛/取消原因,https://www.reddit.com/r/AIDungeon/comments/1p4wnpm/are_the_subscriptions_worth_it/
S14,Reddit,r/AIDungeon,Anyone paying for better memory or models?,页面显示6mo,订阅讨论,高频用户/大场景/上下文与价格,https://www.reddit.com/r/AIDungeon/comments/1rm9rhb/anyone_paying_for_better_memory_or_models/
S15,Google Play,AI Dungeon,AI Dungeon RPG & Story Maker reviews,2025-06与2026-04（评论日期）,应用商店用户评价,Story Cards上下文/物品遗忘/体验像劳动,https://play.google.com/store/apps/details?id=com.aidungeon&hl=en_US
S16,Google Play,Character AI,Character AI Chat Talk Text reviews,2026-08（页面所示）,应用商店用户评价,广告中断/发现聊天丢失/App稳定性/慢回复,https://play.google.com/store/apps/details?id=ai.character.app&hl=en_US
S17,Google Play,Kindroid,Kindroid: Your Personal AI reviews,页面所示评论；2026-08 访问,应用商店用户评价,免费体验/场景地点连续性/错误记忆不可编辑,https://play.google.com/store/apps/details?id=com.kindroid.app&hl=en_US
S18,Google Play,Talkie,Talkie: Creative AI Community reviews,页面所示评论；2026-08 访问,应用商店用户评价,严肃剧情限制/广告体验/重写回退的正向体验,https://play.google.com/store/apps/details?id=com.weaver.app.prod&hl=en_US
S19,Apple App Store,Kindroid,Kindroid: Your Personal AI ratings & reviews,2024-03-04 评论；2026-08 访问,应用商店用户评价及开发者回复,免费层限流/连续对话/试用可信度,https://apps.apple.com/lb/app/kindroid-your-personal-ai/id6451038161?see-all=reviews&platform=iphone
S20,Apple App Store,AI Dungeon,AI Dungeon: RPG & Story Maker ratings & reviews,2021-08 至 2025-03 评论；2026-08 访问,应用商店用户评价,自动记忆预算/世界资产保存/跨设备问题/自由事件与世界一致性,https://apps.apple.com/us/app/ai-dungeon-rpg-story-maker/id1491268416?see-all=reviews
S21,Google Play,Chai,Chai: Chat AI Platform reviews,页面所示评论；2026-08 访问,应用商店用户评价,广告/聊天记录消失/免费转付费/迁移,https://play.google.com/store/apps/details?id=com.Beauchamp.Messenger.external&hl=en
S22,Google Play,PolyBuzz,PolyBuzz: Chat with AI Friends reviews,页面所示评论；2026-08 访问,应用商店用户评价,广告跳转/回复编辑删除/内容发现/迁移比较,https://play.google.com/store/apps/details?id=ai.socialapps.speakmaster&hl=en_US
S23,Reddit,r/TalkieOfficial,Creating a character,页面显示 2y,新手创作者讨论,角色创建引导/展示图/标签/声音/可发现性,https://www.reddit.com/r/TalkieOfficial/comments/1fk30om/creating_a_character/
S24,Choice of Games Forum,Other Interactive Fiction,Giving AI tools an honest try,2023-02,传统互动小说作者的实测帖,共创写作/事件顺序/叙事声音/意外性与世界观控制,https://forum.choiceofgames.com/t/giving-ai-tools-an-honest-try/131930
S25,Hacker News,公开讨论,Chatbots: Still dumb after all these years — AI Dungeon / NovelAI discussion,2022-01,长期用户与写作者讨论,游戏与写作助手的期望差异/编辑重试工作流/迁移/隐私/导入续写,https://news.ycombinator.com/item?id=29830299
S26,Apple App Store（中国区）,猫箱,猫箱 - 和心动 AI 探索剧情宇宙 - 评分及评论,2024-08 至 2024-12 评论；2026-08 访问,应用商店用户评价,朗读/分支存档/聊天检索/社区交流/长篇设定退化/事件重复,https://apps.apple.com/cn/app/%E7%8C%AB%E7%AE%B1-%E5%92%8C%E5%BF%83%E5%8A%A8-ai-%E6%8E%A2%E7%B4%A2%E5%89%A7%E6%83%85%E5%AE%87%E5%AE%99/id6475000292?see-all=reviews
S27,Apple App Store（日本区）,キャラぷ,キャラぷ - 物語はキミ次第・AIチャット - 評価とレビュー,页面所示评论；2026-08 访问,应用商店用户评价,付费压力/玩家角色主控/手机发热/UGC 版权与举报/订阅与广告选择,https://apps.apple.com/jp/app/%E3%82%AD%E3%83%A3%E3%83%A9%E3%81%B7-%E7%89%A9%E8%AA%9E%E3%81%AF%E3%82%AD%E3%83%9F%E6%AC%A1%E7%AC%AC-ai%E3%83%81%E3%83%A3%E3%83%83%E3%83%88/id6744629457?see-all=reviews&platform=iphone
S28,Apple App Store（日本区）,ティキタ,ティキタ - 想像の誰とでも話せるAIキャラチャット - 評価とレビュー,2026-07 评论；2026-08 访问,应用商店用户评价及开发者回复,AI 新手/多角色场景/关键时刻模型切换/广告支持免费游玩,https://apps.apple.com/jp/app/6754792953?see-all=reviews&platform=iphone
S29,Google Play（巴西葡语）,Character.AI,"Character AI: Chat, Talk, Text reviews",页面所示评论；2026-08 访问,应用商店用户评价,付费质量/echo 故障/过滤/语言混入/格式失效/会话刷新与广告,https://play.google.com/store/apps/details/Character_AI_Chat_Talk_Text?id=ai.character.app&hl=pt
S30,Apple App Store（韩语界面）,AI 스토리,AI 스토리 - AI 캐릭터 채팅 - 평가 및 리뷰,2025-03 至 2026-05 评论；2026-08 访问,应用商店用户评价,虚拟币/角色供给/跨语言翻译/语音与群组创作成本/激励评价偏差,https://apps.apple.com/us/app/ai-%EC%8A%A4%ED%86%A0%EB%A6%AC-ai-%EC%BA%90%EB%A6%AD%ED%84%B0-%EC%B1%84%ED%8C%85/id6740697303?l=ko&see-all=reviews
S31,Apple App Store（韩国区）,케미톡,케미톡 - 매일 새로운 캐릭터와 즐기는 AI채팅 - 평가 및 리뷰,2025-04 至 2026-08 评论；2026-08 访问,应用商店用户评价及开发者回复,轻度用户引导能力/每日奖励/重试扣币/角色属性搜索/更新循环/情感安慰价值,https://apps.apple.com/kr/app/%EC%BC%80%EB%AF%B8%ED%86%A1-%EB%A7%A4%EC%9D%BC-%EC%83%88%EB%A1%9C%EC%9A%B4-%EC%BA%90%EB%A6%AD%ED%84%B0%EC%99%80-%EC%A6%90%EA%B8%B0%EB%8A%94-ai%EC%B1%84%ED%8C%85/id6743068597?see-all=reviews
S32,经济观察报,中国 AI 陪伴行业,你的聊天“搭子”即将下线，AI情感陪伴产品断连倒计时,2026-07-14,新闻报道中的用户引语,智能体下线/历史记忆无法迁移/手工备份负担/替代产品能量与广告/付费保留诉求,https://m.eeo.com.cn/2026/0714/957800.shtml
S33,澎湃新闻·新莓,中国 AI 陪伴行业,AI恋人，集体失联背后,2026-07-14,新闻报道中的用户引语与行业访谈,停服/付费用户维权/角色下架/信任断裂/UGC 资产不可控,https://m.thepaper.cn/newsDetail_forward_33574877
S34,Steam Community,AI Roguelite,How is the game compared to a year ago?,2025-01,回流与订阅玩家讨论,玩家控制/世界信息/规则系统/主线任务/订阅质量/游戏与自动叙事冲突,https://steamcommunity.com/app/1889620/discussions/0/603019218980507586/
S35,Steam Community,AI Roguelite,AI Roguelite player reviews,2022–2024 评论；2026-08 访问,Steam 玩家评价,教程/规则可见性/因果与任务连贯性/结构化选项/混沌生成的正向乐趣,https://steamcommunity.com/app/1889620/reviews/?browsefilter=toprated
S36,Threads,中文 AI 角色创作者社区,AI角色的創作者們的意思是運用他們的app創作角色被拿去其他用途嗎,2026-06-01,创作者权益公开讨论,世界观/设定搬运指控/授权/订阅商业化/防盗与申诉通道,https://www.threads.com/@clcl__lclc/post/DZDHeuhCbal
S37,Reddit,r/CharacterAI,PSA about accessibility in Character.AI,页面显示 1y,辅助技术用户讨论,低视力配色/屏幕阅读器手势/无标签按钮/开发者反馈响应,https://www.reddit.com/r/CharacterAI/comments/1lyqr4y/psa_about_accessibility_in_characterai/
S38,Apple App Store（印度区/印地语界面）,Dream AI Companion,Dream AI Companion - रेटिंग और समीक्षाएँ,2023–2025 评论；2026-08 访问,应用商店用户评价及开发者回复,年订阅仍按消息扣币/每日积分/音频/角色扮演后期无聊,https://apps.apple.com/in/app/dream-ai-companion/id6464687205?l=hi&see-all=reviews
S39,Pantip（泰国）,Character.AI/泰语角色聊天社区,คนสร้าง Ai ใน character ai อ่านแชทเราได้มั้ยคะ TT,2023-07 原帖；回复至 2026-01,泰语公开社区讨论,作者能否读私聊/日志可见性不确定/OOC 规则与新手提示,https://pantip.com/topic/42111319
S40,Google Play（西班牙语/墨西哥界面）,Replika,Replika: Mi Amigo de IA reviews,页面所示评论；2026-08 访问,应用商店用户评价,年订阅取消/换形象丢资产/西语设置/人格稳定/视频宣传落差,https://play.google.com/store/apps/details/Replika_Meu_amigo_IA?id=ai.replika.app&hl=es_MX
S41,Reddit,r/SillyTavernAI,Can I replicate the experience on C.AI through Silly Tavern?,页面显示 8mo,商业平台到开源前端的迁移用户讨论,"9,000 聊天记录导入/角色声音/固定记忆/本地配置和硬件门槛",https://www.reddit.com/r/SillyTavernAI/comments/1q3rmcd/can_i_replicate_the_experience_on_cai_through/
S42,Reddit,r/CharacterAIrunaways,looking for a platform that allows for immersive long-term RPG and LLMs with amazing memory + context,页面显示 5mo,长期多角色世界经营者的迁移需求帖,多角色/秘密作用域/既有影视宇宙知识/可扩展 lorebook/低维护连续性,https://www.reddit.com/r/CharacterAIrunaways/comments/1sbz5qd/looking_for_a_platform_that_allows_for_immersive/
S43,Reddit,r/ChatbotRefugees,I spent a year testing AI companion apps. Here is what actually matters and what is marketing fluff,页面显示 4mo,一年跨产品测试与多平台订阅者讨论,过滤一致性与改写/付费真实价值/多平台订阅/角色漂移,https://www.reddit.com/r/ChatbotRefugees/comments/1ssm7vl/i_spent_a_year_testing_ai_companion_apps_heres/
S44,Reddit,r/parenting_tech,Should I let my kiddo try an AI companion app?,页面显示 9mo,家长与多 companion 用户讨论,禁止 companion 但允许通用问答/外部监护/年龄和主题边界/家庭冲突,https://www.reddit.com/r/parenting_tech/comments/1p34p0n/should_i_let_my_kiddo_try_an_ai_companion_app/
S45,Reddit,r/replika,Has anyone had sudden loss of previous conversation?,页面显示 8mo,跨设备会话丢失与恢复讨论,桌面切手机丢 3 小时/错误加载还是永久丢失/账户删除支持回复/关系资产,https://www.reddit.com/r/replika/comments/1q9itnu/has_anyone_had_sudden_loss_of_previous/
S46,Google Play（阿拉伯语）,Character.AI,"Character AI: Chat, Talk, Text reviews",页面所示评论；2026-08 访问,应用商店用户评价,一年以上免费用户/广告和限额/订阅可负担性/面部年龄核验与阅读模式锁定,https://play.google.com/store/apps/details?id=ai.character.app&hl=ar
S47,Reddit,r/CharacterAI,That is it. I am done.,页面显示 2y,角色创作者与平台改版讨论,零互动作品无法搜索/创作冷启动死锁/旧站停止导致退出,https://www.reddit.com/r/CharacterAI/comments/1f3pam7/thats_it_im_done/
S48,Reddit,r/SillyTavernAI,"The Hard, Honest Truth About Roleplaying With AI (At A Large Level)",页面显示 2mo,数月多角色世界经营者复盘,数千消息 campaign/本地云端混用/叙事质量多目标冲突/调参上限,https://www.reddit.com/r/SillyTavernAI/comments/1uic8va/the_hard_honest_truth_about_roleplaying_with_ai/
S49,Reddit,r/SillyTavernAI,Why do people RP with local models?,页面显示 3mo,本地与云端模型选择讨论,隐私和控制权/云端质量质疑/本地微调反例/80GB VRAM 成本,https://www.reddit.com/r/SillyTavernAI/comments/1tec4lm/why_do_people_rp_with_local_models/
S50,Reddit,r/CharacterAI,Rolling back the recent web UI update,页面显示 2mo,官方公告下的网页端用户反馈,UI 回退/移动网页换行/阅读困难/旧样式选择/网页和 App 差异,https://www.reddit.com/r/CharacterAI/comments/1utal55/rolling_back_the_recent_web_ui_update/
S51,Reddit,r/SillyTavernAI,AI roleplay seems to require a skill - how do you handle passive users?,页面显示 7mo,玩家参与方式与作者负担讨论,被动新手无聊/观赏式参与/CYOA 选项/主控和节奏冲突/作者提示负担,https://www.reddit.com/r/SillyTavernAI/comments/1qyeakp/ai_roleplay_seems_to_require_a_skill_how_do_you/
S52,Reddit,r/aigamedev,"What makes an AI-based game feel like a real game, rather than just an AI chatbot?",页面显示 4d,AI 游戏开发者与用户讨论,目标/无限生成/游戏设计/逻辑与协调/聊天壳反例,https://www.reddit.com/r/aigamedev/comments/1vucqd1/what_makes_an_aibased_game_feel_like_a_real_game/
S53,Reddit,r/aipartners,What’s the main reason you’ve stopped using an AI companion app before?,2026-07-29 原帖与评论,弃用与缩减使用者讨论,模型人格变更/现实伴侣反例/非附和角色/共享额度池/同质化,https://www.reddit.com/r/aipartners/comments/1v9z05h/whats_the_main_reason_youve_stopped_using_an_ai/
